scientific_name,taxon,iucn_class,iucn_category,iucn_score,gen,is_single
Panthera tigris,포유류,MAMMALIA,EN,3,8.5,False
Ursus maritimus,포유류,MAMMALIA,VU,2,12.0,True
Rhinoceros sondaicus,포유류,MAMMALIA,CR,4,12.0,True
Gorilla beringei graueri,포유류,MAMMALIA,CR,4,20.0,True
Phocoena sinus,포유류,MAMMALIA,CR,4,10.0,True
Rhincodon typus,어류,CHONDRICHTHYES,EN,3,40.0,True
Grus japonensis,조류,AVES,VU,2,15.9,True
Raphus cucullatus,조류,AVES,EX,5,3.83,True
Ectopistes migratorius,조류,AVES,EX,5,5.3,True
Antilophia bokermanni,조류,AVES,CR,4,4.4,True
Pseudobulweria aterrima,조류,AVES,CR,4,17.7,True
Dobsonia chapmani,포유류,MAMMALIA,CR,4,6.0,True
Uromys boeadii,포유류,MAMMALIA,CR,4,1.75,True
Acinonyx jubatus venaticus,포유류,MAMMALIA,VU,2,4.9,True
Gymnobelideus leadbeateri,포유류,MAMMALIA,CR,4,6.0,True
Eutrichomyias rowleyi,조류,AVES,CR,4,4.2,True
Acipenser sturio,어류,ACTINOPTERYGII,CR,4,4059.0,False
Pygmaeocereus bylesianus,무척추/식물/기타,MAGNOLIOPSIDA,CR,4,15.0,True
Crocodylus intermedius,파충류,REPTILIA,CR,4,25.0,True
Mammillaria marcosii,무척추/식물/기타,MAGNOLIOPSIDA,CR,4,7.5,False
Gyps africanus,조류,AVES,CR,4,13.22,True
Cuora yunnanensis,파충류,REPTILIA,CR,4,20.0,True
Parodia buiningii,무척추/식물/기타,MAGNOLIOPSIDA,CR,4,10.0,True
Manis javanica,포유류,MAMMALIA,CR,4,7.0,True
Sphyrna corona,어류,CHONDRICHTHYES,CR,4,8.0,True
Cottus petiti,어류,ACTINOPTERYGII,CR,4,1.0,True
Nomascus concolor,포유류,MAMMALIA,CR,4,15.0,True
Lepidochelys kempii,파충류,REPTILIA,CR,4,18.0,True
Alosa alosa,어류,ACTINOPTERYGII,CR,4,7.0,True
Macaca nigra,포유류,MAMMALIA,CR,4,11.0,True
Crocodylus mindorensis,파충류,REPTILIA,CR,4,25.0,True
Cyprinodon diabolis,어류,ACTINOPTERYGII,CR,4,1.0,True
Rhynchobatus djiddensis,어류,CHONDRICHTHYES,CR,4,15.0,True
Cycas collina,무척추/식물/기타,CYCADOPSIDA,CR,4,40.0,True
Aphrastura masafuerae,조류,AVES,CR,4,2.27,True
Heosemys annandalii,파충류,REPTILIA,CR,4,37.0,True
Sarothrura ayresi,조류,AVES,CR,4,3.1,True
Kinixys homeana,파충류,REPTILIA,CR,4,15.0,True
Litoria castanea,양서류,AMPHIBIA,CR,4,4.5,True
Anthochaera phrygia,조류,AVES,CR,4,5.8,True
Mecistops cataphractus,파충류,REPTILIA,CR,4,25.0,True
Otus insularis,조류,AVES,CR,4,2.83,True
Cyclanorbis elegans,파충류,REPTILIA,CR,4,25.0,True
Vanellus gregarius,조류,AVES,CR,4,4.5,True
Nilssonia leithii,파충류,REPTILIA,CR,4,22.5,False
Rhizanthella gardneri,무척추/식물/기타,LILIOPSIDA,CR,4,9.0,True
Mammillaria herrerae,무척추/식물/기타,MAGNOLIOPSIDA,CR,4,7.5,False
Cyornis banyumas,조류,AVES,CR,4,2.62,True
Microcycas calocoma,무척추/식물/기타,CYCADOPSIDA,CR,4,22.5,False
Pangasius sanitwongsei,어류,ACTINOPTERYGII,CR,4,10.0,True
Didunculus strigirostris,조류,AVES,CR,4,5.95,True
Nematogenys inermis,어류,ACTINOPTERYGII,CR,4,4.0,True
Haliotis rufescens,무척추/식물/기타,GASTROPODA,CR,4,14.0,True
Aloe pearsonii,무척추/식물/기타,LILIOPSIDA,CR,4,100.0,True
Aloe leandrii,무척추/식물/기타,LILIOPSIDA,CR,4,10.0,True
Ecnomiohyla rabborum,양서류,AMPHIBIA,CR,4,6.0,True
Abies beshanzuensis,무척추/식물/기타,PINOPSIDA,CR,4,50.0,True
Anoxypristis cuspidata,어류,CHONDRICHTHYES,CR,4,6.0,True
Probarbus jullieni,어류,ACTINOPTERYGII,CR,4,10.0,True
Haptanthus hazlettii,무척추/식물/기타,MAGNOLIOPSIDA,CR,4,10.0,True
Pristis zijsron,어류,CHONDRICHTHYES,CR,4,16.5,True
Eleutherodactylus amadeus,양서류,AMPHIBIA,CR,4,2.5,False
Mexipedium xerophyticum,무척추/식물/기타,LILIOPSIDA,CR,4,7.5,False
Diceros bicornis,포유류,MAMMALIA,CR,4,14.96,True
Calyptura cristata,조류,AVES,CR,4,2.19,True
Nepenthes aristolochioides,무척추/식물/기타,MAGNOLIOPSIDA,CR,4,4.0,False
Pristis clavata,어류,CHONDRICHTHYES,CR,4,21.0,True
Potorous gilbertii,포유류,MAMMALIA,CR,4,3.5,False
Cricetus cricetus,포유류,MAMMALIA,CR,4,1.28,True
Necrosyrtes monachus,조류,AVES,CR,4,13.0,True
Panthera pardus delacouri,포유류,MAMMALIA,VU,2,7.42,True
Hyla heinzsteinitzi,무척추/식물/기타,,LC,0,2.0,True
Bostrychia bocagei,조류,AVES,CR,4,7.1,True
Pseudoryx nghetinhensis,포유류,MAMMALIA,CR,4,7.5,False
Crocodylus siamensis,파충류,REPTILIA,CR,4,25.0,True
Eubalaena glacialis,포유류,MAMMALIA,CR,4,35.7,True
Huso huso,어류,ACTINOPTERYGII,CR,4,3457.2000000000003,False
Propithecus coronatus,포유류,MAMMALIA,CR,4,10.0,True
Alligator sinensis,파충류,REPTILIA,CR,4,25.0,True
Crocodylus rhombifer,파충류,REPTILIA,CR,4,25.0,True
Turbinicarpus gielsdorfianus,무척추/식물/기타,MAGNOLIOPSIDA,CR,4,5.0,True
Heteromirafra archeri,조류,AVES,CR,4,3.24,True
Dendrolagus scottae,포유류,MAMMALIA,CR,4,3650.0,True
Huso dauricus,어류,ACTINOPTERYGII,CR,4,4051.8,False
Addax nasomaculatus,포유류,MAMMALIA,CR,4,7.6,True
Loxodonta cyclotis,포유류,MAMMALIA,CR,4,31.0,True
Spilocuscus rufoniger,포유류,MAMMALIA,CR,4,5.0,True
Panthera tigris amoyensis,포유류,MAMMALIA,EN,3,8.5,False
Bos javanicus,포유류,MAMMALIA,CR,4,7.0,True
Saguinus bicolor,포유류,MAMMALIA,CR,4,6.0,True
Aulonocara baenschi,어류,ACTINOPTERYGII,CR,4,1.0,True
Terenura sicki,조류,AVES,CR,4,2.34,True
Abies yuanbaoshanensis,무척추/식물/기타,PINOPSIDA,CR,4,27.5,False
Indri indri,포유류,MAMMALIA,CR,4,11.0,True
Pithecophaga jefferyi,조류,AVES,CR,4,18.99,True
Spheniscus demersus,조류,AVES,CR,4,10.0,True
Rhinoplax vigil,조류,AVES,CR,4,10.4,True
Dendrolagus pulcherrimus,포유류,MAMMALIA,CR,4,10.0,True
Hypancistrus zebra,어류,ACTINOPTERYGII,CR,4,2.5,True
Panthera tigris sumatrae,포유류,MAMMALIA,EN,3,8.5,False
Pipile pipile,조류,AVES,CR,4,8.5,True
Acropora palmata,무척추/식물/기타,ANTHOZOA,CR,4,10.0,True
Aegotheles savesi,조류,AVES,CR,4,3.48,True
Lepilemur septentrionalis,포유류,MAMMALIA,CR,4,7.0,True
Fraxinus pennsylvanica,무척추/식물/기타,MAGNOLIOPSIDA,CR,4,45.0,False
Nilssonia nigricans,파충류,REPTILIA,CR,4,15.0,True
Gymnogyps californianus,조류,AVES,CR,4,18.57,True
Galaxias tanycephalus,어류,ACTINOPTERYGII,CR,4,2.0,True
Gyps indicus,조류,AVES,CR,4,12.03,True
Haplochromis barbarae,어류,ACTINOPTERYGII,CR,4,1.0,True
Knipowitschia milleri,어류,ACTINOPTERYGII,CR,4,1.0,True
Haplochromis brownae,어류,ACTINOPTERYGII,CR,4,1.0,True
Batagur trivittata,파충류,REPTILIA,CR,4,25.0,True
Crenicichla cyclostoma,어류,ACTINOPTERYGII,CR,4,3.0,True
Batagur dhongoka,파충류,REPTILIA,CR,4,25.0,True
Batagur kachuga,파충류,REPTILIA,CR,4,25.0,True
Hadramphus tuberculatus,무척추/식물/기타,INSECTA,CR,4,1.0,True
Chlamydogobius squamigenus,어류,ACTINOPTERYGII,CR,4,0.5,True
Cuora galbinifrons,파충류,REPTILIA,CR,4,20.0,True
Gorilla beringei,포유류,MAMMALIA,CR,4,20.0,True
Chlamydogobius gloveri,어류,ACTINOPTERYGII,CR,4,0.5,True
Dipodomys gravipes,포유류,MAMMALIA,CR,4,2.26,True
Cyclura pinguis,파충류,REPTILIA,CR,4,22.0,True
Chelodina mccordi,파충류,REPTILIA,CR,4,17.5,False
Tampichthys dichromus,어류,ACTINOPTERYGII,CR,4,2.0,True
Gopherus flavomarginatus,파충류,REPTILIA,CR,4,50.0,False
Acheilognathus elongatus,어류,ACTINOPTERYGII,CR,4,2.0,True
Indolestes boninensis,무척추/식물/기타,INSECTA,CR,4,0.375,False
Anas laysanensis,조류,AVES,CR,4,6.5,True
Gymnocalycium denudatum,무척추/식물/기타,MAGNOLIOPSIDA,EN,3,10.0,True
Micranthocereus auriazureus,무척추/식물/기타,MAGNOLIOPSIDA,EN,3,12.5,False
Xenicus gilviventris,조류,AVES,EN,3,2.66,True
Calocedrus formosana,무척추/식물/기타,PINOPSIDA,EN,3,25.0,True
Amentotaxus formosana,무척추/식물/기타,PINOPSIDA,EN,3,25.0,True
Picea omorika,무척추/식물/기타,PINOPSIDA,EN,3,50.0,True
Cynoscion regalis,어류,ACTINOPTERYGII,EN,3,7.25,True
Pinus palustris,무척추/식물/기타,PINOPSIDA,EN,3,30.0,True
Micranthocereus polyanthus,무척추/식물/기타,MAGNOLIOPSIDA,EN,3,10.0,True
Anthemis glaberrima,무척추/식물/기타,MAGNOLIOPSIDA,EN,3,1.0,True
Astacopsis gouldi,무척추/식물/기타,MALACOSTRACA,EN,3,14.0,True
Parodia magnifica,무척추/식물/기타,MAGNOLIOPSIDA,EN,3,10.0,True
Chamaecyparis formosensis,무척추/식물/기타,PINOPSIDA,EN,3,100.0,True
Conorhynchos conirostris,어류,ACTINOPTERYGII,EN,3,10.0,True
Obregonia denegrii,무척추/식물/기타,MAGNOLIOPSIDA,EN,3,10.0,True
Abies ziyuanensis,무척추/식물/기타,PINOPSIDA,EN,3,32.5,False
Encephalartos horridus,무척추/식물/기타,CYCADOPSIDA,EN,3,200.0,True
Oreophasis derbianus,조류,AVES,EN,3,9.55,True
Pereskia aureiflora,무척추/식물/기타,MAGNOLIOPSIDA,EN,3,20.0,True
Lepilemur milanoii,포유류,MAMMALIA,EN,3,5.0,True
Lates angustifrons,어류,ACTINOPTERYGII,EN,3,6.67,True
Graptemys pearlensis,파충류,REPTILIA,EN,3,17.0,True
Larix mastersiana,무척추/식물/기타,PINOPSIDA,EN,3,30.0,True
Pterocarpus erinaceus,무척추/식물/기타,MAGNOLIOPSIDA,EN,3,50.0,True
Montipora digitata,무척추/식물/기타,ANTHOZOA,EN,3,10.0,True
Accipiter gundlachi,조류,AVES,EN,3,6.02,True
Puya raimondii,무척추/식물/기타,LILIOPSIDA,EN,3,80.0,True
Zosterops flavus,조류,AVES,EN,3,2.4,True
Aulonocara guentheri,어류,ACTINOPTERYGII,EN,3,2.0,True
Echinocactus grusonii,무척추/식물/기타,MAGNOLIOPSIDA,EN,3,10.0,True
Elephas maximus,포유류,MAMMALIA,EN,3,23.5,False
Sequoia sempervirens,무척추/식물/기타,PINOPSIDA,EN,3,1000.0,True
Brachypelma boehmei,무척추/식물/기타,ARACHNIDA,EN,3,7.0,True
Cyclemys oldhamii,파충류,REPTILIA,EN,3,30.0,True
Taxus wallichiana,무척추/식물/기타,PINOPSIDA,EN,3,30.0,True
Sequoiadendron giganteum,무척추/식물/기타,PINOPSIDA,EN,3,100.0,True
Dioon purpusii,무척추/식물/기타,CYCADOPSIDA,EN,3,500.0,True
Garrulax rufifrons,조류,AVES,EN,3,3.9,True
Eucalyptus gunnii,무척추/식물/기타,MAGNOLIOPSIDA,EN,3,70.0,True
Emydoidea blandingii,파충류,REPTILIA,EN,3,2388.0,False
Capoetobrama kuschakewitschi,어류,ACTINOPTERYGII,EN,3,4.5,False
Cuon alpinus,포유류,MAMMALIA,EN,3,5.0,True
Ochotona koslowi,포유류,MAMMALIA,EN,3,1.0,True
Gleditsia caspica,무척추/식물/기타,MAGNOLIOPSIDA,EN,3,20.0,True
Cycas circinalis,무척추/식물/기타,CYCADOPSIDA,EN,3,40.0,True
Berenicornis comatus,조류,AVES,EN,3,19.0,True
Rhyticeros everetti,조류,AVES,EN,3,8.4,True
Procellaria westlandica,조류,AVES,EN,3,30.2,True
Lamiopsis tephrodes,어류,CHONDRICHTHYES,EN,3,6.5,True
Acipenser ruthenus,어류,ACTINOPTERYGII,EN,3,21.8,False
Aratinga solstitialis,조류,AVES,EN,3,6.55,True
Elaeocarpus recurvatus,무척추/식물/기타,MAGNOLIOPSIDA,EN,3,25.0,True
Haplochromis igneopinnis,어류,ACTINOPTERYGII,EN,3,1.0,True
Pavo muticus,조류,AVES,EN,3,6.1,True
Diomedea amsterdamensis,조류,AVES,EN,3,27.2,True
Taphrolesbia griseiventris,조류,AVES,EN,3,2.4,True
Lamiopsis temminckii,어류,CHONDRICHTHYES,EN,3,6.5,True
Oxyura maccoa,조류,AVES,EN,3,5.5,True
Alytes dickhilleni,양서류,AMPHIBIA,EN,3,7.0,True
Oxyura leucocephala,조류,AVES,VU,2,5.5,True
Pterodroma cahow,조류,AVES,EN,3,15.6,True
Penelopides mindorensis,조류,AVES,EN,3,7.75,True
Copsychus sechellarum,조류,AVES,EN,3,4.5,True
Polyplectron malacense,조류,AVES,EN,3,6.9,True
Taoniscus nanus,조류,AVES,EN,3,6.8,True
Mustelus mustelus,어류,CHONDRICHTHYES,EN,3,17.8,True
Ctenosaura oedirhina,파충류,REPTILIA,EN,3,9.0,True
Ctenosaura melanosterna,파충류,REPTILIA,EN,3,8.0,True
Ctenosaura palearis,파충류,REPTILIA,EN,3,6.0,True
Amazona vinacea,조류,AVES,EN,3,12.3,True
Anabarilius polylepis,어류,ACTINOPTERYGII,EN,3,2.0,True
Alburnus albidus,어류,ACTINOPTERYGII,EN,3,3.0,True
Hippocampus whitei,어류,ACTINOPTERYGII,EN,3,1.0,False
Anas bernieri,조류,AVES,EN,3,3.8,True
Salamandrina perspicillata,양서류,AMPHIBIA,EN,3,11.0,False
Parashorea aptera,무척추/식물/기타,MAGNOLIOPSIDA,EN,3,80.0,True
Macadamia tetraphylla,무척추/식물/기타,MAGNOLIOPSIDA,EN,3,100.0,True
Cycloderma frenatum,파충류,REPTILIA,EN,3,17.5,False
Juniperus gracilior,무척추/식물/기타,PINOPSIDA,EN,3,30.0,True
Phalacrocorax featherstoni,조류,AVES,EN,3,8.7,True
Parodia scopa,무척추/식물/기타,MAGNOLIOPSIDA,VU,2,10.0,True
Conolophus pallidus,파충류,REPTILIA,VU,2,17.5,True
Procellaria aequinoctialis,조류,AVES,VU,2,24.7,True
Procellaria conspicillata,조류,AVES,VU,2,25.9,True
Haplochromis welcommei,어류,ACTINOPTERYGII,VU,2,1.0,True
Cobitis calderoni,어류,ACTINOPTERYGII,VU,2,3.0,True
Kinosternon sonoriense,파충류,REPTILIA,VU,2,12.0,True
Sabanejewia romanica,어류,ACTINOPTERYGII,VU,2,3.0,True
Acacia howittii,무척추/식물/기타,MAGNOLIOPSIDA,VU,2,25.0,False
Graptemys flavimaculata,파충류,REPTILIA,VU,2,20.0,True
Eunicella verrucosa,무척추/식물/기타,ANTHOZOA,NT,1,30.0,True
Cupressus sargentii,무척추/식물/기타,PINOPSIDA,VU,2,30.0,True
Tyto aurantia,조류,AVES,VU,2,5.0,True
Hippocampus trimaculatus,어류,ACTINOPTERYGII,EN,3,4.25,False
Pseudochondrostoma polylepis,어류,ACTINOPTERYGII,VU,2,3.0,True
Chlamydotis undulata,조류,AVES,VU,2,6.5,True
Haplochromis thereuterion,어류,ACTINOPTERYGII,VU,2,1.0,True
Abies hidalgensis,무척추/식물/기타,PINOPSIDA,VU,2,40.0,True
Telespiza cantans,조류,AVES,VU,2,4.9,True
Procellaria parkinsoni,조류,AVES,VU,2,34.0,True
Cirrhinus microlepis,어류,ACTINOPTERYGII,VU,2,3.5,False
Seriatopora hystrix,무척추/식물/기타,ANTHOZOA,VU,2,10.0,True
Disocactus phyllanthoides,무척추/식물/기타,MAGNOLIOPSIDA,VU,2,10.0,True
Geothlypis beldingi,조류,AVES,VU,2,2.5,True
Accipiter butleri,조류,AVES,VU,2,5.46,True
Pilgerodendron uviferum,무척추/식물/기타,PINOPSIDA,VU,2,75.0,True
Mila caespitosa,무척추/식물/기타,MAGNOLIOPSIDA,VU,2,15.0,True
Accipiter luteoschistaceus,조류,AVES,VU,2,5.0,True
Pinus greggii,무척추/식물/기타,PINOPSIDA,VU,2,30.0,True
Accipiter henstii,조류,AVES,VU,2,7.9,True
Accipiter brachyurus,조류,AVES,VU,2,4.48,True
Pterospermum reticulatum,무척추/식물/기타,MAGNOLIOPSIDA,LC,0,25.0,True
Pterocarya fraxinifolia,무척추/식물/기타,MAGNOLIOPSIDA,VU,2,25.0,False
Accipiter princeps,조류,AVES,VU,2,5.25,True
Psittrichas fulgidus,조류,AVES,VU,2,9.0,True
Pseudotaxus chienii,무척추/식물/기타,PINOPSIDA,VU,2,30.0,True
Carcharhinus amblyrhynchoides,어류,CHONDRICHTHYES,VU,2,11.0,True
Pomatorhinus montanus,조류,AVES,VU,2,3.03,True
Dipterocarpus alatus,무척추/식물/기타,MAGNOLIOPSIDA,VU,2,100.0,True
Umbrina cirrosa,어류,ACTINOPTERYGII,VU,2,9.5,True
Scyliorhinus stellaris,어류,CHONDRICHTHYES,VU,2,16.0,True
Cupressus chengiana,무척추/식물/기타,PINOPSIDA,VU,2,12.5,False
Sternula nereis,조류,AVES,VU,2,11.0,True
Pangasius krempfi,어류,ACTINOPTERYGII,VU,2,7.0,True
Bagarius bagarius,어류,ACTINOPTERYGII,VU,2,10.0,True
Schizothorax argentatus,어류,ACTINOPTERYGII,VU,2,6.0,True
Cycas armstrongii,무척추/식물/기타,CYCADOPSIDA,VU,2,40.0,True
Schizothorax pseudoaksaiensis,어류,ACTINOPTERYGII,VU,2,8.0,True
Eucalyptus leucoxylon,무척추/식물/기타,MAGNOLIOPSIDA,VU,2,70.0,True
Tacinga braunii,무척추/식물/기타,MAGNOLIOPSIDA,VU,2,10.0,True
Drosera bulbigena,무척추/식물/기타,MAGNOLIOPSIDA,VU,2,3.0,True
Arrojadoa dinae,무척추/식물/기타,MAGNOLIOPSIDA,VU,2,10.0,True
Inga allenii,무척추/식물/기타,MAGNOLIOPSIDA,VU,2,30.0,True
Micranthocereus albicephalus,무척추/식물/기타,MAGNOLIOPSIDA,VU,2,17.5,False
Cedrela odorata,무척추/식물/기타,MAGNOLIOPSIDA,VU,2,33.0,True
Dentex dentex,어류,ACTINOPTERYGII,VU,2,12.0,True
Fouquieria columnaris,무척추/식물/기타,MAGNOLIOPSIDA,VU,2,388.0,True
Hopea odorata,무척추/식물/기타,MAGNOLIOPSIDA,VU,2,100.0,True
Byblis lamellata,무척추/식물/기타,MAGNOLIOPSIDA,VU,2,6.5,False
Coua delalandei,조류,AVES,EX,5,5.13,True
Turdus ravidus,조류,AVES,EX,5,3.38,True
Lophopsittacus mauritianus,조류,AVES,EX,5,4.63,True
Porphyrio caerulescens,조류,AVES,EX,5,3.41,True
Myadestes woahensis,조류,AVES,EX,5,3.1,True
Chlorostilbon elegans,무척추/식물/기타,,EX,5,2.2,True
Chlorostilbon bracei,무척추/식물/기타,,EX,5,2.2,True
Necropsar rodericanus,조류,AVES,EX,5,3.33,True
Cyanoramphus ulietanus,조류,AVES,EX,5,3.62,True
Necropsittacus rodricanus,조류,AVES,EX,5,4.63,True
Xenicus longipes,조류,AVES,EX,5,2.66,True
Dromaius baudinianus,조류,AVES,EX,5,8.65,True
Anas marecula,조류,AVES,EX,5,5.02,True
Melamprosops phaeosoma,조류,AVES,EX,5,5.0,True
Podiceps andinus,조류,AVES,EX,5,5.22,True
Mascarenotus murivorus,조류,AVES,EX,5,3.98,True
Alectroenas nitidissimus,조류,AVES,EX,5,6.6,True
Porphyrio mantelli,조류,AVES,EX,5,3.41,True
Nestor productus,조류,AVES,EX,5,10.61,True
Alloperla roberti,무척추/식물/기타,INSECTA,EX,5,1.0,True
Podilymbus gigas,조류,AVES,EX,5,4.23,True
Furcraea macdougallii,무척추/식물/기타,LILIOPSIDA,EW,5,65.0,False
Allotoca goslinei,어류,ACTINOPTERYGII,EW,5,2.0,True
Skiffia francesae,어류,ACTINOPTERYGII,EW,5,1.0,True
Cryptoblepharus egeriae,파충류,REPTILIA,EW,5,3.5,False
Corvus hawaiiensis,조류,AVES,EW,5,5.97,True
Zenaida graysoni,조류,AVES,EW,5,4.77,True
Cyanopsitta spixii,조류,AVES,EW,5,9.6,True
Encephalartos brevifoliolatus,무척추/식물/기타,CYCADOPSIDA,EW,5,70.0,True
Encephalartos heenanii,무척추/식물/기타,CYCADOPSIDA,EW,5,70.0,True
Mitu mitu,조류,AVES,EW,5,12.5,True
Todiramphus cinnamominus,조류,AVES,EW,5,3.51,True
Ursus thibetanus ussuricus,포유류,MAMMALIA,VU,2,10.0,True
Lutra lutra,포유류,MAMMALIA,NT,1,3.5,False
Nipponia nippon,조류,AVES,EN,3,10.1,True
Ciconia boyciana,조류,AVES,EN,3,16.1,True
Anguilla japonica,어류,ACTINOPTERYGII,EN,3,8.0,True
Panthera tigris altaica,포유류,MAMMALIA,EN,3,8.5,False
Canis lupus coreanus,포유류,MAMMALIA,LC,0,4.5,False
Callicebus caquetensis,무척추/식물/기타,,CR,4,8.0,True
Callicebus oenanthe,무척추/식물/기타,,CR,4,8.0,True
Lagothrix lugens,무척추/식물/기타,,VU,2,14.5,True
Oreonax flavicauda,무척추/식물/기타,,CR,4,16.0,True
Piliocolobus bouvieri,포유류,MAMMALIA,EN,3,9.5,False
Zyzomys palatalis,포유류,MAMMALIA,CR,4,2.0,True
Callicebus modestus,무척추/식물/기타,,EN,3,9.0,True
Lepilemur wrightae,포유류,MAMMALIA,EN,3,4.48,True
Piliocolobus temminckii,무척추/식물/기타,,EN,3,10.0,True
Plagiodontia aedium,포유류,MAMMALIA,LC,0,10.0,True
Rattus vandeuseni,포유류,MAMMALIA,NT,1,1.5,False
Allochrocebus solatus,포유류,MAMMALIA,NT,1,10.0,True
Arvicola sapidus,포유류,MAMMALIA,NT,1,1.8,True
Bison bonasus,포유류,MAMMALIA,NT,1,12.0,True
Cacajao calvus,포유류,MAMMALIA,LC,0,10.0,True
Callicebus medemi,무척추/식물/기타,,VU,2,8.3,True
Callicebus ornatus,무척추/식물/기타,,VU,2,8.0,True
Capra aegagrus,포유류,MAMMALIA,NT,1,7.0,True
Eropeplus canus,포유류,MAMMALIA,LC,0,1.7,True
Haeromys minahassae,포유류,MAMMALIA,NT,1,1.71,True
Hapalomys delacouri,포유류,MAMMALIA,NT,1,1.7,True
Harpyionycteris celebensis,포유류,MAMMALIA,NT,1,5.0,True
Hyosciurus ileile,포유류,MAMMALIA,LC,0,3.8,True
Isoodon auratus,포유류,MAMMALIA,LC,0,1.0,True
Lagorchestes hirsutus,포유류,MAMMALIA,NT,1,3.5,True
Leopardus guigna,포유류,MAMMALIA,LC,0,6.0,True
Margaretamys beccarii,포유류,MAMMALIA,LC,0,1.71,True
Mico leucippe,포유류,MAMMALIA,LC,0,6.0,True
Microcebus lehilahytsara,포유류,MAMMALIA,NT,1,5.6,True
Niviventer cremoriventer,포유류,MAMMALIA,LC,0,1.7,True
Notomys fuscus,포유류,MAMMALIA,NT,1,1.5,True
Nyctimene keasti,포유류,MAMMALIA,NT,1,4.3,True
Pithecia albicans,포유류,MAMMALIA,LC,0,10.0,True
Rousettus bidens,무척추/식물/기타,,VU,2,4.9,True
Rubrisciurus rubriventer,포유류,MAMMALIA,LC,0,3.79,True
Semnopithecus hypoleucos,포유류,MAMMALIA,LC,0,11.0,False
Strigocuscus celebensis,포유류,MAMMALIA,NT,1,5.5,True
Syconycteris carolinae,포유류,MAMMALIA,NT,1,4.3,True
Sylvisorex lunaris,포유류,MAMMALIA,NT,1,1.0,True
Taeromys taerae,포유류,MAMMALIA,LC,0,1.75,False
Thomasomys incanus,포유류,MAMMALIA,LC,0,1.5,False
Thomasomys kalinowskii,포유류,MAMMALIA,LC,0,1.5,False
Antilope cervicapra,포유류,MAMMALIA,LC,0,6.4,True
Aonyx capensis,포유류,MAMMALIA,NT,1,4.4,True
Aonyx congicus,포유류,MAMMALIA,NT,1,6.45,True
Atelocynus microtis,포유류,MAMMALIA,NT,1,4.0,True
Barbastella barbastellus,포유류,MAMMALIA,VU,2,5.0,True
Bassaricyon neblina,포유류,MAMMALIA,NT,1,5.2,True
Bauerus dubiaquercus,포유류,MAMMALIA,NT,1,5.0,True
Bdeogale jacksoni,포유류,MAMMALIA,NT,1,3.0,True
Bettongia gaimardi,포유류,MAMMALIA,NT,1,3.0,True
Bettongia lesueur,포유류,MAMMALIA,NT,1,3.3,True
Bison bison,포유류,MAMMALIA,NT,1,9.0,True
Bunomys penitus,포유류,MAMMALIA,LC,0,1.5,False
Cabassous chacoensis,포유류,MAMMALIA,NT,1,5.0,True
Caenolestes caniventer,포유류,MAMMALIA,NT,1,3.0,True
Callicebus nigrifrons,포유류,MAMMALIA,NT,1,8.0,True
Callosciurus adamsi,포유류,MAMMALIA,NT,1,4.3,True
Callosciurus quinquestriatus,포유류,MAMMALIA,LC,0,4.3,True
Capra cylindricornis,포유류,MAMMALIA,NT,1,7.0,True
Cebus cuscinus,포유류,MAMMALIA,NT,1,16.0,True
Cephalophus dorsalis,포유류,MAMMALIA,NT,1,5.0,True
Cephalophus leucogaster,포유류,MAMMALIA,NT,1,4.6,True
Cephalophus silvicultor,포유류,MAMMALIA,NT,1,6.3,True
Chacodelphys formosa,포유류,MAMMALIA,NT,1,1.7,True
Chalinolobus picatus,포유류,MAMMALIA,NT,1,5.6,True
Chodsigoa smithii,포유류,MAMMALIA,NT,1,1.0,True
Chrysocyon brachyurus,포유류,MAMMALIA,NT,1,5.0,True
Corynorhinus mexicanus,포유류,MAMMALIA,NT,1,3.3,False
Crocidura grandiceps,포유류,MAMMALIA,LC,0,1.0,True
Crocidura nimbae,포유류,MAMMALIA,NT,1,1.2,True
Dasycercus cristicauda,포유류,MAMMALIA,EX,5,2.0,True
Dasypus sabanicola,포유류,MAMMALIA,NT,1,4.0,True
Dasyurus geoffroii,포유류,MAMMALIA,NT,1,2.0,True
Dasyurus maculatus,포유류,MAMMALIA,NT,1,2.5,True
Delphinapterus leucas,포유류,MAMMALIA,VU,2,28.0,True
Dendrolagus lumholtzi,포유류,MAMMALIA,NT,1,8.0,True
Dobsonia pannietensis,포유류,MAMMALIA,NT,1,5.8,True
Dorcopsulus vanheurni,포유류,MAMMALIA,NT,1,5.0,True
Dromiciops gliroides,포유류,MAMMALIA,NT,1,3.0,True
Dyacopterus spadiceus,포유류,MAMMALIA,NT,1,5.0,True
Ectophylla alba,포유류,MAMMALIA,NT,1,6.0,True
Eidolon helvum,포유류,MAMMALIA,NT,1,5.0,True
Elaphodus cephalophus,포유류,MAMMALIA,NT,1,7.0,True
Eothenomys wardi,포유류,MAMMALIA,NT,1,1.6,True
Eudorcas thomsonii,포유류,MAMMALIA,LC,0,4.2,True
Falsistrellus mackenziei,포유류,MAMMALIA,NT,1,7.0,True
Genetta johnstoni,포유류,MAMMALIA,NT,1,4.0,True
Genetta piscivora,포유류,MAMMALIA,NT,1,4.0,True
Hemigalus derbyanus,포유류,MAMMALIA,NT,1,5.0,True
Hemitragus jemlahicus,포유류,MAMMALIA,NT,1,7.0,True
Hipposideros commersoni,무척추/식물/기타,,NT,1,5.0,True
Hipposideros jonesi,포유류,MAMMALIA,NT,1,5.0,True
Hipposideros lekaguli,포유류,MAMMALIA,NT,1,5.0,True
Hipposideros pelingensis,포유류,MAMMALIA,NT,1,5.0,True
Histiotus laephotis,포유류,MAMMALIA,LC,0,3.0,True
Hyaena hyaena,포유류,MAMMALIA,NT,1,6.0,True
Hydrictis maculicollis,포유류,MAMMALIA,NT,1,7.5,True
Kerivoula intermedia,포유류,MAMMALIA,NT,1,5.0,True
Kerivoula minuta,포유류,MAMMALIA,NT,1,5.0,True
Kerivoula pellucida,포유류,MAMMALIA,NT,1,5.0,True
Kobus vardonii,포유류,MAMMALIA,NT,1,6.4,True
Lasiorhinus latifrons,포유류,MAMMALIA,LC,0,10.5,False
Lasiurus pfeifferi,포유류,MAMMALIA,NT,1,5.0,True
Leopardus colocolo,포유류,MAMMALIA,NT,1,7.0,True
Leopardus wiedii,포유류,MAMMALIA,NT,1,6.0,True
Leporillus conditor,포유류,MAMMALIA,NT,1,2.0,True
Leptonycteris yerbabuenae,포유류,MAMMALIA,NT,1,5.5,False
Litocranius walleri,포유류,MAMMALIA,NT,1,4.6,True
Lonchophylla hesperia,포유류,MAMMALIA,NT,1,6.0,True
Lontra longicaudis,포유류,MAMMALIA,NT,1,9.43,True
Lophostoma occidentalis,포유류,MAMMALIA,NT,1,5.6,True
Lycalopex sechurae,포유류,MAMMALIA,NT,1,3.0,True
Macaca assamensis,포유류,MAMMALIA,NT,1,11.0,False
Macaca thibetana,포유류,MAMMALIA,NT,1,11.0,False
Mastacomys fuscus,포유류,MAMMALIA,NT,1,1.5,False
Mesocricetus brandti,포유류,MAMMALIA,NT,1,1.25,False
Microtus quasiater,포유류,MAMMALIA,NT,1,1.0,True
Monodon monoceros,포유류,MAMMALIA,VU,2,30.0,True
Mops mops,포유류,MAMMALIA,NT,1,3.9,True
Mops petersoni,포유류,MAMMALIA,NT,1,5.0,True
Muntiacus atherodes,포유류,MAMMALIA,NT,1,5.0,True
Mustela altaica,포유류,MAMMALIA,NT,1,5.0,True
Mustela itatsi,포유류,MAMMALIA,NT,1,5.3,True
Myotis bechsteinii,포유류,MAMMALIA,VU,2,5.0,True
Myotis bombinus,포유류,MAMMALIA,NT,1,5.77,True
Myotis dasycneme,포유류,MAMMALIA,VU,2,5.0,True
Myotis ridleyi,포유류,MAMMALIA,NT,1,5.0,True
Myotis ruber,포유류,MAMMALIA,NT,1,5.8,True
Myotis sodalis,포유류,MAMMALIA,NT,1,6.0,True
Mysateles prehensilis,포유류,MAMMALIA,NT,1,10.0,True
Nasuella olivacea,포유류,MAMMALIA,NT,1,6.8,True
Natalus espiritosantensis,포유류,MAMMALIA,NT,1,5.0,True
Natalus major,포유류,MAMMALIA,NT,1,5.6,True
Neoromicia brunnea,무척추/식물/기타,,NT,1,5.2,True
Neotoma magister,포유류,MAMMALIA,NT,1,2.3,True
Niviventer culturatus,포유류,MAMMALIA,LC,0,1.7,True
Notomys cervinus,포유류,MAMMALIA,NT,1,1.5,True
Nyctalus aviator,포유류,MAMMALIA,NT,1,6.0,True
Nycteris tragata,포유류,MAMMALIA,NT,1,5.0,True
Nycticeius cubanus,포유류,MAMMALIA,NT,1,5.0,True
Ornithorhynchus anatinus,포유류,MAMMALIA,NT,1,10.5,False
Otocolobus manul,포유류,MAMMALIA,LC,0,3.61,True
Ozotoceros bezoarticus,포유류,MAMMALIA,NT,1,3.0,True
Panthera onca,포유류,MAMMALIA,NT,1,6.84,True
Pantholops hodgsonii,포유류,MAMMALIA,NT,1,6.1,True
Papio papio,포유류,MAMMALIA,NT,1,10.0,True
Parahyaena brunnea,포유류,MAMMALIA,NT,1,8.5,True
Paraxerus vexillarius,포유류,MAMMALIA,LC,0,3.5,False
Pardofelis marmorata,포유류,MAMMALIA,NT,1,5.0,True
Peromyscus polius,포유류,MAMMALIA,VU,2,1.74,True
Petaurista mishmiensis,포유류,MAMMALIA,NT,1,5.5,False
Petaurista nobilis,포유류,MAMMALIA,NT,1,7.5,False
Petrogale burbidgei,포유류,MAMMALIA,NT,1,5.0,True
Petrogale godmani,포유류,MAMMALIA,NT,1,5.0,True
Petrogale mareeba,포유류,MAMMALIA,NT,1,6.5,True
Petrogale purpureicollis,포유류,MAMMALIA,NT,1,5.0,True
Phascogale calura,포유류,MAMMALIA,NT,1,1.0,True
Phascogale tapoatafa,포유류,MAMMALIA,NT,1,1.0,True
Phoniscus atrox,포유류,MAMMALIA,NT,1,5.6,True
Platalina genovensium,포유류,MAMMALIA,NT,1,5.0,True
Platyrrhinus ismaeli,포유류,MAMMALIA,NT,1,5.0,True
Platyrrhinus matapalensis,포유류,MAMMALIA,NT,1,5.0,True
Potorous tridactylus,포유류,MAMMALIA,NT,1,3.5,False
Prionailurus rubiginosus,포유류,MAMMALIA,NT,1,4.0,True
Procapra picticaudata,포유류,MAMMALIA,NT,1,4.1,True
Pseudantechinus mimulus,포유류,MAMMALIA,NT,1,1.5,True
Pseudochirops albertisii,포유류,MAMMALIA,NT,1,3.3,True
Pseudochirops corinnae,포유류,MAMMALIA,NT,1,5.8,True
Pseudochirulus cinereus,포유류,MAMMALIA,NT,1,4.0,True
Pteropus pumilus,포유류,MAMMALIA,NT,1,8.1,True
Pteropus rayneri,포유류,MAMMALIA,NT,1,8.0,True
Pteropus samoensis,포유류,MAMMALIA,NT,1,8.1,True
Pudu puda,포유류,MAMMALIA,NT,1,13.5,False
Rattus xanthurus,포유류,MAMMALIA,LC,0,1.25,False
Ratufa bicolor,포유류,MAMMALIA,NT,1,6.3,True
Ratufa macroura,포유류,MAMMALIA,NT,1,7.5,False
Rheomys thomasi,포유류,MAMMALIA,VU,2,1.61,True
Rhinolophus deckenii,포유류,MAMMALIA,NT,1,7.5,True
Rhinolophus euryale,포유류,MAMMALIA,VU,2,9.0,True
Rhinolophus robinsoni,포유류,MAMMALIA,NT,1,8.0,True
Rhinolophus sedulus,포유류,MAMMALIA,NT,1,8.0,True
Rhinophylla alethina,포유류,MAMMALIA,NT,1,5.0,True
Rhyncholestes raphanurus,포유류,MAMMALIA,NT,1,2.74,True
Saguinus tripartitus,무척추/식물/기타,,NT,1,6.0,True
Saimiri ustus,포유류,MAMMALIA,NT,1,8.0,True
Sapajus nigritus,포유류,MAMMALIA,NT,1,16.0,True
Semnopithecus hector,포유류,MAMMALIA,NT,1,12.0,True
Sminthopsis bindi,포유류,MAMMALIA,NT,1,2.0,True
Speothos venaticus,포유류,MAMMALIA,NT,1,4.0,True
Spermophilus musicus,포유류,MAMMALIA,LC,0,3.0,True
Spermophilus xanthoprymnus,포유류,MAMMALIA,NT,1,2.9,True
Sus celebensis,포유류,MAMMALIA,NT,1,6.0,True
Sylvilagus obscurus,포유류,MAMMALIA,NT,1,2.66,True
Taphozous australis,포유류,MAMMALIA,NT,1,2.2,True
Tarsius syrichta,무척추/식물/기타,,NT,1,7.5,True
Thylamys macrurus,포유류,MAMMALIA,NT,1,2.0,True
Thylamys velutinus,포유류,MAMMALIA,NT,1,1.7,True
Tolypeutes matacus,포유류,MAMMALIA,NT,1,4.0,True
Tragelaphus imberbis,포유류,MAMMALIA,NT,1,4.3,True
Trogopterus xanthipes,포유류,MAMMALIA,NT,1,4.1,True
Urocyon littoralis,포유류,MAMMALIA,NT,1,4.0,True
Uromys hadrourus,포유류,MAMMALIA,NT,1,2.5,False
Volemys millicens,포유류,MAMMALIA,NT,1,1.6,True
Wyulda squamicaudata,포유류,MAMMALIA,NT,1,4.0,True
Zaedyus pichiy,포유류,MAMMALIA,NT,1,4.0,True
Abeomelomys sevia,포유류,MAMMALIA,LC,0,1.5,False
Abrawayaomys ruschii,포유류,MAMMALIA,LC,0,1.5,False
Abrocoma bennettii,포유류,MAMMALIA,LC,0,2.5,False
Abrothrix andinus,포유류,MAMMALIA,LC,0,1.5,False
Abrothrix jelskii,포유류,MAMMALIA,LC,0,1.5,False
Abrothrix lanosus,포유류,MAMMALIA,LC,0,1.5,False
Abrothrix longipilis,포유류,MAMMALIA,LC,0,1.5,False
Abrothrix olivaceus,포유류,MAMMALIA,LC,0,1.5,False
Acomys airensis,포유류,MAMMALIA,LC,0,1.5,False
Acomys cahirinus,포유류,MAMMALIA,LC,0,1.5,False
Acomys cineraceus,포유류,MAMMALIA,LC,0,1.5,False
Acomys dimidiatus,포유류,MAMMALIA,LC,0,1.5,False
Acomys ignitus,포유류,MAMMALIA,LC,0,1.5,False
Acomys johannis,포유류,MAMMALIA,LC,0,1.5,False
Acomys kempi,포유류,MAMMALIA,LC,0,1.5,False
Acomys louisae,포유류,MAMMALIA,LC,0,1.5,False
Acomys mullah,포유류,MAMMALIA,LC,0,1.5,False
Acomys percivali,포유류,MAMMALIA,LC,0,1.5,False
Acomys russatus,포유류,MAMMALIA,LC,0,1.5,False
Acomys seurati,포유류,MAMMALIA,LC,0,1.5,False
Acomys spinosissimus,포유류,MAMMALIA,LC,0,1.5,False
Acomys subspinosus,포유류,MAMMALIA,LC,0,1.5,False
Acomys wilsoni,포유류,MAMMALIA,LC,0,1.5,False
Aconaemys fuscus,포유류,MAMMALIA,LC,0,3.5,False
Aegialomys xanthaeolus,포유류,MAMMALIA,LC,0,1.5,False
Aepeomys lugens,포유류,MAMMALIA,LC,0,1.5,False
Aethomys bocagei,포유류,MAMMALIA,LC,0,1.5,False
Aethomys chrysophilus,포유류,MAMMALIA,LC,0,2.0,True
Aethomys granti,무척추/식물/기타,,LC,0,1.5,False
Aethomys hindei,포유류,MAMMALIA,LC,0,1.5,False
Aethomys ineptus,포유류,MAMMALIA,LC,0,1.5,False
Aethomys kaiseri,포유류,MAMMALIA,LC,0,1.5,False
Aethomys namaquensis,무척추/식물/기타,,LC,0,1.5,False
Aethomys nyikae,포유류,MAMMALIA,LC,0,1.5,False
Aethomys thomasi,포유류,MAMMALIA,LC,0,1.5,False
Akodon aerosus,포유류,MAMMALIA,LC,0,1.5,False
Akodon affinis,포유류,MAMMALIA,LC,0,1.5,False
Akodon albiventer,포유류,MAMMALIA,LC,0,1.5,False
Akodon azarae,포유류,MAMMALIA,LC,0,1.5,False
Akodon boliviensis,포유류,MAMMALIA,LC,0,1.5,False
Akodon budini,포유류,MAMMALIA,LC,0,1.5,False
Akodon cursor,포유류,MAMMALIA,LC,0,1.5,False
Akodon dayi,포유류,MAMMALIA,LC,0,1.5,False
Akodon dolores,포유류,MAMMALIA,LC,0,1.5,False
Akodon fumeus,포유류,MAMMALIA,LC,0,1.5,False
Akodon iniscatus,포유류,MAMMALIA,LC,0,1.5,False
Akodon juninensis,포유류,MAMMALIA,LC,0,1.5,False
Akodon kofordi,포유류,MAMMALIA,LC,0,1.5,False
Akodon lutescens,포유류,MAMMALIA,LC,0,1.5,False
Akodon mimus,포유류,MAMMALIA,LC,0,1.5,False
Akodon molinae,포유류,MAMMALIA,LC,0,1.5,False
Akodon mollis,포유류,MAMMALIA,LC,0,1.5,False
Akodon montensis,포유류,MAMMALIA,LC,0,1.5,False
Akodon orophilus,포유류,MAMMALIA,LC,0,1.5,False
Akodon paranaensis,포유류,MAMMALIA,LC,0,1.5,False
Akodon reigi,포유류,MAMMALIA,LC,0,1.5,False
Akodon serrensis,포유류,MAMMALIA,LC,0,1.5,False
Akodon simulator,포유류,MAMMALIA,LC,0,1.5,False
Akodon spegazzinii,포유류,MAMMALIA,LC,0,1.5,False
Akodon subfuscus,포유류,MAMMALIA,LC,0,1.5,False
Akodon sylvanus,포유류,MAMMALIA,LC,0,1.5,False
Akodon toba,포유류,MAMMALIA,LC,0,1.5,False
Akodon torques,포유류,MAMMALIA,LC,0,1.5,False
Alces alces,포유류,MAMMALIA,LC,0,8.635,False
Allactaga balikunica,포유류,MAMMALIA,LC,0,1.5,False
Allactaga bullata,포유류,MAMMALIA,LC,0,1.5,False
Allactaga hotsoni,포유류,MAMMALIA,LC,0,1.5,False
Allactaga major,포유류,MAMMALIA,NT,1,1.0,True
Allactaga severtzovi,포유류,MAMMALIA,LC,0,1.5,False
Allactaga sibirica,포유류,MAMMALIA,LC,0,1.5,False
Allactodipus bobrinskii,포유류,MAMMALIA,LC,0,2.0,True
Allocricetulus curtatus,포유류,MAMMALIA,LC,0,1.5,False
Alouatta caraya,포유류,MAMMALIA,NT,1,12.0,True
Alouatta macconnelli,포유류,MAMMALIA,LC,0,12.0,True
Alouatta sara,포유류,MAMMALIA,NT,1,11.0,True
Alticola argentatus,포유류,MAMMALIA,LC,0,1.5,False
Alticola barakshin,포유류,MAMMALIA,LC,0,1.5,False
Alticola lemminus,포유류,MAMMALIA,LC,0,1.5,False
Alticola macrotis,포유류,MAMMALIA,LC,0,1.5,False
Alticola semicanus,포유류,MAMMALIA,LC,0,1.5,False
Alticola stoliczkanus,포유류,MAMMALIA,LC,0,1.5,False
Alticola strelzowi,포유류,MAMMALIA,LC,0,1.5,False
Alticola tuvinicus,포유류,MAMMALIA,LC,0,1.5,False
Ammospermophilus harrisii,포유류,MAMMALIA,LC,0,2.5,False
Ammospermophilus interpres,포유류,MAMMALIA,LC,0,2.5,False
Ammospermophilus leucurus,포유류,MAMMALIA,LC,0,3.0,True
Anathana ellioti,포유류,MAMMALIA,LC,0,4.0,True
Andalgalomys olrogi,포유류,MAMMALIA,LC,0,1.5,False
Andalgalomys pearsoni,포유류,MAMMALIA,LC,0,1.5,False
Anisomys imitator,포유류,MAMMALIA,LC,0,1.5,False
Anomalurus beecrofti,포유류,MAMMALIA,LC,0,2.5,False
Anomalurus derbianus,포유류,MAMMALIA,LC,0,2.5,False
Anomalurus pusillus,포유류,MAMMALIA,LC,0,2.5,False
Anourosorex assamensis,포유류,MAMMALIA,LC,0,1.0,True
Anourosorex squamipes,포유류,MAMMALIA,LC,0,1.0,True
Anourosorex yamashinai,포유류,MAMMALIA,LC,0,1.0,True
Antechinomys laniger,포유류,MAMMALIA,LC,0,2.0,True
Antechinus flavipes,포유류,MAMMALIA,LC,0,1.0,True
Antidorcas marsupialis,포유류,MAMMALIA,LC,0,4.2,True
Aotus nigriceps,포유류,MAMMALIA,LC,0,4.5,False
Aplodontia rufa,포유류,MAMMALIA,LC,0,4.0,True
Apodemus alpicola,포유류,MAMMALIA,LC,0,1.0,True
Apodemus argenteus,포유류,MAMMALIA,LC,0,1.5,False
Apodemus chevrieri,포유류,MAMMALIA,LC,0,1.0,True
Apodemus draco,포유류,MAMMALIA,LC,0,1.0,True
Apodemus epimelas,포유류,MAMMALIA,LC,0,1.5,False
Apodemus latronum,포유류,MAMMALIA,LC,0,1.0,True
Apodemus pallipes,포유류,MAMMALIA,LC,0,1.0,True
Apodemus peninsulae,포유류,MAMMALIA,LC,0,1.0,True
Apodemus ponticus,포유류,MAMMALIA,LC,0,1.5,False
Apodemus rusiges,포유류,MAMMALIA,LC,0,1.5,False
Apodemus semotus,포유류,MAMMALIA,LC,0,1.5,False
Apodemus speciosus,포유류,MAMMALIA,LC,0,1.5,False
Apodemus witherbyi,포유류,MAMMALIA,LC,0,1.0,True
Apomys datae,포유류,MAMMALIA,LC,0,1.5,False
Apomys hylocetes,포유류,MAMMALIA,LC,0,2.0,True
Apomys insignis,포유류,MAMMALIA,LC,0,1.5,False
Apomys microdon,포유류,MAMMALIA,LC,0,1.5,False
Apomys musculus,포유류,MAMMALIA,LC,0,1.5,False
Arborimus albipes,포유류,MAMMALIA,LC,0,1.61,True
Arctocebus calabarensis,포유류,MAMMALIA,NT,1,4.6,True
Arctocephalus australis,포유류,MAMMALIA,LC,0,11.7,True
Arctocephalus forsteri,포유류,MAMMALIA,LC,0,9.9,True
Arctocephalus pusillus,포유류,MAMMALIA,LC,0,9.1,True
Arctocephalus tropicalis,포유류,MAMMALIA,LC,0,10.7,True
Arctogalidia trivirgata,포유류,MAMMALIA,LC,0,5.0,True
Arctonyx albogularis,포유류,MAMMALIA,LC,0,5.0,True
Arctonyx hoevenii,포유류,MAMMALIA,LC,0,5.0,True
Arvicanthis abyssinicus,포유류,MAMMALIA,LC,0,2.0,True
Arvicanthis ansorgei,포유류,MAMMALIA,LC,0,1.5,False
Arvicanthis nairobae,포유류,MAMMALIA,LC,0,2.0,True
Arvicanthis neumanni,포유류,MAMMALIA,LC,0,2.0,True
Arvicanthis rufinus,포유류,MAMMALIA,LC,0,2.0,True
Arvicola amphibius,포유류,MAMMALIA,LC,0,1.5,False
Asellia patrizii,포유류,MAMMALIA,LC,0,5.0,True
Asellia tridens,포유류,MAMMALIA,LC,0,5.0,True
Aselliscus stoliczkanus,포유류,MAMMALIA,LC,0,5.0,True
Aselliscus tricuspidatus,포유류,MAMMALIA,LC,0,5.0,True
Atelerix albiventris,포유류,MAMMALIA,LC,0,3.5,False
Atelerix algirus,포유류,MAMMALIA,LC,0,3.5,False
Atelerix frontalis,포유류,MAMMALIA,LC,0,3.5,False
Atelerix sclateri,포유류,MAMMALIA,LC,0,3.5,False
Atherurus africanus,포유류,MAMMALIA,LC,0,15.0,True
Atherurus macrourus,포유류,MAMMALIA,LC,0,7.0,True
Atilax paludinosus,포유류,MAMMALIA,LC,0,4.0,True
Auliscomys boliviensis,포유류,MAMMALIA,LC,0,1.5,False
Auliscomys pictus,포유류,MAMMALIA,LC,0,1.5,False
Auliscomys sublimis,포유류,MAMMALIA,LC,0,1.5,False
Axis axis,포유류,MAMMALIA,LC,0,10.0,True
Baiomys musculus,포유류,MAMMALIA,LC,0,1.5,False
Baiyankamys shawmayeri,포유류,MAMMALIA,LC,0,1.5,False
Balaena mysticetus,포유류,MAMMALIA,VU,2,52.0,True
Balaenoptera acutorostrata,포유류,MAMMALIA,LC,0,13.0,True
Bandicota bengalensis,포유류,MAMMALIA,LC,0,1.5,False
Bandicota indica,포유류,MAMMALIA,LC,0,1.5,False
Bandicota savilei,포유류,MAMMALIA,LC,0,1.5,False
Barbastella leucomelas,포유류,MAMMALIA,LC,0,5.0,True
Bassaricyon alleni,포유류,MAMMALIA,LC,0,8.2,True
Bassaricyon gabbii,포유류,MAMMALIA,LC,0,8.4,True
Bassaricyon medius,포유류,MAMMALIA,LC,0,5.2,True
Bassariscus astutus,포유류,MAMMALIA,LC,0,5.7,True
Bathyergus janetta,포유류,MAMMALIA,LC,0,2.0,True
Bathyergus suillus,포유류,MAMMALIA,LC,0,2.0,True
Batomys salomonseni,포유류,MAMMALIA,LC,0,4.5,False
Bdeogale crassicauda,포유류,MAMMALIA,LC,0,3.0,True
Bdeogale nigripes,포유류,MAMMALIA,LC,0,3.0,True
Beamys hindei,포유류,MAMMALIA,LC,0,1.5,False
Berylmys berdmorei,포유류,MAMMALIA,LC,0,1.5,False
Bibimys chacoensis,포유류,MAMMALIA,LC,0,1.5,False
Bibimys labiosus,포유류,MAMMALIA,LC,0,1.5,False
Blarina brevicauda,포유류,MAMMALIA,LC,0,0.5,False
Blarina carolinensis,포유류,MAMMALIA,LC,0,0.5,False
Blarina hylophaga,포유류,MAMMALIA,LC,0,1.0,True
Blarinella griselda,포유류,MAMMALIA,LC,0,1.0,True
Blarinella wardi,포유류,MAMMALIA,LC,0,1.0,True
Blarinomys breviceps,포유류,MAMMALIA,LC,0,1.5,False
Boselaphus tragocamelus,포유류,MAMMALIA,LC,0,5.7,True
Brachiones przewalskii,포유류,MAMMALIA,LC,0,1.5,False
Brachytarsomys albicauda,포유류,MAMMALIA,LC,0,2.5,False
Brachyuromys betsileoensis,포유류,MAMMALIA,LC,0,1.5,False
Brachyuromys ramirohitra,포유류,MAMMALIA,LC,0,1.5,False
Bradypus variegatus,포유류,MAMMALIA,LC,0,6.0,True
Brucepattersonius iheringi,포유류,MAMMALIA,LC,0,1.5,False
Bullimus bagobus,포유류,MAMMALIA,LC,0,1.5,False
Bullimus luzonicus,포유류,MAMMALIA,LC,0,1.5,False
Bunomys andrewsi,포유류,MAMMALIA,LC,0,1.5,False
Bunomys chrysocomus,포유류,MAMMALIA,LC,0,1.5,False
Callicebus brunneus,무척추/식물/기타,,VU,2,8.8,True
Callicebus regulus,무척추/식물/기타,,LC,0,8.0,True
Callithrix jacchus,포유류,MAMMALIA,LC,0,6.0,True
Callithrix penicillata,포유류,MAMMALIA,LC,0,6.0,True
Callosciurus baluensis,포유류,MAMMALIA,LC,0,4.0,True
Callosciurus caniceps,포유류,MAMMALIA,LC,0,4.0,True
Callosciurus erythraeus,포유류,MAMMALIA,LC,0,4.0,True
Callosciurus finlaysonii,포유류,MAMMALIA,LC,0,4.0,True
Callosciurus inornatus,포유류,MAMMALIA,LC,0,4.0,True
Callosciurus notatus,포유류,MAMMALIA,LC,0,4.0,True
Callosciurus orestes,포유류,MAMMALIA,LC,0,4.0,True
Callosciurus phayrei,포유류,MAMMALIA,LC,0,4.0,True
Callosciurus prevostii,포유류,MAMMALIA,LC,0,4.0,True
Callosciurus pygerythrus,포유류,MAMMALIA,LC,0,4.0,True
Callospermophilus lateralis,포유류,MAMMALIA,LC,0,4.0,True
Callospermophilus saturatus,포유류,MAMMALIA,LC,0,2.5,False
Calomys boliviae,포유류,MAMMALIA,LC,0,1.5,False
Calomys callidus,포유류,MAMMALIA,LC,0,1.5,False
Calomys callosus,포유류,MAMMALIA,LC,0,1.5,False
Calomys expulsus,포유류,MAMMALIA,LC,0,1.5,False
Calomys fecundus,포유류,MAMMALIA,LC,0,1.5,False
Calomys hummelincki,포유류,MAMMALIA,LC,0,1.5,False
Calomys laucha,포유류,MAMMALIA,LC,0,1.5,False
Calomys lepidus,포유류,MAMMALIA,LC,0,1.5,False
Calomys musculinus,포유류,MAMMALIA,LC,0,1.5,False
Calomys sorellus,포유류,MAMMALIA,LC,0,1.5,False
Calomys tener,포유류,MAMMALIA,LC,0,1.5,False
Calomys tocantinsi,포유류,MAMMALIA,LC,0,1.5,False
Calomys venustus,포유류,MAMMALIA,LC,0,1.5,False
Calomyscus bailwardi,포유류,MAMMALIA,LC,0,2.0,True
Calomyscus baluchi,포유류,MAMMALIA,LC,0,2.0,True
Calomyscus elburzensis,포유류,MAMMALIA,LC,0,3.0,True
Calomyscus hotsoni,포유류,MAMMALIA,LC,0,2.0,True
Calomyscus mystax,포유류,MAMMALIA,LC,0,1.5,False
Calomyscus urartensis,포유류,MAMMALIA,LC,0,2.5,False
Canis aureus,포유류,MAMMALIA,LC,0,4.5,False
Canis latrans,포유류,MAMMALIA,LC,0,4.0,True
Cannomys badius,포유류,MAMMALIA,LC,0,3.0,True
Cansumys canus,포유류,MAMMALIA,LC,0,1.5,False
Capra sibirica,포유류,MAMMALIA,NT,1,7.0,True
Capromys pilorides,포유류,MAMMALIA,LC,0,4.5,False
Caracal caracal,포유류,MAMMALIA,LC,0,6.1,True
Cardioderma cor,포유류,MAMMALIA,LC,0,5.4,True
Carpomys phaeurus,포유류,MAMMALIA,LC,0,2.0,True
Caryomys eva,포유류,MAMMALIA,LC,0,1.5,False
Caryomys inez,포유류,MAMMALIA,LC,0,1.5,False
Castor fiber,포유류,MAMMALIA,LC,0,9.0,True
Cavia fulgida,포유류,MAMMALIA,LC,0,2.0,True
Cavia magna,포유류,MAMMALIA,LC,0,2.0,True
Cavia tschudii,포유류,MAMMALIA,LC,0,1.5,False
Cebus brunneus,포유류,MAMMALIA,EN,3,16.0,True
Cephalophus callipygus,포유류,MAMMALIA,LC,0,5.2,True
Cephalophus harveyi,포유류,MAMMALIA,LC,0,4.6,True
Cephalophus natalensis,포유류,MAMMALIA,LC,0,4.1,True
Cephalophus niger,포유류,MAMMALIA,LC,0,4.6,True
Cephalophus rufilatus,포유류,MAMMALIA,LC,0,4.6,True
Cephalophus weynsi,포유류,MAMMALIA,LC,0,4.6,True
Cercocebus agilis,포유류,MAMMALIA,LC,0,10.0,True
Cercopithecus campbelli,포유류,MAMMALIA,NT,1,12.0,True
Cercopithecus denti,포유류,MAMMALIA,LC,0,11.0,True
Cercopithecus mona,포유류,MAMMALIA,NT,1,11.0,True
Cercopithecus petaurista,포유류,MAMMALIA,NT,1,11.0,True
Cerradomys maracajuensis,포유류,MAMMALIA,LC,0,1.5,False
Cerradomys scotti,포유류,MAMMALIA,LC,0,1.5,False
Cerradomys subflavus,포유류,MAMMALIA,LC,0,1.5,False
Chaetodipus arenarius,포유류,MAMMALIA,LC,0,2.5,False
Chaetodipus artus,포유류,MAMMALIA,LC,0,2.5,False
Chaetodipus baileyi,포유류,MAMMALIA,LC,0,2.5,False
Chaetodipus californicus,포유류,MAMMALIA,LC,0,2.5,False
Chaetodipus eremicus,포유류,MAMMALIA,LC,0,2.5,False
Chaetodipus fallax,포유류,MAMMALIA,LC,0,0.5,False
Chaetodipus formosus,포유류,MAMMALIA,LC,0,2.5,False
Chaetodipus hispidus,포유류,MAMMALIA,LC,0,2.5,False
Chaetodipus intermedius,포유류,MAMMALIA,LC,0,2.5,False
Chaetodipus penicillatus,포유류,MAMMALIA,LC,0,2.5,False
Chaetodipus pernix,포유류,MAMMALIA,LC,0,2.5,False
Chaetodipus rudinoris,포유류,MAMMALIA,LC,0,2.5,False
Chaetodipus spinatus,포유류,MAMMALIA,LC,0,2.5,False
Chaetophractus vellerosus,포유류,MAMMALIA,LC,0,3.2,True
Chaetophractus villosus,포유류,MAMMALIA,LC,0,4.0,True
Chelemys macronyx,포유류,MAMMALIA,LC,0,1.5,False
Chilomys instans,포유류,MAMMALIA,LC,0,1.5,False
Chimarrogale himalayica,포유류,MAMMALIA,LC,0,1.0,True
Chimarrogale platycephalus,포유류,MAMMALIA,LC,0,2.0,True
Chimarrogale styani,포유류,MAMMALIA,LC,0,1.0,True
Chinchillula sahamae,포유류,MAMMALIA,LC,0,2.0,True
Chionomys gud,포유류,MAMMALIA,LC,0,1.5,False
Chionomys roberti,포유류,MAMMALIA,LC,0,1.5,False
Chiromyscus chiropus,포유류,MAMMALIA,LC,0,1.5,False
Chiropodomys gliroides,포유류,MAMMALIA,LC,0,1.0,True
Chiruromys forbesi,포유류,MAMMALIA,LC,0,1.5,False
Chiruromys lamia,포유류,MAMMALIA,LC,0,1.5,False
Chiruromys vates,포유류,MAMMALIA,LC,0,1.5,False
Chlorocebus sabaeus,포유류,MAMMALIA,LC,0,12.0,True
Chodsigoa hypsibia,포유류,MAMMALIA,LC,0,1.0,True
Chodsigoa lamula,포유류,MAMMALIA,LC,0,1.0,True
Chodsigoa parca,포유류,MAMMALIA,LC,0,1.0,True
Chrotomys silaceus,포유류,MAMMALIA,LC,0,2.0,True
Chrotomys whiteheadi,포유류,MAMMALIA,LC,0,1.5,False
Cistugo lesueuri,포유류,MAMMALIA,LC,0,5.62,True
Cistugo seabrae,포유류,MAMMALIA,LC,0,5.62,True
Civettictis civetta,포유류,MAMMALIA,LC,0,6.0,True
Cloeotis percivali,포유류,MAMMALIA,LC,0,5.02,True
Coendou bicolor,포유류,MAMMALIA,LC,0,8.0,True
Coendou insidiosus,포유류,MAMMALIA,LC,0,8.0,True
Coendou mexicanus,포유류,MAMMALIA,LC,0,8.0,True
Coendou rufescens,포유류,MAMMALIA,LC,0,8.0,True
Coleura afra,포유류,MAMMALIA,LC,0,2.16,True
Colomys goslingi,포유류,MAMMALIA,LC,0,1.5,False
Condylura cristata,포유류,MAMMALIA,LC,0,1.5,False
Congosorex verheyeni,포유류,MAMMALIA,LC,0,1.0,True
Connochaetes taurinus,포유류,MAMMALIA,LC,0,7.5,True
Cratogeomys castanops,포유류,MAMMALIA,LC,0,2.0,True
Cratogeomys fulvescens,포유류,MAMMALIA,LC,0,2.0,True
Cratogeomys fumosus,포유류,MAMMALIA,LC,0,2.0,True
Cratogeomys goldmani,포유류,MAMMALIA,LC,0,2.0,True
Cratogeomys merriami,포유류,MAMMALIA,LC,0,1.5,False
Cratogeomys perotensis,포유류,MAMMALIA,LC,0,2.0,True
Cratogeomys planiceps,포유류,MAMMALIA,LC,0,2.0,True
Cremnomys cutchicus,포유류,MAMMALIA,LC,0,1.5,False
Cricetomys emini,포유류,MAMMALIA,LC,0,2.5,False
Cricetulus barabensis,포유류,MAMMALIA,LC,0,1.5,False
Cricetulus lama,포유류,MAMMALIA,LC,0,1.5,False
Cricetulus longicaudatus,포유류,MAMMALIA,LC,0,1.5,False
Cricetulus sokolovi,포유류,MAMMALIA,LC,0,1.5,False
Cricetulus tibetanus,포유류,MAMMALIA,LC,0,1.5,False
Crocidura aleksandrisi,포유류,MAMMALIA,LC,0,1.5,False
Crocidura arabica,포유류,MAMMALIA,LC,0,1.0,True
Crocidura arispa,포유류,MAMMALIA,LC,0,1.0,True
Crocidura attenuata,포유류,MAMMALIA,LC,0,1.0,True
Crocidura attila,포유류,MAMMALIA,LC,0,1.0,True
Crocidura batesi,포유류,MAMMALIA,LC,0,1.0,True
Crocidura beatus,포유류,MAMMALIA,LC,0,1.0,True
Crocidura beccarii,포유류,MAMMALIA,LC,0,1.0,True
Crocidura brunnea,포유류,MAMMALIA,LC,0,1.0,True
Crocidura caliginea,포유류,MAMMALIA,LC,0,1.0,True
Crocidura cinderella,포유류,MAMMALIA,LC,0,1.0,True
Crocidura congobelgica,포유류,MAMMALIA,LC,0,1.0,True
Crocidura crenata,포유류,MAMMALIA,LC,0,1.0,True
Crocidura crossei,포유류,MAMMALIA,LC,0,1.0,True
Crocidura cyanea,포유류,MAMMALIA,LC,0,1.0,True
Crocidura denti,포유류,MAMMALIA,LC,0,1.0,True
Crocidura dolichura,포유류,MAMMALIA,LC,0,1.0,True
Crocidura dsinezumi,포유류,MAMMALIA,LC,0,1.0,True
Crocidura elgonius,포유류,MAMMALIA,LC,0,1.0,True
Crocidura elongata,포유류,MAMMALIA,LC,0,1.0,True
Crocidura flavescens,포유류,MAMMALIA,LC,0,1.0,True
Crocidura foetida,포유류,MAMMALIA,LC,0,1.0,True
Crocidura fuliginosa,포유류,MAMMALIA,LC,0,1.0,True
Crocidura fulvastra,포유류,MAMMALIA,LC,0,1.0,True
Crocidura fuscomurina,포유류,MAMMALIA,LC,0,1.0,True
Crocidura gmelini,포유류,MAMMALIA,LC,0,1.0,True
Crocidura grassei,포유류,MAMMALIA,LC,0,1.0,True
Crocidura grayi,포유류,MAMMALIA,LC,0,1.0,True
Crocidura greenwoodi,포유류,MAMMALIA,LC,0,0.5,False
Crocidura hildegardeae,포유류,MAMMALIA,LC,0,1.0,True
Crocidura hirta,포유류,MAMMALIA,LC,0,1.0,True
Crocidura hutanis,포유류,MAMMALIA,LC,0,1.0,True
Crocidura indochinensis,포유류,MAMMALIA,LC,0,1.0,True
Crocidura jacksoni,포유류,MAMMALIA,LC,0,1.0,True
Crocidura jouvenetae,포유류,MAMMALIA,LC,0,1.0,True
Crocidura lamottei,포유류,MAMMALIA,LC,0,1.0,True
Crocidura lasiura,포유류,MAMMALIA,LC,0,1.0,True
Crocidura latona,포유류,MAMMALIA,LC,0,1.0,True
Crocidura lea,포유류,MAMMALIA,LC,0,1.0,True
Crocidura lepidura,포유류,MAMMALIA,LC,0,1.0,True
Crocidura leucodon,포유류,MAMMALIA,LC,0,1.0,True
Crocidura levicula,포유류,MAMMALIA,LC,0,1.0,True
Crocidura littoralis,포유류,MAMMALIA,LC,0,1.5,False
Crocidura ludia,포유류,MAMMALIA,LC,0,1.5,False
Crocidura luna,포유류,MAMMALIA,LC,0,1.5,False
Crocidura lusitania,포유류,MAMMALIA,LC,0,1.5,False
Crocidura macarthuri,포유류,MAMMALIA,LC,0,1.5,False
Crocidura malayana,포유류,MAMMALIA,LC,0,1.0,True
Crocidura maquassiensis,포유류,MAMMALIA,LC,0,1.0,True
Crocidura mariquensis,포유류,MAMMALIA,LC,0,1.0,True
Crocidura maurisca,포유류,MAMMALIA,LC,0,1.5,False
Crocidura maxi,포유류,MAMMALIA,LC,0,1.0,True
Crocidura monticola,포유류,MAMMALIA,LC,0,1.0,True
Crocidura montis,포유류,MAMMALIA,LC,0,1.0,True
Crocidura muricauda,포유류,MAMMALIA,LC,0,1.5,False
Crocidura nanilla,포유류,MAMMALIA,LC,0,1.5,False
Crocidura negligens,포유류,MAMMALIA,LC,0,1.0,True
Crocidura nigeriae,포유류,MAMMALIA,LC,0,1.5,False
Crocidura nigricans,포유류,MAMMALIA,LC,0,1.0,True
Crocidura nigripes,포유류,MAMMALIA,LC,0,1.0,True
Crocidura nigrofusca,포유류,MAMMALIA,LC,0,1.5,False
Crocidura obscurior,포유류,MAMMALIA,LC,0,1.5,False
Crocidura olivieri,포유류,MAMMALIA,LC,0,1.5,False
Crocidura pachyura,포유류,MAMMALIA,LC,0,1.0,True
Crocidura palawanensis,포유류,MAMMALIA,LC,0,1.0,True
Crocidura paradoxura,포유류,MAMMALIA,LC,0,1.0,True
Crocidura parvipes,포유류,MAMMALIA,LC,0,1.5,False
Crocidura pasha,포유류,MAMMALIA,LC,0,1.5,False
Crocidura phanluongi,포유류,MAMMALIA,LC,0,1.25,False
Crocidura poensis,포유류,MAMMALIA,LC,0,1.5,False
Crocidura ramona,포유류,MAMMALIA,LC,0,1.0,True
Crocidura rhoditis,포유류,MAMMALIA,VU,2,1.0,True
Crocidura roosevelti,포유류,MAMMALIA,LC,0,1.5,False
Crocidura russula,포유류,MAMMALIA,LC,0,1.5,False
Crocidura serezkyensis,포유류,MAMMALIA,LC,0,1.0,True
Crocidura shantungensis,포유류,MAMMALIA,LC,0,1.5,False
Crocidura sibirica,포유류,MAMMALIA,LC,0,1.5,False
Crocidura sicula,포유류,MAMMALIA,LC,0,1.0,True
Crocidura silacea,포유류,MAMMALIA,LC,0,1.0,True
Crocidura smithii,포유류,MAMMALIA,LC,0,1.5,False
Crocidura somalica,포유류,MAMMALIA,LC,0,1.5,False
Crocidura suaveolens,포유류,MAMMALIA,LC,0,1.0,True
Crocidura tanakae,포유류,MAMMALIA,LC,0,1.0,True
Crocidura thalia,포유류,MAMMALIA,LC,0,1.5,False
Crocidura theresae,포유류,MAMMALIA,LC,0,1.0,True
Crocidura turba,포유류,MAMMALIA,LC,0,1.0,True
Crocidura viaria,포유류,MAMMALIA,LC,0,1.5,False
Crocidura voi,포유류,MAMMALIA,LC,0,1.5,False
Crocidura vorax,포유류,MAMMALIA,LC,0,1.0,True
Crocidura watasei,포유류,MAMMALIA,LC,0,1.0,True
Crocidura xantippe,포유류,MAMMALIA,LC,0,1.0,True
Crocidura yankariensis,포유류,MAMMALIA,LC,0,1.5,False
Crocidura zarudnyi,포유류,MAMMALIA,LC,0,1.5,False
Crocuta crocuta,포유류,MAMMALIA,LC,0,5.7,True
Crossarchus alexandri,포유류,MAMMALIA,LC,0,4.0,True
Crossarchus ansorgei,포유류,MAMMALIA,LC,0,4.0,True
Crossarchus obscurus,포유류,MAMMALIA,LC,0,4.0,True
Crossarchus platycephalus,포유류,MAMMALIA,LC,0,4.0,True
Crossomys moncktoni,포유류,MAMMALIA,LC,0,1.5,False
Cryptotis colombiana,포유류,MAMMALIA,LC,0,0.5,False
Cryptotis equatoris,포유류,MAMMALIA,LC,0,1.0,True
Cryptotis goldmani,포유류,MAMMALIA,LC,0,0.5,False
Cryptotis goodwini,포유류,MAMMALIA,LC,0,0.5,False
Cryptotis mayensis,포유류,MAMMALIA,LC,0,1.5,False
Cryptotis medellinia,포유류,MAMMALIA,LC,0,4.5,False
Cryptotis merriami,포유류,MAMMALIA,LC,0,1.0,True
Cryptotis mexicana,포유류,MAMMALIA,LC,0,0.5,False
Cryptotis montivaga,포유류,MAMMALIA,LC,0,0.5,False
Cryptotis nigrescens,포유류,MAMMALIA,LC,0,0.5,False
Cryptotis parva,포유류,MAMMALIA,LC,0,0.5,False
Cryptotis squamipes,포유류,MAMMALIA,LC,0,0.5,False
Cryptotis tamensis,포유류,MAMMALIA,LC,0,0.5,False
Cryptotis thomasi,포유류,MAMMALIA,LC,0,0.5,False
Ctenodactylus gundi,포유류,MAMMALIA,LC,0,2.0,True
Ctenomys boliviensis,포유류,MAMMALIA,LC,0,1.5,False
Ctenomys conoveri,포유류,MAMMALIA,LC,0,1.5,False
Ctenomys frater,포유류,MAMMALIA,LC,0,1.5,False
Ctenomys goodfellowi,포유류,MAMMALIA,LC,0,1.5,False
Ctenomys haigi,포유류,MAMMALIA,LC,0,1.5,False
Ctenomys leucodon,포유류,MAMMALIA,LC,0,1.5,False
Ctenomys lewisi,포유류,MAMMALIA,LC,0,1.5,False
Ctenomys maulinus,포유류,MAMMALIA,LC,0,1.5,False
Ctenomys mendocinus,포유류,MAMMALIA,LC,0,1.5,False
Ctenomys opimus,포유류,MAMMALIA,LC,0,1.5,False
Ctenomys perrensi,포유류,MAMMALIA,LC,0,1.5,False
Ctenomys peruanus,포유류,MAMMALIA,CR,4,1.3,True
Ctenomys steinbachi,포유류,MAMMALIA,LC,0,1.5,False
Ctenomys talarum,포유류,MAMMALIA,LC,0,1.5,False
Ctenomys torquatus,포유류,MAMMALIA,LC,0,1.5,False
Cynictis penicillata,포유류,MAMMALIA,LC,0,3.0,True
Cynomys gunnisoni,포유류,MAMMALIA,LC,0,4.0,True
Cynomys leucurus,포유류,MAMMALIA,LC,0,4.0,True
Cynomys ludovicianus,포유류,MAMMALIA,LC,0,4.0,True
Dasycercus blythi,포유류,MAMMALIA,LC,0,2.0,True
Dasymys incomtus,포유류,MAMMALIA,LC,0,1.5,False
Dasymys rufulus,포유류,MAMMALIA,LC,0,1.5,False
Dasyprocta prymnolopha,포유류,MAMMALIA,LC,0,5.0,True
Dasypus novemcinctus,포유류,MAMMALIA,LC,0,5.0,True
Dasypus septemcinctus,포유류,MAMMALIA,LC,0,4.0,True
Delomys collinus,포유류,MAMMALIA,LC,0,1.5,False
Delomys dorsalis,포유류,MAMMALIA,LC,0,1.5,False
Delomys sublineatus,포유류,MAMMALIA,LC,0,1.5,False
Deltamys kempi,포유류,MAMMALIA,LC,0,1.5,False
Dendrogale murina,포유류,MAMMALIA,LC,0,4.0,True
Dendromus insignis,포유류,MAMMALIA,LC,0,1.5,False
Dendromus kivu,포유류,MAMMALIA,LC,0,3.0,True
Dendromus lovati,포유류,MAMMALIA,LC,0,1.5,False
Dendromus mesomelas,포유류,MAMMALIA,LC,0,1.5,False
Dendromus messorius,포유류,MAMMALIA,LC,0,3.0,True
Dendromus mystacalis,포유류,MAMMALIA,LC,0,3.0,True
Deomys ferrugineus,포유류,MAMMALIA,LC,0,1.5,False
Dephomys defua,포유류,MAMMALIA,LC,0,1.5,False
Desmodilliscus braueri,포유류,MAMMALIA,LC,0,1.5,False
Desmodillus auricularis,포유류,MAMMALIA,LC,0,1.5,False
Desmomys harringtoni,포유류,MAMMALIA,LC,0,1.5,False
Dicrostonyx groenlandicus,포유류,MAMMALIA,LC,0,1.0,True
Dicrostonyx hudsonius,포유류,MAMMALIA,LC,0,1.0,True
Dicrostonyx nelsoni,포유류,MAMMALIA,LC,0,1.0,True
Dicrostonyx nunatakensis,포유류,MAMMALIA,LC,0,1.0,True
Dicrostonyx richardsoni,포유류,MAMMALIA,LC,0,1.0,True
Diplomys labilis,포유류,MAMMALIA,LC,0,1.5,False
Dipodomys agilis,포유류,MAMMALIA,LC,0,2.0,True
Dipodomys californicus,포유류,MAMMALIA,LC,0,2.0,True
Dipodomys compactus,포유류,MAMMALIA,LC,0,2.0,True
Dipodomys deserti,포유류,MAMMALIA,LC,0,2.5,False
Dipodomys heermanni,포유류,MAMMALIA,LC,0,1.5,False
Dipodomys merriami,포유류,MAMMALIA,LC,0,1.5,False
Dipodomys microps,포유류,MAMMALIA,LC,0,5.5,False
Dipodomys nelsoni,포유류,MAMMALIA,LC,0,2.0,True
Dipodomys ordii,포유류,MAMMALIA,LC,0,3.0,True
Dipodomys panamintinus,포유류,MAMMALIA,LC,0,1.5,False
Dipodomys phillipsii,포유류,MAMMALIA,LC,0,2.0,True
Dipodomys simulans,포유류,MAMMALIA,LC,0,2.0,True
Dipodomys venustus,포유류,MAMMALIA,LC,0,2.0,True
Dobsonia anderseni,포유류,MAMMALIA,LC,0,5.8,True
Dobsonia minor,포유류,MAMMALIA,LC,0,5.8,True
Dobsonia praedatrix,포유류,MAMMALIA,LC,0,5.8,True
Dremomys everetti,포유류,MAMMALIA,LC,0,3.5,False
Dremomys gularis,포유류,MAMMALIA,LC,0,3.5,False
Dremomys lokriah,포유류,MAMMALIA,LC,0,3.5,False
Dremomys pernyi,포유류,MAMMALIA,LC,0,3.5,False
Dremomys pyrrhomerus,포유류,MAMMALIA,LC,0,3.5,False
Dremomys rufigenis,포유류,MAMMALIA,LC,0,4.0,True
Dryomys nitedula,포유류,MAMMALIA,LC,0,2.5,False
Dymecodon pilirostris,포유류,MAMMALIA,LC,0,2.0,True
Echinosorex gymnura,포유류,MAMMALIA,LC,0,3.0,True
Eligmodontia morgani,포유류,MAMMALIA,LC,0,0.5,False
Eligmodontia puerulus,포유류,MAMMALIA,LC,0,0.5,False
Eligmodontia typus,포유류,MAMMALIA,LC,0,0.5,False
Eliomys melanurus,포유류,MAMMALIA,LC,0,2.5,False
Eliurus majori,포유류,MAMMALIA,LC,0,2.5,False
Eliurus minor,포유류,MAMMALIA,LC,0,1.5,False
Eliurus myoxinus,포유류,MAMMALIA,LC,0,1.5,False
Eliurus tanala,포유류,MAMMALIA,LC,0,1.5,False
Eliurus webbi,포유류,MAMMALIA,LC,0,1.5,False
Ellobius fuscocapillus,포유류,MAMMALIA,LC,0,1.5,False
Ellobius lutescens,포유류,MAMMALIA,LC,0,2.0,True
Ellobius talpinus,포유류,MAMMALIA,VU,2,2.5,False
Ellobius tancrei,포유류,MAMMALIA,LC,0,1.5,False
Eoglaucomys fimbriatus,포유류,MAMMALIA,LC,0,4.5,False
Eolagurus luteus,포유류,MAMMALIA,LC,0,1.5,False
Eolagurus przewalskii,포유류,MAMMALIA,LC,0,1.5,False
Eonycteris spelaea,포유류,MAMMALIA,LC,0,2.7,True
Eospalax fontanierii,포유류,MAMMALIA,LC,0,3.0,True
Eospalax rothschildi,포유류,MAMMALIA,LC,0,3.0,True
Eospalax smithii,포유류,MAMMALIA,LC,0,2.0,True
Eothenomys cachinus,포유류,MAMMALIA,LC,0,1.5,False
Eothenomys chinensis,포유류,MAMMALIA,LC,0,1.5,False
Eothenomys custos,포유류,MAMMALIA,LC,0,1.5,False
Eothenomys melanogaster,포유류,MAMMALIA,LC,0,1.5,False
Eothenomys miletus,포유류,MAMMALIA,LC,0,1.5,False
Eothenomys olitor,포유류,MAMMALIA,LC,0,1.5,False
Eozapus setchuanus,포유류,MAMMALIA,LC,0,1.5,False
Episoriculus caudatus,포유류,MAMMALIA,LC,0,1.0,True
Episoriculus fumidus,포유류,MAMMALIA,LC,0,1.0,True
Episoriculus leucops,포유류,MAMMALIA,LC,0,1.0,True
Episoriculus macrurus,포유류,MAMMALIA,LC,0,1.0,True
Epixerus ebii,포유류,MAMMALIA,LC,0,3.5,False
Eremodipus lichtensteini,포유류,MAMMALIA,LC,0,2.0,True
Erignathus barbatus,포유류,MAMMALIA,NT,1,13.4,True
Erinaceus amurensis,포유류,MAMMALIA,LC,0,3.0,True
Erinaceus europaeus,포유류,MAMMALIA,NT,1,2.5,False
Erinaceus roumanicus,포유류,MAMMALIA,LC,0,3.5,False
Euchoreutes naso,포유류,MAMMALIA,LC,0,2.0,True
Eudiscopus denticulus,포유류,MAMMALIA,LC,0,5.6,True
Eudorcas albonotata,포유류,MAMMALIA,LC,0,4.3,True
Euneomys mordax,포유류,MAMMALIA,LC,0,1.5,False
Euneomys petersoni,포유류,MAMMALIA,LC,0,1.5,False
Euphractus sexcinctus,포유류,MAMMALIA,LC,0,5.0,True
Euroscaptor grandis,포유류,MAMMALIA,LC,0,3.0,True
Euroscaptor klossi,포유류,MAMMALIA,LC,0,2.0,True
Euroscaptor longirostris,포유류,MAMMALIA,LC,0,2.0,True
Euroscaptor micrura,포유류,MAMMALIA,LC,0,2.0,True
Euroscaptor mizura,포유류,MAMMALIA,LC,0,2.0,True
Euryoryzomys legatus,포유류,MAMMALIA,LC,0,1.5,False
Euryoryzomys macconnelli,포유류,MAMMALIA,LC,0,1.5,False
Euryoryzomys nitidus,포유류,MAMMALIA,LC,0,1.5,False
Euryoryzomys russatus,포유류,MAMMALIA,LC,0,1.5,False
Eutamias sibiricus,포유류,MAMMALIA,LC,0,3.5,False
Exilisciurus concinnus,포유류,MAMMALIA,LC,0,3.0,True
Exilisciurus whiteheadi,포유류,MAMMALIA,LC,0,3.0,True
Felis margarita,포유류,MAMMALIA,LC,0,4.0,True
Felis silvestris,포유류,MAMMALIA,LC,0,8.0,True
Fukomys bocagei,포유류,MAMMALIA,LC,0,5.0,True
Fukomys damarensis,포유류,MAMMALIA,LC,0,5.5,False
Fukomys darlingi,포유류,MAMMALIA,LC,0,5.0,True
Fukomys ochraceocinereus,포유류,MAMMALIA,LC,0,5.0,True
Fukomys zechi,포유류,MAMMALIA,LC,0,5.5,False
Funambulus palmarum,포유류,MAMMALIA,LC,0,4.0,True
Funambulus pennantii,포유류,MAMMALIA,LC,0,4.0,True
Funambulus tristriatus,포유류,MAMMALIA,LC,0,3.0,True
Funisciurus anerythrus,포유류,MAMMALIA,LC,0,3.5,False
Funisciurus carruthersi,포유류,MAMMALIA,LC,0,3.5,False
Funisciurus congicus,포유류,MAMMALIA,LC,0,3.5,False
Funisciurus isabella,포유류,MAMMALIA,LC,0,3.5,False
Funisciurus lemniscatus,포유류,MAMMALIA,LC,0,3.5,False
Funisciurus leucogenys,포유류,MAMMALIA,LC,0,3.5,False
Funisciurus pyrropus,포유류,MAMMALIA,LC,0,3.5,False
Galidia elegans,포유류,MAMMALIA,LC,0,6.7,True
Gazella bennettii,포유류,MAMMALIA,LC,0,4.0,True
Genetta angolensis,포유류,MAMMALIA,LC,0,4.0,True
Genetta pardina,포유류,MAMMALIA,LC,0,4.0,True
Genetta servalina,포유류,MAMMALIA,LC,0,4.0,True
Genetta thierryi,포유류,MAMMALIA,LC,0,4.0,True
Genetta tigrina,포유류,MAMMALIA,LC,0,4.0,True
Genetta victoriae,포유류,MAMMALIA,LC,0,4.0,True
Geomys attwateri,포유류,MAMMALIA,LC,0,3.0,True
Geomys breviceps,포유류,MAMMALIA,LC,0,3.5,False
Geomys bursarius,포유류,MAMMALIA,LC,0,3.5,False
Geomys knoxjonesi,포유류,MAMMALIA,LC,0,3.0,True
Geomys personatus,포유류,MAMMALIA,LC,0,3.0,True
Geomys pinetis,포유류,MAMMALIA,LC,0,3.5,False
Geomys texensis,포유류,MAMMALIA,LC,0,3.0,True
Georychus capensis,포유류,MAMMALIA,LC,0,4.0,True
Geoxus valdivianus,포유류,MAMMALIA,LC,0,1.5,False
Gerbilliscus boehmi,포유류,MAMMALIA,LC,0,1.5,False
Gerbilliscus brantsii,포유류,MAMMALIA,LC,0,1.5,False
Gerbilliscus gambiana,포유류,MAMMALIA,LC,0,2.0,True
Gerbilliscus guineae,포유류,MAMMALIA,LC,0,1.5,False
Gerbilliscus inclusus,포유류,MAMMALIA,LC,0,1.5,False
Gerbilliscus kempi,포유류,MAMMALIA,LC,0,1.5,False
Gerbilliscus leucogaster,포유류,MAMMALIA,LC,0,1.5,False
Gerbilliscus nigricaudus,포유류,MAMMALIA,LC,0,2.0,True
Gerbilliscus phillipsi,포유류,MAMMALIA,LC,0,1.5,False
Gerbilliscus robustus,포유류,MAMMALIA,LC,0,1.5,False
Gerbilliscus validus,포유류,MAMMALIA,LC,0,1.5,False
Gerbillus amoenus,포유류,MAMMALIA,LC,0,2.5,False
Gerbillus andersoni,포유류,MAMMALIA,LC,0,2.5,False
Gerbillus aquilus,포유류,MAMMALIA,LC,0,2.0,True
Gerbillus campestris,포유류,MAMMALIA,LC,0,2.5,False
Gerbillus cheesmani,포유류,MAMMALIA,LC,0,2.0,True
Gerbillus dasyurus,포유류,MAMMALIA,LC,0,2.0,True
Gerbillus dunni,포유류,MAMMALIA,LC,0,2.0,True
Gerbillus famulus,포유류,MAMMALIA,LC,0,2.5,False
Gerbillus floweri,포유류,MAMMALIA,LC,0,2.5,False
Gerbillus gerbillus,포유류,MAMMALIA,LC,0,2.5,False
Gerbillus gleadowi,포유류,MAMMALIA,LC,0,2.5,False
Gerbillus harwoodi,포유류,MAMMALIA,LC,0,2.0,True
Gerbillus henleyi,포유류,MAMMALIA,LC,0,2.5,False
Gerbillus juliani,포유류,MAMMALIA,LC,0,2.5,False
Gerbillus maghrebi,포유류,MAMMALIA,LC,0,2.5,False
Gerbillus mesopotamiae,포유류,MAMMALIA,LC,0,2.0,True
Gerbillus nanus,포유류,MAMMALIA,LC,0,2.5,False
Gerbillus nigeriae,포유류,MAMMALIA,LC,0,2.5,False
Gerbillus perpallidus,포유류,MAMMALIA,LC,0,2.5,False
Gerbillus poecilops,포유류,MAMMALIA,LC,0,2.5,False
Gerbillus pulvinatus,포유류,MAMMALIA,LC,0,2.5,False
Gerbillus pusillus,포유류,MAMMALIA,LC,0,2.5,False
Gerbillus pyramidum,포유류,MAMMALIA,LC,0,2.5,False
Gerbillus rosalinda,포유류,MAMMALIA,LC,0,2.5,False
Gerbillus rupicola,포유류,MAMMALIA,LC,0,2.5,False
Gerbillus simoni,포유류,MAMMALIA,LC,0,2.5,False
Gerbillus tarabuli,포유류,MAMMALIA,LC,0,2.5,False
Gerbillus watersi,포유류,MAMMALIA,LC,0,2.5,False
Glaucomys sabrinus,포유류,MAMMALIA,LC,0,4.5,False
Glaucomys volans,포유류,MAMMALIA,LC,0,5.0,True
Glauconycteris alboguttata,포유류,MAMMALIA,LC,0,5.63,True
Glauconycteris argentata,포유류,MAMMALIA,LC,0,5.63,True
Glauconycteris beatrix,포유류,MAMMALIA,LC,0,5.63,True
Glauconycteris poensis,포유류,MAMMALIA,LC,0,5.63,True
Glauconycteris superba,포유류,MAMMALIA,LC,0,5.63,True
Glauconycteris variegata,포유류,MAMMALIA,LC,0,5.62,True
Glirulus japonicus,포유류,MAMMALIA,LC,0,2.0,True
Glis glis,포유류,MAMMALIA,LC,0,3.0,True
Glischropus tylopus,포유류,MAMMALIA,LC,0,5.6,True
Golunda ellioti,포유류,MAMMALIA,LC,0,1.5,False
Grammomys cometes,포유류,MAMMALIA,LC,0,1.5,False
Grammomys dolichurus,포유류,MAMMALIA,LC,0,1.5,False
Grammomys ibeanus,포유류,MAMMALIA,LC,0,1.5,False
Grammomys kuru,포유류,MAMMALIA,LC,0,1.5,False
Grammomys macmillani,포유류,MAMMALIA,LC,0,1.5,False
Grampus griseus,포유류,MAMMALIA,LC,0,19.6,True
Graomys domorum,포유류,MAMMALIA,LC,0,2.0,True
Graomys griseoflavus,포유류,MAMMALIA,LC,0,1.5,False
Graphiurus christyi,포유류,MAMMALIA,LC,0,2.0,True
Graphiurus kelleni,포유류,MAMMALIA,LC,0,2.0,True
Graphiurus lorraineus,포유류,MAMMALIA,LC,0,1.5,False
Graphiurus microtis,포유류,MAMMALIA,LC,0,2.5,False
Graphiurus murinus,포유류,MAMMALIA,LC,0,2.5,False
Graphiurus nagtglasii,포유류,MAMMALIA,LC,0,2.0,True
Graphiurus ocularis,포유류,MAMMALIA,LC,0,2.0,True
Graphiurus platyops,포유류,MAMMALIA,LC,0,2.0,True
Graphiurus rupicola,포유류,MAMMALIA,LC,0,2.5,False
Gulo gulo,포유류,MAMMALIA,LC,0,7.5,False
Gymnuromys roberti,포유류,MAMMALIA,LC,0,1.5,False
Halichoerus grypus,포유류,MAMMALIA,LC,0,16.5,True
Handleyomys fuscatus,포유류,MAMMALIA,LC,0,1.5,False
Handleyomys intectus,포유류,MAMMALIA,LC,0,1.5,False
Heimyscus fumosus,포유류,MAMMALIA,LC,0,1.5,False
Heliophobius argenteocinereus,포유류,MAMMALIA,LC,0,2.0,True
Heliosciurus gambianus,포유류,MAMMALIA,LC,0,3.5,False
Heliosciurus mutabilis,포유류,MAMMALIA,LC,0,3.5,False
Heliosciurus rufobrachium,포유류,MAMMALIA,LC,0,3.5,False
Heliosciurus ruwenzorii,포유류,MAMMALIA,LC,0,3.5,False
Helogale hirtula,포유류,MAMMALIA,LC,0,4.0,True
Helogale parvula,포유류,MAMMALIA,LC,0,4.0,True
Hemiechinus auritus,포유류,MAMMALIA,VU,2,2.5,False
Hemiechinus collaris,포유류,MAMMALIA,LC,0,2.5,False
Herpailurus yagouaroundi,포유류,MAMMALIA,NT,1,6.0,True
Herpestes flavescens,포유류,MAMMALIA,LC,0,3.0,True
Herpestes ochraceus,포유류,MAMMALIA,LC,0,3.0,True
Herpestes pulverulentus,포유류,MAMMALIA,LC,0,3.0,True
Herpestes sanguineus,포유류,MAMMALIA,LC,0,3.0,True
Heterocephalus glaber,포유류,MAMMALIA,LC,0,5.0,True
Heterogeomys cherriei,포유류,MAMMALIA,LC,0,2.0,True
Heterogeomys dariensis,포유류,MAMMALIA,LC,0,2.0,True
Heteromys adspersus,포유류,MAMMALIA,LC,0,2.0,True
Heteromys anomalus,포유류,MAMMALIA,LC,0,2.0,True
Heteromys australis,포유류,MAMMALIA,LC,0,3.0,True
Heteromys desmarestianus,포유류,MAMMALIA,LC,0,2.0,True
Heteromys gaumeri,포유류,MAMMALIA,LC,0,2.0,True
Heteromys irroratus,포유류,MAMMALIA,LC,0,2.0,True
Heteromys oresterus,포유류,MAMMALIA,LC,0,2.0,True
Heteromys pictus,포유류,MAMMALIA,LC,0,2.0,True
Heteromys salvini,포유류,MAMMALIA,LC,0,2.0,True
Hipposideros abae,포유류,MAMMALIA,LC,0,5.0,True
Hipposideros beatus,포유류,MAMMALIA,LC,0,5.0,True
Hipposideros caffer,포유류,MAMMALIA,LC,0,5.0,True
Hipposideros calcaratus,포유류,MAMMALIA,LC,0,5.0,True
Hipposideros cyclops,무척추/식물/기타,,LC,0,5.0,True
Hipposideros diadema,포유류,MAMMALIA,LC,0,5.0,True
Hipposideros fuliginosus,포유류,MAMMALIA,LC,0,5.0,True
Hipposideros gigas,무척추/식물/기타,,LC,0,5.0,True
Hipposideros grandis,포유류,MAMMALIA,LC,0,5.0,True
Hipposideros madurae,포유류,MAMMALIA,NT,1,5.0,True
Hipposideros megalotis,포유류,MAMMALIA,LC,0,5.0,True
Hipposideros ruber,포유류,MAMMALIA,LC,0,5.0,True
Hipposideros sumbae,포유류,MAMMALIA,LC,0,5.0,True
Hipposideros thomensis,무척추/식물/기타,,LC,0,5.0,True
Hippotragus equinus,포유류,MAMMALIA,LC,0,7.5,True
Histriophoca fasciata,포유류,MAMMALIA,LC,0,10.4,True
Hodomys alleni,포유류,MAMMALIA,LC,0,2.0,True
Holochilus brasiliensis,포유류,MAMMALIA,LC,0,2.0,True
Holochilus chacarius,포유류,MAMMALIA,LC,0,2.0,True
Holochilus sciureus,포유류,MAMMALIA,LC,0,2.0,True
Hoplomys gymnurus,포유류,MAMMALIA,LC,0,5.5,False
Hybomys planifrons,포유류,MAMMALIA,LC,0,1.5,False
Hybomys trivirgatus,포유류,MAMMALIA,LC,0,1.5,False
Hybomys univittatus,포유류,MAMMALIA,LC,0,1.5,False
Hydromys chrysogaster,포유류,MAMMALIA,LC,0,3.0,True
Hydrurga leptonyx,포유류,MAMMALIA,LC,0,10.4,True
Hyemoschus aquaticus,포유류,MAMMALIA,LC,0,5.5,True
Hylaeamys megacephalus,포유류,MAMMALIA,LC,0,1.0,True
Hylaeamys perenensis,포유류,MAMMALIA,LC,0,1.0,True
Hylaeamys yunganus,포유류,MAMMALIA,LC,0,1.0,True
Hylomys suillus,포유류,MAMMALIA,LC,0,3.0,True
Hylomyscus aeta,포유류,MAMMALIA,LC,0,1.5,False
Hylomyscus alleni,포유류,MAMMALIA,LC,0,1.5,False
Hylomyscus carillus,포유류,MAMMALIA,LC,0,1.5,False
Hylopetes alboniger,포유류,MAMMALIA,LC,0,3.5,False
Hylopetes phayrei,포유류,MAMMALIA,LC,0,3.5,False
Hylopetes spadiceus,포유류,MAMMALIA,LC,0,4.0,True
Hyomys goliath,포유류,MAMMALIA,LC,0,1.5,False
Hyosciurus heinrichi,포유류,MAMMALIA,LC,0,3.5,False
Hyperacrius wynnei,포유류,MAMMALIA,LC,0,1.5,False
Hystrix africaeaustralis,포유류,MAMMALIA,LC,0,7.0,True
Hystrix brachyura,포유류,MAMMALIA,LC,0,7.0,True
Hystrix crassispinis,포유류,MAMMALIA,LC,0,1.5,False
Hystrix cristata,포유류,MAMMALIA,LC,0,7.0,True
Hystrix javanica,포유류,MAMMALIA,LC,0,7.0,True
Hystrix sumatrae,포유류,MAMMALIA,LC,0,7.0,True
Ia io,포유류,MAMMALIA,NT,1,5.6,True
Ichneumia albicauda,포유류,MAMMALIA,LC,0,4.0,True
Ictidomys mexicanus,포유류,MAMMALIA,LC,0,3.0,True
Ictidomys tridecemlineatus,포유류,MAMMALIA,LC,0,3.0,True
Ictonyx libycus,포유류,MAMMALIA,LC,0,3.0,True
Ictonyx striatus,포유류,MAMMALIA,LC,0,3.0,True
Idiurus macrotis,포유류,MAMMALIA,LC,0,2.0,True
Idiurus zenkeri,포유류,MAMMALIA,LC,0,2.5,False
Iomys horsfieldii,포유류,MAMMALIA,LC,0,3.0,True
Irenomys tarsalis,포유류,MAMMALIA,LC,0,1.5,False
Isoodon obesulus,포유류,MAMMALIA,LC,0,2.0,True
Isothrix pagurus,포유류,MAMMALIA,LC,0,1.5,False
Isthmomys pirrensis,포유류,MAMMALIA,LC,0,2.0,True
Jaculus blanfordi,포유류,MAMMALIA,LC,0,2.0,True
Jaculus jaculus,포유류,MAMMALIA,LC,0,2.0,True
Jaculus orientalis,포유류,MAMMALIA,LC,0,1.5,False
Juliomys pictipes,포유류,MAMMALIA,LC,0,1.5,False
Kerivoula argentata,포유류,MAMMALIA,LC,0,5.0,True
Kerivoula lanosa,포유류,MAMMALIA,LC,0,5.0,True
Kerivoula phalaena,포유류,MAMMALIA,LC,0,5.0,True
Kerivoula picta,포유류,MAMMALIA,NT,1,5.0,True
Kerivoula smithii,포유류,MAMMALIA,LC,0,5.0,True
Kobus ellipsiprymnus,포유류,MAMMALIA,LC,0,7.1,True
Kunsia tomentosus,포유류,MAMMALIA,LC,0,2.0,True
Laephotis botswanae,포유류,MAMMALIA,LC,0,5.63,True
Laephotis namibensis,포유류,MAMMALIA,LC,0,5.63,True
Laephotis wintoni,포유류,MAMMALIA,LC,0,5.63,True
Lagenorhynchus acutus,포유류,MAMMALIA,LC,0,16.0,True
Lagenorhynchus albirostris,포유류,MAMMALIA,LC,0,18.0,True
Lagidium viscacia,포유류,MAMMALIA,LC,0,6.5,False
Lagurus lagurus,포유류,MAMMALIA,EN,3,1.0,True
Lama guanicoe,포유류,MAMMALIA,LC,0,4.5,False
Lariscus insignis,포유류,MAMMALIA,LC,0,3.5,False
Lasiopodomys brandtii,포유류,MAMMALIA,LC,0,1.5,False
Lasiopodomys fuscus,무척추/식물/기타,,LC,0,1.5,False
Lasiopodomys mandarinus,포유류,MAMMALIA,LC,0,1.5,False
Lavia frons,포유류,MAMMALIA,LC,0,5.43,True
Leggadina forresti,포유류,MAMMALIA,LC,0,1.5,False
Leggadina lakedownensis,포유류,MAMMALIA,LC,0,1.5,False
Lemmiscus curtatus,포유류,MAMMALIA,LC,0,1.5,False
Lemmus amurensis,포유류,MAMMALIA,LC,0,0.5,False
Lemmus lemmus,포유류,MAMMALIA,LC,0,0.5,False
Lemmus trimucronatus,포유류,MAMMALIA,LC,0,0.5,False
Lemniscomys barbarus,포유류,MAMMALIA,LC,0,1.0,True
Lemniscomys bellieri,포유류,MAMMALIA,LC,0,1.5,False
Lemniscomys griselda,포유류,MAMMALIA,LC,0,1.0,True
Lemniscomys linulus,포유류,MAMMALIA,LC,0,1.0,True
Lemniscomys macculus,포유류,MAMMALIA,LC,0,1.0,True
Lemniscomys rosalia,포유류,MAMMALIA,LC,0,1.0,True
Lemniscomys striatus,포유류,MAMMALIA,LC,0,1.0,True
Lemniscomys zebra,포유류,MAMMALIA,LC,0,1.0,True
Lenomys meyeri,포유류,MAMMALIA,LC,0,1.5,False
Lenothrix canus,포유류,MAMMALIA,LC,0,2.0,True
Lenoxus apicalis,포유류,MAMMALIA,LC,0,1.5,False
Leopardus geoffroyi,포유류,MAMMALIA,LC,0,5.0,True
Leopoldamys ciliatus,포유류,MAMMALIA,LC,0,1.5,False
Leopoldamys edwardsi,포유류,MAMMALIA,LC,0,1.5,False
Leopoldamys milleti,포유류,MAMMALIA,LC,0,2.0,True
Leopoldamys sabanus,포유류,MAMMALIA,LC,0,1.5,False
Leptomys elegans,포유류,MAMMALIA,LC,0,1.5,False
Leptomys ernstmayri,포유류,MAMMALIA,LC,0,1.5,False
Leptomys signatus,포유류,MAMMALIA,LC,0,2.0,True
Leptonychotes weddellii,포유류,MAMMALIA,LC,0,10.8,True
Lepus europaeus,포유류,MAMMALIA,LC,0,1.5,True
Lepus timidus,포유류,MAMMALIA,LC,0,2.9,True
Lestodelphys halli,포유류,MAMMALIA,LC,0,1.76,True
Limnomys bryophilus,포유류,MAMMALIA,LC,0,1.5,False
Limnomys sibuanus,포유류,MAMMALIA,LC,0,2.0,True
Lobodon carcinophaga,포유류,MAMMALIA,LC,0,14.9,True
Lophiomys imhausi,포유류,MAMMALIA,LC,0,2.0,True
Lophuromys chrysopus,포유류,MAMMALIA,LC,0,1.5,False
Lophuromys huttereri,포유류,MAMMALIA,LC,0,1.5,False
Lophuromys luteogaster,포유류,MAMMALIA,LC,0,1.5,False
Lophuromys nudicaudus,포유류,MAMMALIA,LC,0,1.5,False
Lophuromys roseveari,포유류,MAMMALIA,LC,0,1.5,False
Lophuromys sikapusi,포유류,MAMMALIA,LC,0,1.5,False
Lophuromys woosnami,포유류,MAMMALIA,LC,0,1.5,False
Lorentzimys nouhuysi,포유류,MAMMALIA,LC,0,1.5,False
Loxodontomys micropus,포유류,MAMMALIA,LC,0,1.5,False
Loxodontomys pikumche,포유류,MAMMALIA,LC,0,1.5,False
Lundomys molitor,포유류,MAMMALIA,LC,0,2.0,True
Lycalopex culpaeus,포유류,MAMMALIA,LC,0,3.5,False
Lycalopex griseus,포유류,MAMMALIA,LC,0,3.5,False
Lycalopex gymnocercus,포유류,MAMMALIA,LC,0,3.5,False
Lycalopex vetulus,포유류,MAMMALIA,NT,1,3.5,False
Lyncodon patagonicus,포유류,MAMMALIA,LC,0,4.8,True
Macaca cyclopis,포유류,MAMMALIA,LC,0,11.0,False
Macaca fuscata,포유류,MAMMALIA,LC,0,12.5,False
Macroglossus minimus,포유류,MAMMALIA,LC,0,4.3,True
Macrotarsomys bastardi,포유류,MAMMALIA,LC,0,1.5,False
Macruromys major,포유류,MAMMALIA,LC,0,1.5,False
Madoqua guentheri,포유류,MAMMALIA,LC,0,3.4,True
Madoqua kirkii,포유류,MAMMALIA,LC,0,3.6,True
Madoqua saltiana,포유류,MAMMALIA,LC,0,3.7,True
Madromys blanfordi,포유류,MAMMALIA,LC,0,2.0,True
Malacomys cansdalei,포유류,MAMMALIA,LC,0,1.5,False
Malacomys edwardsi,포유류,MAMMALIA,LC,0,2.0,True
Malacomys longipes,포유류,MAMMALIA,LC,0,1.5,False
Malacothrix typica,포유류,MAMMALIA,LC,0,1.5,False
Mallomys aroaensis,포유류,MAMMALIA,LC,0,1.7,True
Mallomys istapantap,포유류,MAMMALIA,LC,0,1.5,False
Mallomys rothschildi,포유류,MAMMALIA,LC,0,1.5,False
Mammelomys lanosus,포유류,MAMMALIA,LC,0,1.5,False
Mammelomys rattoides,포유류,MAMMALIA,LC,0,2.0,True
Marmota baibacina,포유류,MAMMALIA,LC,0,5.0,True
Marmota bobak,포유류,MAMMALIA,LC,0,2.5,False
Marmota broweri,포유류,MAMMALIA,LC,0,5.0,True
Marmota caligata,포유류,MAMMALIA,LC,0,5.0,True
Marmota camtschatica,포유류,MAMMALIA,LC,0,5.0,True
Marmota caudata,포유류,MAMMALIA,LC,0,5.0,True
Marmota flaviventris,포유류,MAMMALIA,LC,0,5.5,False
Marmota himalayana,포유류,MAMMALIA,LC,0,5.0,True
Marmota marmota,포유류,MAMMALIA,LC,0,6.5,False
Marmota monax,포유류,MAMMALIA,LC,0,5.0,True
Marmota olympus,포유류,MAMMALIA,LC,0,5.0,True
Martes flavigula,포유류,MAMMALIA,LC,0,7.2,True
Martes melampus,포유류,MAMMALIA,LC,0,4.9,True
Massoutiera mzabi,포유류,MAMMALIA,LC,0,2.5,False
Mastomys coucha,포유류,MAMMALIA,LC,0,1.5,False
Mastomys erythroleucus,포유류,MAMMALIA,LC,0,1.5,False
Mastomys huberti,포유류,MAMMALIA,LC,0,1.5,False
Mastomys kollmannspergeri,포유류,MAMMALIA,LC,0,1.5,False
Mastomys natalensis,포유류,MAMMALIA,LC,0,1.5,False
Mastomys shortridgei,포유류,MAMMALIA,LC,0,1.5,False
Maxomys alticola,포유류,MAMMALIA,LC,0,1.5,False
Maxomys bartelsii,포유류,MAMMALIA,LC,0,2.0,True
Maxomys hellwaldii,포유류,MAMMALIA,LC,0,1.5,False
Maxomys inas,포유류,MAMMALIA,LC,0,2.0,True
Maxomys moi,포유류,MAMMALIA,LC,0,1.5,False
Maxomys musschenbroekii,포유류,MAMMALIA,LC,0,1.5,False
Maxomys panglima,포유류,MAMMALIA,LC,0,1.5,False
Maxomys surifer,포유류,MAMMALIA,LC,0,1.5,False
Megaptera novaeangliae,포유류,MAMMALIA,LC,0,25.5,True
Megasorex gigas,포유류,MAMMALIA,LC,0,1.0,True
Melanomys caliginosus,포유류,MAMMALIA,LC,0,1.5,False
Melanomys robustulus,포유류,MAMMALIA,LC,0,1.5,False
Meles anakuma,포유류,MAMMALIA,LC,0,8.6,True
Meles leucurus,포유류,MAMMALIA,LC,0,6.5,True
Mellivora capensis,포유류,MAMMALIA,LC,0,6.0,True
Melogale moschata,포유류,MAMMALIA,LC,0,4.5,True
Melogale orientalis,포유류,MAMMALIA,LC,0,5.9,True
Melogale personata,포유류,MAMMALIA,LC,0,4.1,True
Melomys burtoni,포유류,MAMMALIA,LC,0,1.5,False
Melomys capensis,포유류,MAMMALIA,LC,0,1.5,False
Melomys cervinipes,포유류,MAMMALIA,LC,0,5.5,False
Melomys dollmani,포유류,MAMMALIA,LC,0,1.5,False
Melomys frigicola,포유류,MAMMALIA,LC,0,2.0,True
Melomys leucogaster,포유류,MAMMALIA,LC,0,1.5,False
Melomys lutillus,포유류,MAMMALIA,LC,0,1.5,False
Melomys obiensis,포유류,MAMMALIA,LC,0,2.0,True
Melomys rufescens,포유류,MAMMALIA,LC,0,1.5,False
Menetes berdmorei,포유류,MAMMALIA,LC,0,4.0,True
Mephitis macroura,포유류,MAMMALIA,LC,0,4.7,True
Meriones arimalius,포유류,MAMMALIA,LC,0,1.5,False
Meriones chengi,포유류,MAMMALIA,LC,0,1.5,False
Meriones crassus,포유류,MAMMALIA,LC,0,1.5,False
Meriones grandis,포유류,MAMMALIA,LC,0,1.5,False
Meriones hurrianae,포유류,MAMMALIA,LC,0,1.5,False
Meriones libycus,포유류,MAMMALIA,LC,0,1.5,False
Meriones persicus,포유류,MAMMALIA,LC,0,1.5,False
Meriones rex,포유류,MAMMALIA,LC,0,1.5,False
Meriones shawi,포유류,MAMMALIA,LC,0,1.5,False
Meriones unguiculatus,포유류,MAMMALIA,LC,0,1.0,True
Meriones vinogradovi,포유류,MAMMALIA,LC,0,1.5,False
Mesechinus dauuricus,포유류,MAMMALIA,LC,0,3.0,True
Mesechinus hughi,포유류,MAMMALIA,LC,0,3.0,True
Mesembriomys macrurus,포유류,MAMMALIA,NT,1,3.0,True
Mesocricetus raddei,포유류,MAMMALIA,LC,0,2.0,True
Mico argentatus,포유류,MAMMALIA,LC,0,6.0,True
Mico mauesi,포유류,MAMMALIA,LC,0,5.8,True
Mico melanurus,포유류,MAMMALIA,NT,1,6.0,True
Mico saterei,포유류,MAMMALIA,LC,0,6.0,True
Microcavia niata,포유류,MAMMALIA,LC,0,2.0,True
Microcebus griseorufus,포유류,MAMMALIA,LC,0,5.6,True
Microcebus murinus,포유류,MAMMALIA,LC,0,5.6,True
Microdipodops megacephalus,포유류,MAMMALIA,LC,0,2.0,True
Microdipodops pallidus,포유류,MAMMALIA,LC,0,2.0,True
Microryzomys altissimus,포유류,MAMMALIA,LC,0,1.5,False
Microryzomys minutus,포유류,MAMMALIA,LC,0,1.5,False
Microsciurus alfari,포유류,MAMMALIA,LC,0,3.0,True
Microsciurus mimulus,포유류,MAMMALIA,LC,0,3.5,False
Microtus abbreviatus,포유류,MAMMALIA,LC,0,1.0,True
Microtus agrestis,포유류,MAMMALIA,LC,0,1.0,True
Microtus arvalis,포유류,MAMMALIA,LC,0,1.0,True
Microtus brachycercus,포유류,MAMMALIA,LC,0,1.0,True
Microtus californicus,포유류,MAMMALIA,LC,0,1.0,True
Microtus canicaudus,포유류,MAMMALIA,LC,0,1.0,True
Microtus chrotorrhinus,포유류,MAMMALIA,LC,0,1.0,True
Microtus daghestanicus,포유류,MAMMALIA,LC,0,1.0,True
Microtus dogramacii,포유류,MAMMALIA,LC,0,1.0,True
Microtus duodecimcostatus,포유류,MAMMALIA,LC,0,1.0,True
Microtus guentheri,포유류,MAMMALIA,LC,0,1.0,True
Microtus ilaeus,포유류,MAMMALIA,LC,0,1.0,True
Microtus liechtensteini,포유류,MAMMALIA,LC,0,1.0,True
Microtus longicaudus,포유류,MAMMALIA,LC,0,1.0,True
Microtus lusitanicus,포유류,MAMMALIA,LC,0,1.0,True
Microtus majori,포유류,MAMMALIA,LC,0,1.0,True
Microtus mexicanus,포유류,MAMMALIA,LC,0,1.0,True
Microtus miurus,포유류,MAMMALIA,LC,0,1.0,True
Microtus montanus,포유류,MAMMALIA,LC,0,1.0,True
Microtus multiplex,포유류,MAMMALIA,LC,0,1.0,True
Microtus ochrogaster,포유류,MAMMALIA,LC,0,1.5,False
Microtus oregoni,포유류,MAMMALIA,LC,0,0.5,False
Microtus paradoxus,포유류,MAMMALIA,LC,0,1.0,True
Microtus pennsylvanicus,포유류,MAMMALIA,LC,0,0.5,False
Microtus pinetorum,포유류,MAMMALIA,LC,0,1.0,True
Microtus richardsoni,포유류,MAMMALIA,LC,0,1.0,True
Microtus savii,포유류,MAMMALIA,LC,0,1.0,True
Microtus schidlovskii,포유류,MAMMALIA,LC,0,1.0,True
Microtus tatricus,포유류,MAMMALIA,LC,0,1.0,True
Microtus thomasi,포유류,MAMMALIA,LC,0,1.0,True
Microtus townsendii,포유류,MAMMALIA,LC,0,1.0,True
Microtus transcaspicus,포유류,MAMMALIA,LC,0,1.0,True
Millardia gleadowi,포유류,MAMMALIA,LC,0,1.5,False
Millardia kathleenae,포유류,MAMMALIA,LC,0,1.5,False
Millardia meltada,포유류,MAMMALIA,LC,0,1.5,False
Mimetillus moloneyi,포유류,MAMMALIA,LC,0,5.63,True
Miniopterus fraterculus,포유류,MAMMALIA,LC,0,5.46,True
Miniopterus gleni,포유류,MAMMALIA,LC,0,5.46,True
Miniopterus inflatus,포유류,MAMMALIA,LC,0,5.46,True
Miniopterus majori,포유류,MAMMALIA,LC,0,5.46,True
Miniopterus manavi,포유류,MAMMALIA,LC,0,5.46,True
Miniopterus natalensis,포유류,MAMMALIA,LC,0,5.46,True
Miniopterus sororculus,포유류,MAMMALIA,LC,0,5.46,True
Miopithecus ogouensis,포유류,MAMMALIA,NT,1,8.0,True
Mirounga angustirostris,포유류,MAMMALIA,LC,0,8.7,True
Mirounga leonina,포유류,MAMMALIA,VU,2,9.5,True
Mogera imaizumii,포유류,MAMMALIA,LC,0,2.0,True
Mogera insularis,포유류,MAMMALIA,LC,0,1.5,False
Mogera robusta,포유류,MAMMALIA,LC,0,4.0,True
Mogera wogura,포유류,MAMMALIA,LC,0,2.0,True
Mops brachypterus,포유류,MAMMALIA,LC,0,3.9,True
Mops congicus,포유류,MAMMALIA,LC,0,3.9,True
Mops demonstrator,포유류,MAMMALIA,LC,0,3.9,True
Mops leucostigma,포유류,MAMMALIA,LC,0,3.9,True
Mops midas,포유류,MAMMALIA,LC,0,3.9,True
Mops nanulus,포유류,MAMMALIA,LC,0,3.9,True
Mops niveiventer,포유류,MAMMALIA,LC,0,3.9,True
Mops spurrelli,포유류,MAMMALIA,LC,0,3.9,True
Mops thersites,포유류,MAMMALIA,LC,0,3.9,True
Mormopterus jugularis,포유류,MAMMALIA,LC,0,3.91,True
Mungos gambianus,포유류,MAMMALIA,LC,0,4.0,True
Mungos mungo,포유류,MAMMALIA,LC,0,4.3,True
Muriculus imberbis,포유류,MAMMALIA,LC,0,1.5,False
Murina florium,포유류,MAMMALIA,LC,0,3.5,False
Murina harrisoni,포유류,MAMMALIA,LC,0,5.0,True
Murina leucogaster,포유류,MAMMALIA,LC,0,5.0,True
Mus baoulei,포유류,MAMMALIA,LC,0,1.0,True
Mus booduga,포유류,MAMMALIA,LC,0,1.5,False
Mus bufo,포유류,MAMMALIA,LC,0,1.0,True
Mus caroli,포유류,MAMMALIA,LC,0,1.5,False
Mus cervicolor,포유류,MAMMALIA,LC,0,1.5,False
Mus cookii,포유류,MAMMALIA,LC,0,1.5,False
Mus cypriacus,포유류,MAMMALIA,LC,0,1.5,False
Mus haussa,포유류,MAMMALIA,LC,0,1.0,True
Mus indutus,포유류,MAMMALIA,LC,0,1.0,True
Mus mahomet,포유류,MAMMALIA,LC,0,1.5,False
Mus mattheyi,포유류,MAMMALIA,LC,0,1.5,False
Mus minutoides,포유류,MAMMALIA,LC,0,1.0,True
Mus musculoides,포유류,MAMMALIA,LC,0,1.0,True
Mus pahari,포유류,MAMMALIA,LC,0,1.5,False
Mus phillipsi,포유류,MAMMALIA,LC,0,1.5,False
Mus platythrix,포유류,MAMMALIA,LC,0,1.5,False
Mus saxicola,포유류,MAMMALIA,LC,0,1.5,False
Mus setulosus,포유류,MAMMALIA,LC,0,1.5,False
Mus setzeri,포유류,MAMMALIA,LC,0,1.0,True
Mus shortridgei,포유류,MAMMALIA,LC,0,1.5,False
Mus sorella,포유류,MAMMALIA,LC,0,1.5,False
Mus spicilegus,포유류,MAMMALIA,LC,0,1.5,False
Mus tenellus,포유류,MAMMALIA,LC,0,1.5,False
Mus terricolor,포유류,MAMMALIA,LC,0,2.0,True
Mus triton,포유류,MAMMALIA,LC,0,1.5,False
Muscardinus avellanarius,포유류,MAMMALIA,LC,0,2.0,True
Mustela kathiah,포유류,MAMMALIA,LC,0,3.4,True
Mustela lutreolina,포유류,MAMMALIA,LC,0,4.8,True
Mustela nudipes,포유류,MAMMALIA,LC,0,6.6,True
Mustela strigidorsa,포유류,MAMMALIA,LC,0,6.4,True
Mustela subpalmata,포유류,MAMMALIA,LC,0,2.0,True
Mydaus javanensis,포유류,MAMMALIA,LC,0,4.75,True
Mydaus marchei,포유류,MAMMALIA,LC,0,7.8,True
Mylomys dybowskii,포유류,MAMMALIA,LC,0,1.5,False
Myomyscus angolensis,포유류,MAMMALIA,LC,0,1.5,False
Myomyscus brockmani,포유류,MAMMALIA,LC,0,1.5,False
Myomyscus verreauxii,포유류,MAMMALIA,LC,0,1.5,False
Myopterus whitleyi,포유류,MAMMALIA,LC,0,3.91,True
Myosciurus pumilio,포유류,MAMMALIA,LC,0,3.0,True
Myosorex varius,포유류,MAMMALIA,LC,0,1.0,True
Myospalax aspalax,포유류,MAMMALIA,LC,0,2.5,False
Myospalax myospalax,포유류,MAMMALIA,LC,0,2.5,False
Myospalax psilurus,포유류,MAMMALIA,LC,0,2.5,False
Myotis adversus,포유류,MAMMALIA,LC,0,6.9,True
Myotis aurascens,포유류,MAMMALIA,LC,0,5.8,True
Myotis blythii,포유류,MAMMALIA,VU,2,7.0,True
Myotis bocagii,포유류,MAMMALIA,LC,0,5.77,True
Myotis brandtii,포유류,MAMMALIA,LC,0,5.8,True
Myotis formosus,포유류,MAMMALIA,NT,1,5.8,True
Myotis gomantongensis,포유류,MAMMALIA,LC,0,5.8,True
Myotis goudoti,포유류,MAMMALIA,LC,0,5.77,True
Myotis septentrionalis,포유류,MAMMALIA,NT,1,6.0,True
Myotis siligorensis,포유류,MAMMALIA,LC,0,5.5,False
Myotis tricolor,포유류,MAMMALIA,LC,0,6.86,True
Myotis welwitschii,포유류,MAMMALIA,LC,0,6.86,True
Myzopoda aurita,포유류,MAMMALIA,LC,0,5.67,True
Myzopoda schliemanni,포유류,MAMMALIA,LC,0,5.67,True
Nandinia binotata,포유류,MAMMALIA,LC,0,4.0,True
Nannosciurus melanotis,포유류,MAMMALIA,LC,0,3.0,True
Nanonycteris veldkampii,포유류,MAMMALIA,LC,0,4.25,True
Napaeozapus insignis,포유류,MAMMALIA,LC,0,2.0,True
Nasua nasua,포유류,MAMMALIA,LC,0,7.6,True
Neacomys dubosti,포유류,MAMMALIA,LC,0,1.5,False
Neacomys guianae,포유류,MAMMALIA,LC,0,1.5,False
Neacomys minutus,포유류,MAMMALIA,LC,0,1.5,False
Neacomys musseri,포유류,MAMMALIA,LC,0,1.5,False
Neacomys paracou,포유류,MAMMALIA,LC,0,1.5,False
Neacomys spinosus,포유류,MAMMALIA,LC,0,1.5,False
Neacomys tenuipes,포유류,MAMMALIA,LC,0,1.5,False
Necromys amoenus,포유류,MAMMALIA,LC,0,1.5,False
Necromys benefactus,포유류,MAMMALIA,LC,0,1.5,False
Necromys lactens,포유류,MAMMALIA,LC,0,1.5,False
Necromys lasiurus,포유류,MAMMALIA,LC,0,1.5,False
Necromys lenguarum,포유류,MAMMALIA,LC,0,1.5,False
Necromys temchuki,포유류,MAMMALIA,LC,0,1.5,False
Necromys urichi,포유류,MAMMALIA,LC,0,1.5,False
Nectogale elegans,포유류,MAMMALIA,LC,0,1.0,True
Nectomys apicalis,포유류,MAMMALIA,LC,0,1.5,False
Nectomys palmipes,포유류,MAMMALIA,LC,0,1.5,False
Nectomys rattus,포유류,MAMMALIA,LC,0,2.0,True
Nectomys squamipes,포유류,MAMMALIA,LC,0,1.5,False
Neodon irene,포유류,MAMMALIA,LC,0,1.5,False
Neodon sikimensis,포유류,MAMMALIA,LC,0,1.5,False
Neofiber alleni,포유류,MAMMALIA,LC,0,2.0,True
Neomicroxus bogotensis,포유류,MAMMALIA,LC,0,1.5,False
Neomys anomalus,포유류,MAMMALIA,LC,0,0.5,False
Neomys fodiens,포유류,MAMMALIA,LC,0,1.5,False
Neomys teres,포유류,MAMMALIA,LC,0,2.0,True
Neoromicia capensis,무척추/식물/기타,,LC,0,5.16,True
Neoromicia guineensis,포유류,MAMMALIA,LC,0,5.16,True
Neoromicia matroka,무척추/식물/기타,,LC,0,6.57,True
Neoromicia nana,무척추/식물/기타,,LC,0,5.16,True
Neoromicia rendalli,무척추/식물/기타,,LC,0,5.16,True
Neoromicia somalica,포유류,MAMMALIA,LC,0,5.16,True
Neoromicia tenuipinnis,무척추/식물/기타,,LC,0,5.16,True
Neoromicia zuluensis,포유류,MAMMALIA,LC,0,5.16,True
Neotamias alpinus,포유류,MAMMALIA,LC,0,3.0,True
Neotamias amoenus,포유류,MAMMALIA,LC,0,2.0,True
Neotamias canipes,포유류,MAMMALIA,LC,0,3.0,True
Neotamias cinereicollis,포유류,MAMMALIA,LC,0,3.0,True
Neotamias dorsalis,포유류,MAMMALIA,LC,0,3.0,True
Neotamias durangae,포유류,MAMMALIA,LC,0,3.0,True
Neotamias merriami,포유류,MAMMALIA,LC,0,3.0,True
Neotamias minimus,포유류,MAMMALIA,LC,0,3.0,True
Neotamias obscurus,포유류,MAMMALIA,LC,0,3.0,True
Neotamias ochrogenys,포유류,MAMMALIA,LC,0,3.0,True
Neotamias panamintinus,포유류,MAMMALIA,LC,0,3.0,True
Neotamias quadrimaculatus,포유류,MAMMALIA,LC,0,3.0,True
Neotamias quadrivittatus,포유류,MAMMALIA,LC,0,3.0,True
Neotamias ruficaudus,포유류,MAMMALIA,LC,0,3.0,True
Neotamias rufus,포유류,MAMMALIA,LC,0,3.0,True
Neotamias senex,포유류,MAMMALIA,LC,0,3.0,True
Neotamias siskiyou,포유류,MAMMALIA,LC,0,3.0,True
Neotamias sonomae,포유류,MAMMALIA,LC,0,3.0,True
Neotamias speciosus,포유류,MAMMALIA,LC,0,3.0,True
Neotamias townsendii,포유류,MAMMALIA,LC,0,3.0,True
Neotamias umbrinus,포유류,MAMMALIA,LC,0,3.0,True
Neotetracus sinensis,포유류,MAMMALIA,LC,0,3.0,True
Neotoma albigula,포유류,MAMMALIA,LC,0,2.5,False
Neotoma chrysomelas,포유류,MAMMALIA,LC,0,2.5,False
Neotoma cinerea,포유류,MAMMALIA,LC,0,2.0,True
Neotoma devia,포유류,MAMMALIA,LC,0,2.0,True
Neotoma floridana,포유류,MAMMALIA,LC,0,2.0,True
Neotoma fuscipes,포유류,MAMMALIA,LC,0,2.0,True
Neotoma goldmani,포유류,MAMMALIA,LC,0,2.0,True
Neotoma lepida,포유류,MAMMALIA,LC,0,3.0,True
Neotoma leucodon,포유류,MAMMALIA,LC,0,2.0,True
Neotoma macrotis,포유류,MAMMALIA,LC,0,1.5,False
Neotoma mexicana,포유류,MAMMALIA,LC,0,2.0,True
Neotoma micropus,포유류,MAMMALIA,LC,0,1.0,True
Neotoma stephensi,포유류,MAMMALIA,LC,0,2.0,True
Neotomodon alstoni,포유류,MAMMALIA,LC,0,1.5,False
Neotomys ebriosus,포유류,MAMMALIA,LC,0,2.0,True
Neotragus batesi,포유류,MAMMALIA,LC,0,4.3,True
Neotragus pygmaeus,포유류,MAMMALIA,LC,0,4.3,True
Nephelomys albigularis,포유류,MAMMALIA,LC,0,1.5,False
Nephelomys auriventer,포유류,MAMMALIA,LC,0,1.5,False
Nephelomys caracolus,포유류,MAMMALIA,LC,0,2.0,True
Nephelomys devius,포유류,MAMMALIA,LC,0,1.5,False
Nephelomys keaysi,포유류,MAMMALIA,LC,0,1.5,False
Nephelomys levipes,포유류,MAMMALIA,LC,0,1.5,False
Nephelomys meridensis,포유류,MAMMALIA,LC,0,1.5,False
Nesokia indica,포유류,MAMMALIA,LC,0,1.5,False
Nesomys audeberti,포유류,MAMMALIA,LC,0,2.5,False
Nesomys rufus,포유류,MAMMALIA,LC,0,2.5,False
Nesotragus moschatus,포유류,MAMMALIA,LC,0,4.0,True
Neurotrichus gibbsii,포유류,MAMMALIA,LC,0,2.0,True
Neusticomys monticolus,포유류,MAMMALIA,LC,0,1.5,False
Neusticomys peruviensis,포유류,MAMMALIA,LC,0,1.5,False
Ningaui timealeyi,포유류,MAMMALIA,LC,0,1.0,True
Niviventer andersoni,포유류,MAMMALIA,LC,0,1.5,False
Niviventer brahma,포유류,MAMMALIA,LC,0,1.5,False
Niviventer confucianus,포유류,MAMMALIA,LC,0,1.5,False
Niviventer coninga,포유류,MAMMALIA,LC,0,1.5,False
Niviventer eha,포유류,MAMMALIA,LC,0,1.5,False
Niviventer excelsior,포유류,MAMMALIA,LC,0,1.5,False
Niviventer fraternus,포유류,MAMMALIA,LC,0,1.5,False
Niviventer fulvescens,포유류,MAMMALIA,LC,0,1.5,False
Niviventer langbianis,포유류,MAMMALIA,LC,0,1.5,False
Niviventer lepturus,포유류,MAMMALIA,LC,0,2.0,True
Niviventer niviventer,포유류,MAMMALIA,LC,0,1.5,False
Niviventer rapit,포유류,MAMMALIA,LC,0,1.5,False
Niviventer tenaster,포유류,MAMMALIA,LC,0,1.5,False
Notiomys edwardsii,포유류,MAMMALIA,LC,0,1.5,False
Notiosorex cockrumi,포유류,MAMMALIA,LC,0,1.0,True
Notiosorex crawfordi,포유류,MAMMALIA,LC,0,1.0,True
Notiosorex evotis,포유류,MAMMALIA,LC,0,1.0,True
Notocitellus adocetus,포유류,MAMMALIA,LC,0,3.0,True
Notocitellus annulatus,포유류,MAMMALIA,LC,0,2.5,False
Notomys alexis,포유류,MAMMALIA,LC,0,2.0,True
Notomys mitchellii,포유류,MAMMALIA,LC,0,1.0,True
Notoryctes caurinus,포유류,MAMMALIA,LC,0,10.0,True
Notoryctes typhlops,포유류,MAMMALIA,LC,0,12.5,False
Nyctalus leisleri,포유류,MAMMALIA,LC,0,4.6,True
Nycteris arge,포유류,MAMMALIA,LC,0,5.0,True
Nycteris aurita,포유류,MAMMALIA,LC,0,5.0,True
Nycteris gambiensis,포유류,MAMMALIA,LC,0,5.0,True
Nycteris grandis,포유류,MAMMALIA,LC,0,5.0,True
Nycteris hispida,포유류,MAMMALIA,LC,0,5.0,True
Nycteris intermedia,포유류,MAMMALIA,LC,0,5.0,True
Nycteris macrotis,포유류,MAMMALIA,LC,0,5.0,True
Nycteris nana,포유류,MAMMALIA,LC,0,5.0,True
Nycteris thebaica,포유류,MAMMALIA,LC,0,5.0,True
Nycteris woodi,포유류,MAMMALIA,LC,0,5.0,True
Nyctimene vizcaccia,포유류,MAMMALIA,LC,0,4.3,True
Nyctomys sumichrasti,포유류,MAMMALIA,LC,0,1.5,False
Nyctophilus gouldi,포유류,MAMMALIA,LC,0,5.6,True
Ochrotomys nuttalli,포유류,MAMMALIA,LC,0,1.0,True
Octodon degus,포유류,MAMMALIA,LC,0,3.5,False
Octomys mimax,포유류,MAMMALIA,LC,0,3.5,False
Oecomys auyantepui,포유류,MAMMALIA,LC,0,1.5,False
Oecomys bicolor,포유류,MAMMALIA,LC,0,1.5,False
Oecomys catherinae,포유류,MAMMALIA,LC,0,1.5,False
Oecomys flavicans,포유류,MAMMALIA,LC,0,1.5,False
Oecomys mamorae,포유류,MAMMALIA,LC,0,1.5,False
Oecomys phaeotis,포유류,MAMMALIA,LC,0,1.5,False
Oecomys rex,포유류,MAMMALIA,LC,0,1.5,False
Oecomys roberti,포유류,MAMMALIA,LC,0,1.5,False
Oecomys rutilus,포유류,MAMMALIA,LC,0,1.5,False
Oecomys speciosus,포유류,MAMMALIA,LC,0,1.5,False
Oecomys superans,포유류,MAMMALIA,LC,0,1.5,False
Oecomys trinitatis,포유류,MAMMALIA,LC,0,1.5,False
Oenomys hypoxanthus,포유류,MAMMALIA,LC,0,1.5,False
Oligoryzomys andinus,포유류,MAMMALIA,LC,0,1.0,True
Oligoryzomys arenalis,포유류,MAMMALIA,LC,0,1.5,False
Oligoryzomys chacoensis,포유류,MAMMALIA,LC,0,1.5,False
Oligoryzomys delticola,포유류,MAMMALIA,LC,0,1.5,False
Oligoryzomys destructor,포유류,MAMMALIA,LC,0,1.5,False
Oligoryzomys eliurus,포유류,MAMMALIA,LC,0,1.5,False
Oligoryzomys flavescens,포유류,MAMMALIA,LC,0,1.5,False
Oligoryzomys fornesi,포유류,MAMMALIA,LC,0,1.5,False
Oligoryzomys fulvescens,포유류,MAMMALIA,LC,0,1.5,False
Oligoryzomys griseolus,포유류,MAMMALIA,LC,0,1.5,False
Oligoryzomys longicaudatus,포유류,MAMMALIA,LC,0,1.5,False
Oligoryzomys magellanicus,포유류,MAMMALIA,LC,0,1.5,False
Oligoryzomys microtis,포유류,MAMMALIA,LC,0,1.5,False
Oligoryzomys nigripes,포유류,MAMMALIA,LC,0,1.5,False
Oligoryzomys stramineus,포유류,MAMMALIA,LC,0,1.5,False
Oligoryzomys vegetus,포유류,MAMMALIA,LC,0,1.5,False
Ommatophoca rossii,포유류,MAMMALIA,LC,0,8.6,True
Onychomys arenicola,포유류,MAMMALIA,LC,0,1.5,False
Onychomys leucogaster,포유류,MAMMALIA,LC,0,1.5,False
Onychomys torridus,포유류,MAMMALIA,LC,0,1.5,False
Oreamnos americanus,포유류,MAMMALIA,LC,0,7.0,True
Orthogeomys cavator,포유류,MAMMALIA,LC,0,2.0,True
Orthogeomys grandis,포유류,MAMMALIA,LC,0,2.0,True
Orthogeomys heterodus,포유류,MAMMALIA,LC,0,2.0,True
Orthogeomys hispidus,포유류,MAMMALIA,LC,0,2.0,True
Orthogeomys underwoodi,포유류,MAMMALIA,LC,0,1.5,False
Oryx gazella,포유류,MAMMALIA,LC,0,7.1,True
Oryzomys couesi,포유류,MAMMALIA,LC,0,0.5,False
Oryzomys palustris,포유류,MAMMALIA,LC,0,0.5,False
Osgoodomys banderanus,포유류,MAMMALIA,LC,0,1.5,False
Otaria byronia,포유류,MAMMALIA,LC,0,10.6,True
Otomops madagascariensis,포유류,MAMMALIA,LC,0,3.9,True
Otomys anchietae,포유류,MAMMALIA,LC,0,1.5,False
Otomys angoniensis,포유류,MAMMALIA,LC,0,1.5,False
Otomys cuanzensis,포유류,MAMMALIA,LC,0,1.5,False
Otomys denti,포유류,MAMMALIA,LC,0,1.5,False
Otomys irroratus,포유류,MAMMALIA,LC,0,1.5,False
Otomys laminatus,포유류,MAMMALIA,NT,1,1.5,False
Otomys sloggetti,포유류,MAMMALIA,LC,0,1.5,False
Otomys tropicalis,포유류,MAMMALIA,LC,0,1.5,False
Otomys typus,포유류,MAMMALIA,LC,0,1.5,False
Otomys unisulcatus,포유류,MAMMALIA,LC,0,1.5,False
Otonycteris hemprichii,포유류,MAMMALIA,LC,0,5.62,True
Otonyctomys hatti,포유류,MAMMALIA,LC,0,1.5,False
Otospermophilus variegatus,포유류,MAMMALIA,LC,0,2.5,False
Ototylomys phyllotis,포유류,MAMMALIA,LC,0,1.5,False
Ovis canadensis,포유류,MAMMALIA,LC,0,7.0,True
Ovis dalli,포유류,MAMMALIA,LC,0,7.0,True
Oxymycterus amazonicus,포유류,MAMMALIA,LC,0,1.5,False
Oxymycterus angularis,포유류,MAMMALIA,LC,0,1.5,False
Oxymycterus caparoae,포유류,MAMMALIA,LC,0,1.5,False
Oxymycterus dasytrichus,포유류,MAMMALIA,LC,0,1.5,False
Oxymycterus delator,포유류,MAMMALIA,LC,0,1.5,False
Oxymycterus hiska,포유류,MAMMALIA,LC,0,1.5,False
Oxymycterus hispidus,포유류,MAMMALIA,LC,0,1.5,False
Oxymycterus inca,포유류,MAMMALIA,LC,0,1.5,False
Oxymycterus nasutus,포유류,MAMMALIA,LC,0,1.5,False
Oxymycterus paramensis,포유류,MAMMALIA,LC,0,1.5,False
Oxymycterus quaestor,포유류,MAMMALIA,LC,0,1.5,False
Oxymycterus roberti,포유류,MAMMALIA,LC,0,1.5,False
Oxymycterus rufus,포유류,MAMMALIA,LC,0,1.5,False
Pachyuromys duprasi,포유류,MAMMALIA,LC,0,2.0,True
Pagophilus groenlandicus,포유류,MAMMALIA,NT,1,18.0,True
Paguma larvata,포유류,MAMMALIA,LC,0,8.0,True
Paracrocidura schoutedeni,포유류,MAMMALIA,LC,0,1.0,True
Paracynictis selousi,포유류,MAMMALIA,LC,0,3.0,True
Paradipus ctenodactylus,포유류,MAMMALIA,LC,0,2.0,True
Paradoxurus hermaphroditus,포유류,MAMMALIA,LC,0,7.7,True
Paradoxurus jerdoni,포유류,MAMMALIA,LC,0,5.0,True
Paradoxurus zeylonensis,포유류,MAMMALIA,LC,0,8.8,True
Paraechinus aethiopicus,포유류,MAMMALIA,LC,0,3.0,True
Paraechinus hypomelas,포유류,MAMMALIA,LC,0,3.0,True
Paraechinus micropus,포유류,MAMMALIA,LC,0,3.0,True
Paraechinus nudiventris,포유류,MAMMALIA,LC,0,3.0,True
Parahydromys asper,포유류,MAMMALIA,LC,0,1.5,False
Paramelomys levipes,포유류,MAMMALIA,LC,0,1.5,False
Paramelomys lorentzii,포유류,MAMMALIA,LC,0,1.5,False
Paramelomys mollis,포유류,MAMMALIA,LC,0,1.5,False
Paramelomys moncktoni,포유류,MAMMALIA,LC,0,1.5,False
Paramelomys naso,포유류,MAMMALIA,LC,0,1.5,False
Paramelomys platyops,포유류,MAMMALIA,LC,0,1.5,False
Paramelomys rubex,포유류,MAMMALIA,LC,0,1.5,False
Parascalops breweri,포유류,MAMMALIA,LC,0,2.0,True
Parascaptor leucura,포유류,MAMMALIA,LC,0,2.0,True
Paraxerus alexandri,포유류,MAMMALIA,LC,0,3.0,True
Paraxerus boehmi,포유류,MAMMALIA,LC,0,3.0,True
Paraxerus cepapi,포유류,MAMMALIA,LC,0,3.5,False
Paraxerus flavovittis,포유류,MAMMALIA,LC,0,3.5,False
Paraxerus ochraceus,포유류,MAMMALIA,LC,0,3.5,False
Paraxerus palliatus,포유류,MAMMALIA,LC,0,3.5,False
Paraxerus poensis,포유류,MAMMALIA,LC,0,3.5,False
Paremballonura atrata,포유류,MAMMALIA,LC,0,2.45,True
Paremballonura tiavato,포유류,MAMMALIA,LC,0,2.45,True
Parotomys brantsii,포유류,MAMMALIA,LC,0,1.5,False
Parotomys littledalei,포유류,MAMMALIA,LC,0,1.5,False
Pattonomys semivillosus,포유류,MAMMALIA,LC,0,1.5,False
Pectinator spekei,포유류,MAMMALIA,LC,0,3.5,False
Pedetes capensis,포유류,MAMMALIA,LC,0,5.5,False
Pedetes surdaster,포유류,MAMMALIA,LC,0,5.0,True
Pelea capreolus,포유류,MAMMALIA,NT,1,4.4,True
Pelomys campanae,포유류,MAMMALIA,LC,0,1.5,False
Pelomys fallax,포유류,MAMMALIA,LC,0,1.5,False
Pelomys minor,포유류,MAMMALIA,LC,0,1.5,False
Perodicticus potto,포유류,MAMMALIA,NT,1,9.0,True
Perognathus amplus,포유류,MAMMALIA,LC,0,2.0,True
Perognathus fasciatus,포유류,MAMMALIA,LC,0,2.0,True
Perognathus flavescens,포유류,MAMMALIA,LC,0,2.5,False
Perognathus flavus,포유류,MAMMALIA,LC,0,2.5,False
Perognathus inornatus,포유류,MAMMALIA,LC,0,2.0,True
Perognathus longimembris,포유류,MAMMALIA,LC,0,2.5,False
Perognathus merriami,포유류,MAMMALIA,LC,0,2.5,False
Perognathus parvus,포유류,MAMMALIA,LC,0,1.5,False
Peromyscus attwateri,포유류,MAMMALIA,LC,0,1.5,False
Peromyscus aztecus,포유류,MAMMALIA,LC,0,1.5,False
Peromyscus beatae,포유류,MAMMALIA,LC,0,1.5,False
Peromyscus boylii,포유류,MAMMALIA,LC,0,0.5,False
Peromyscus californicus,포유류,MAMMALIA,LC,0,1.5,False
Peromyscus crinitus,포유류,MAMMALIA,LC,0,2.0,True
Peromyscus difficilis,포유류,MAMMALIA,LC,0,1.5,False
Peromyscus eremicus,포유류,MAMMALIA,LC,0,2.5,False
Peromyscus eva,포유류,MAMMALIA,LC,0,1.5,False
Peromyscus fraterculus,포유류,MAMMALIA,LC,0,1.5,False
Peromyscus gossypinus,포유류,MAMMALIA,LC,0,0.5,False
Peromyscus gratus,포유류,MAMMALIA,LC,0,1.5,False
Peromyscus guatemalensis,포유류,MAMMALIA,LC,0,1.5,False
Peromyscus hooperi,포유류,MAMMALIA,LC,0,1.74,True
Peromyscus hylocetes,포유류,MAMMALIA,LC,0,1.5,False
Peromyscus keeni,포유류,MAMMALIA,LC,0,1.5,False
Peromyscus leucopus,포유류,MAMMALIA,LC,0,1.5,False
Peromyscus levipes,포유류,MAMMALIA,LC,0,1.5,False
Peromyscus maniculatus,포유류,MAMMALIA,LC,0,2.5,False
Peromyscus megalops,포유류,MAMMALIA,LC,0,1.5,False
Peromyscus melanophrys,포유류,MAMMALIA,LC,0,1.5,False
Peromyscus melanotis,포유류,MAMMALIA,LC,0,1.5,False
Peromyscus merriami,포유류,MAMMALIA,LC,0,1.5,False
Peromyscus mexicanus,포유류,MAMMALIA,LC,0,1.5,False
Peromyscus nasutus,포유류,MAMMALIA,LC,0,1.5,False
Peromyscus pectoralis,포유류,MAMMALIA,LC,0,1.5,False
Peromyscus perfulvus,포유류,MAMMALIA,LC,0,1.5,False
Peromyscus polionotus,포유류,MAMMALIA,LC,0,1.5,False
Peromyscus schmidlyi,포유류,MAMMALIA,LC,0,1.74,True
Peromyscus spicilegus,포유류,MAMMALIA,LC,0,1.5,False
Peromyscus stirtoni,포유류,MAMMALIA,LC,0,1.5,False
Peromyscus truei,포유류,MAMMALIA,LC,0,1.5,False
Peromyscus yucatanicus,포유류,MAMMALIA,LC,0,1.5,False
Petaurista alborufus,포유류,MAMMALIA,LC,0,5.0,True
Petaurista elegans,포유류,MAMMALIA,LC,0,5.5,False
Petaurista leucogenys,포유류,MAMMALIA,LC,0,5.5,False
Petaurista magnificus,포유류,MAMMALIA,LC,0,5.5,False
Petaurista petaurista,포유류,MAMMALIA,LC,0,5.5,False
Petaurista philippensis,포유류,MAMMALIA,LC,0,5.0,True
Petaurista xanthotis,포유류,MAMMALIA,LC,0,5.0,True
Petinomys crinitus,포유류,MAMMALIA,LC,0,3.5,False
Petinomys fuscocapillus,포유류,MAMMALIA,LC,0,3.25,False
Petinomys mindanensis,포유류,MAMMALIA,LC,0,3.5,False
Petrogale brachyotis,포유류,MAMMALIA,LC,0,5.0,True
Petromus typicus,포유류,MAMMALIA,LC,0,2.5,False
Petromyscus barbouri,포유류,MAMMALIA,LC,0,2.5,False
Petromyscus collinus,포유류,MAMMALIA,LC,0,1.5,False
Petromyscus monticularis,포유류,MAMMALIA,LC,0,1.5,False
Petromyscus shortridgei,포유류,MAMMALIA,LC,0,1.5,False
Phaiomys leucurus,포유류,MAMMALIA,LC,0,1.5,False
Phenacomys intermedius,포유류,MAMMALIA,LC,0,1.5,False
Phenacomys ungava,포유류,MAMMALIA,LC,0,1.5,False
Philantomba maxwellii,포유류,MAMMALIA,LC,0,4.8,True
Philantomba monticola,포유류,MAMMALIA,LC,0,4.5,True
Phloeomys pallidus,포유류,MAMMALIA,LC,0,1.5,False
Phodopus sungorus,포유류,MAMMALIA,LC,0,1.0,True
Phyllomys blainvillii,포유류,MAMMALIA,LC,0,1.5,False
Phyllomys dasythrix,포유류,MAMMALIA,LC,0,1.5,False
Phyllomys nigrispinus,포유류,MAMMALIA,LC,0,1.5,False
Phyllotis amicus,포유류,MAMMALIA,LC,0,1.5,False
Phyllotis andium,포유류,MAMMALIA,LC,0,1.5,False
Phyllotis caprinus,포유류,MAMMALIA,LC,0,1.5,False
Phyllotis darwini,포유류,MAMMALIA,LC,0,1.5,False
Phyllotis haggardi,포유류,MAMMALIA,LC,0,1.5,False
Phyllotis limatus,포유류,MAMMALIA,LC,0,1.5,False
Phyllotis magister,포유류,MAMMALIA,LC,0,1.5,False
Phyllotis osilae,포유류,MAMMALIA,LC,0,1.5,False
Phyllotis wolffsohni,포유류,MAMMALIA,LC,0,1.5,False
Phyllotis xanthopygus,포유류,MAMMALIA,LC,0,1.5,False
Pipistrellus anchietae,무척추/식물/기타,,LC,0,5.16,True
Pipistrellus collinus,포유류,MAMMALIA,LC,0,5.2,True
Pipistrellus crassulus,포유류,MAMMALIA,LC,0,5.16,True
Pipistrellus hesperidus,포유류,MAMMALIA,LC,0,5.2,True
Pipistrellus imbricatus,포유류,MAMMALIA,LC,0,5.2,True
Pipistrellus nanulus,포유류,MAMMALIA,LC,0,5.16,True
Pipistrellus papuanus,포유류,MAMMALIA,LC,0,5.2,True
Pipistrellus rueppellii,무척추/식물/기타,,LC,0,5.16,True
Pipistrellus rusticus,포유류,MAMMALIA,LC,0,5.16,True
Pipistrellus subflavus,무척추/식물/기타,,VU,2,5.0,True
Pithecia aequatorialis,포유류,MAMMALIA,LC,0,10.0,True
Pithecia chrysocephala,포유류,MAMMALIA,LC,0,10.0,True
Pithecia pithecia,포유류,MAMMALIA,LC,0,10.0,True
Planigale gilesi,포유류,MAMMALIA,LC,0,2.0,True
Planigale ingrami,포유류,MAMMALIA,LC,0,2.0,True
Planigale maculata,포유류,MAMMALIA,LC,0,2.0,True
Planigale tenuirostris,포유류,MAMMALIA,LC,0,2.0,True
Platymops setiger,포유류,MAMMALIA,LC,0,3.91,True
Plecotus kolombatovici,포유류,MAMMALIA,LC,0,5.0,True
Podogymnura truei,포유류,MAMMALIA,LC,0,3.0,True
Poecilogale albinucha,포유류,MAMMALIA,LC,0,3.0,True
Pogonomelomys brassi,포유류,MAMMALIA,LC,0,1.5,False
Pogonomelomys mayeri,포유류,MAMMALIA,LC,0,1.5,False
Pogonomys loriae,포유류,MAMMALIA,LC,0,1.5,False
Pogonomys macrourus,포유류,MAMMALIA,LC,0,1.5,False
Pogonomys sylvestris,포유류,MAMMALIA,LC,0,1.5,False
Poiana richardsonii,포유류,MAMMALIA,LC,0,4.0,True
Poliocitellus franklinii,포유류,MAMMALIA,LC,0,2.5,False
Potos flavus,포유류,MAMMALIA,LC,0,11.4,True
Praomys daltoni,포유류,MAMMALIA,LC,0,1.5,False
Praomys delectorum,포유류,MAMMALIA,LC,0,1.5,False
Praomys derooi,포유류,MAMMALIA,LC,0,1.5,False
Praomys jacksoni,포유류,MAMMALIA,LC,0,1.5,False
Praomys lukolelae,포유류,MAMMALIA,LC,0,1.5,False
Praomys misonnei,포유류,MAMMALIA,LC,0,1.5,False
Praomys petteri,포유류,MAMMALIA,LC,0,1.5,False
Praomys rostratus,포유류,MAMMALIA,LC,0,1.5,False
Praomys tullbergi,포유류,MAMMALIA,LC,0,1.5,False
Prionodon linsang,포유류,MAMMALIA,LC,0,4.2,True
Prionodon pardicolor,포유류,MAMMALIA,LC,0,4.3,True
Procapra gutturosa,포유류,MAMMALIA,LC,0,4.2,True
Procavia capensis,포유류,MAMMALIA,LC,0,4.5,False
Procyon cancrivorus,포유류,MAMMALIA,LC,0,6.0,True
Proechimys canicollis,포유류,MAMMALIA,LC,0,1.5,False
Proechimys semispinosus,포유류,MAMMALIA,LC,0,3.0,True
Protochromys fellowsi,포유류,MAMMALIA,LC,0,1.5,False
Protoxerus stangeri,포유류,MAMMALIA,LC,0,3.5,False
Psammomys obesus,포유류,MAMMALIA,LC,0,1.5,False
Pseudantechinus bilarni,포유류,MAMMALIA,NT,1,2.0,True
Pseudochirops archeri,포유류,MAMMALIA,NT,1,4.5,False
Pseudohydromys berniceae,포유류,MAMMALIA,LC,0,1.7,True
Pseudohydromys ellermani,포유류,MAMMALIA,LC,0,1.5,False
Pseudohydromys fuscus,포유류,MAMMALIA,LC,0,1.5,False
Pseudohydromys murinus,포유류,MAMMALIA,LC,0,1.5,False
Pseudomys albocinereus,포유류,MAMMALIA,LC,0,2.0,True
Pseudomys apodemoides,포유류,MAMMALIA,LC,0,2.0,True
Pseudomys bolami,포유류,MAMMALIA,LC,0,2.0,True
Pseudomys chapmani,포유류,MAMMALIA,LC,0,3.0,True
Pseudomys delicatulus,포유류,MAMMALIA,LC,0,2.4,True
Pseudomys desertor,포유류,MAMMALIA,LC,0,2.0,True
Pseudomys gracilicaudatus,포유류,MAMMALIA,LC,0,2.0,True
Pseudomys hermannsburgensis,포유류,MAMMALIA,LC,0,3.0,True
Pseudomys higginsi,포유류,MAMMALIA,LC,0,2.0,True
Pseudomys johnsoni,포유류,MAMMALIA,LC,0,2.0,True
Pseudomys nanus,포유류,MAMMALIA,LC,0,2.4,True
Pseudomys occidentalis,포유류,MAMMALIA,NT,1,3.0,True
Pseudomys patrius,포유류,MAMMALIA,LC,0,2.0,True
Pseudoryzomys simplex,포유류,MAMMALIA,LC,0,1.5,False
Pteromys momonga,포유류,MAMMALIA,LC,0,3.5,False
Pteromys volans,포유류,MAMMALIA,NT,1,3.8,True
Pteropus giganteus,무척추/식물/기타,,EN,3,8.1,True
Pteropus hypomelanus,포유류,MAMMALIA,NT,1,8.1,True
Pteropus leucopterus,무척추/식물/기타,,VU,2,8.1,True
Pteropus macrotis,포유류,MAMMALIA,LC,0,8.1,True
Pteropus neohibernicus,포유류,MAMMALIA,LC,0,8.1,True
Ptilocercus lowii,포유류,MAMMALIA,LC,0,4.0,True
Pusa sibirica,포유류,MAMMALIA,LC,0,21.6,True
Pygeretmus platyurus,포유류,MAMMALIA,LC,0,1.5,False
Pygeretmus pumilio,포유류,MAMMALIA,LC,0,1.5,False
Raphicerus campestris,포유류,MAMMALIA,LC,0,3.9,True
Raphicerus sharpei,포유류,MAMMALIA,LC,0,4.0,True
Rattus andamanensis,포유류,MAMMALIA,LC,0,1.0,True
Rattus annandalei,포유류,MAMMALIA,LC,0,1.5,False
Rattus argentiventer,포유류,MAMMALIA,LC,0,1.0,True
Rattus arrogans,포유류,MAMMALIA,LC,0,1.5,False
Rattus baluensis,포유류,MAMMALIA,LC,0,1.5,False
Rattus colletti,포유류,MAMMALIA,LC,0,1.0,True
Rattus everetti,포유류,MAMMALIA,LC,0,1.0,True
Rattus exulans,포유류,MAMMALIA,LC,0,1.0,True
Rattus fuscipes,포유류,MAMMALIA,LC,0,1.0,True
Rattus hoffmanni,포유류,MAMMALIA,LC,0,1.0,True
Rattus leucopus,포유류,MAMMALIA,LC,0,1.0,True
Rattus losea,포유류,MAMMALIA,LC,0,1.0,True
Rattus lutreolus,포유류,MAMMALIA,LC,0,1.0,True
Rattus marmosurus,포유류,MAMMALIA,LC,0,1.5,False
Rattus mordax,포유류,MAMMALIA,LC,0,1.0,True
Rattus morotaiensis,포유류,MAMMALIA,LC,0,1.5,False
Rattus niobe,포유류,MAMMALIA,LC,0,1.0,True
Rattus nitidus,포유류,MAMMALIA,LC,0,1.0,True
Rattus norvegicus,포유류,MAMMALIA,LC,0,1.5,False
Rattus novaeguineae,포유류,MAMMALIA,LC,0,1.5,False
Rattus osgoodi,포유류,MAMMALIA,LC,0,2.0,True
Rattus pococki,포유류,MAMMALIA,LC,0,1.0,True
Rattus praetor,포유류,MAMMALIA,LC,0,1.0,True
Rattus pyctoris,포유류,MAMMALIA,LC,0,1.0,True
Rattus sordidus,포유류,MAMMALIA,LC,0,1.0,True
Rattus steini,포유류,MAMMALIA,LC,0,1.0,True
Rattus tanezumi,포유류,MAMMALIA,LC,0,1.0,True
Rattus tiomanicus,포유류,MAMMALIA,LC,0,1.0,True
Rattus tunneyi,포유류,MAMMALIA,LC,0,1.5,False
Rattus verecundus,포유류,MAMMALIA,LC,0,1.0,True
Rattus villosissimus,포유류,MAMMALIA,LC,0,1.0,True
Ratufa indica,포유류,MAMMALIA,LC,0,12.0,True
Redunca arundinum,포유류,MAMMALIA,LC,0,4.4,True
Redunca redunca,포유류,MAMMALIA,LC,0,4.2,True
Reithrodon auritus,포유류,MAMMALIA,LC,0,1.5,False
Reithrodon typicus,포유류,MAMMALIA,LC,0,1.5,False
Reithrodontomys brevirostris,포유류,MAMMALIA,LC,0,0.5,False
Reithrodontomys chrysopsis,포유류,MAMMALIA,LC,0,0.5,False
Reithrodontomys creper,포유류,MAMMALIA,LC,0,0.5,False
Reithrodontomys darienensis,포유류,MAMMALIA,LC,0,0.5,False
Reithrodontomys fulvescens,포유류,MAMMALIA,LC,0,0.5,False
Reithrodontomys gracilis,포유류,MAMMALIA,LC,0,0.5,False
Reithrodontomys megalotis,포유류,MAMMALIA,LC,0,0.5,False
Reithrodontomys mexicanus,포유류,MAMMALIA,LC,0,0.5,False
Reithrodontomys microdon,포유류,MAMMALIA,LC,0,0.5,False
Reithrodontomys montanus,포유류,MAMMALIA,LC,0,0.5,False
Reithrodontomys rodriguezi,포유류,MAMMALIA,LC,0,0.5,False
Reithrodontomys sumichrasti,포유류,MAMMALIA,LC,0,0.5,False
Reithrodontomys zacatecae,포유류,MAMMALIA,LC,0,0.5,False
Rhabdomys pumilio,포유류,MAMMALIA,LC,0,1.0,True
Rhagomys longilingua,포유류,MAMMALIA,LC,0,1.5,False
Rheomys raptor,포유류,MAMMALIA,LC,0,1.5,False
Rheomys underwoodi,포유류,MAMMALIA,LC,0,4.0,True
Rhinolophus alcyone,포유류,MAMMALIA,LC,0,7.47,True
Rhinolophus blasii,포유류,MAMMALIA,VU,2,9.0,True
Rhinolophus celebensis,포유류,MAMMALIA,LC,0,7.5,True
Rhinolophus clivosus,포유류,MAMMALIA,LC,0,7.47,True
Rhinolophus darlingi,포유류,MAMMALIA,LC,0,8.04,True
Rhinolophus denti,포유류,MAMMALIA,LC,0,8.04,True
Rhinolophus eloquens,포유류,MAMMALIA,LC,0,7.47,True
Rhinolophus ferrumequinum,포유류,MAMMALIA,LC,0,9.0,True
Rhinolophus fumigatus,포유류,MAMMALIA,LC,0,7.47,True
Rhinolophus hildebrandtii,포유류,MAMMALIA,LC,0,7.47,True
Rhinolophus hipposideros,포유류,MAMMALIA,LC,0,9.0,True
Rhinolophus landeri,포유류,MAMMALIA,LC,0,8.04,True
Rhinolophus simulator,포유류,MAMMALIA,LC,0,8.04,True
Rhinolophus swinnyi,포유류,MAMMALIA,LC,0,8.04,True
Rhinolophus trifoliatus,포유류,MAMMALIA,NT,1,7.5,True
Rhinopoma hardwickii,포유류,MAMMALIA,LC,0,5.17,True
Rhinopoma microphyllum,포유류,MAMMALIA,LC,0,5.17,True
Rhipidomys austrinus,포유류,MAMMALIA,LC,0,1.5,False
Rhipidomys couesi,포유류,MAMMALIA,LC,0,1.5,False
Rhipidomys emiliae,포유류,MAMMALIA,LC,0,1.5,False
Rhipidomys fulviventer,포유류,MAMMALIA,LC,0,1.5,False
Rhipidomys gardneri,포유류,MAMMALIA,LC,0,1.5,False
Rhipidomys latimanus,포유류,MAMMALIA,LC,0,1.5,False
Rhipidomys leucodactylus,포유류,MAMMALIA,LC,0,1.5,False
Rhipidomys macconnelli,포유류,MAMMALIA,LC,0,1.5,False
Rhipidomys macrurus,포유류,MAMMALIA,LC,0,1.5,False
Rhipidomys mastacalis,포유류,MAMMALIA,LC,0,2.0,True
Rhipidomys modicus,포유류,MAMMALIA,LC,0,1.5,False
Rhipidomys nitela,포유류,MAMMALIA,LC,0,1.5,False
Rhipidomys venezuelae,포유류,MAMMALIA,LC,0,1.5,False
Rhipidomys venustus,포유류,MAMMALIA,LC,0,1.5,False
Rhipidomys wetzeli,포유류,MAMMALIA,LC,0,1.5,False
Rhizomys pruinosus,포유류,MAMMALIA,LC,0,5.0,True
Rhizomys sinensis,포유류,MAMMALIA,LC,0,2.0,True
Rhizomys sumatrensis,포유류,MAMMALIA,LC,0,5.0,True
Rhombomys opimus,포유류,MAMMALIA,LC,0,1.0,True
Rhynchogale melleri,포유류,MAMMALIA,LC,0,3.0,True
Rousettus aegyptiacus,포유류,MAMMALIA,CR,4,5.0,True
Rousettus leschenaultii,포유류,MAMMALIA,NT,1,4.6,True
Rupicapra rupicapra,포유류,MAMMALIA,LC,0,9.5,False
Saccolaimus peli,포유류,MAMMALIA,LC,0,2.16,True
Saccostomus campestris,포유류,MAMMALIA,LC,0,1.0,True
Saccostomus mearnsi,포유류,MAMMALIA,LC,0,1.0,True
Saguinus martinsi,포유류,MAMMALIA,NT,1,6.0,True
Saguinus nigricollis,무척추/식물/기타,,LC,0,6.0,True
Salpingotus kozlovi,포유류,MAMMALIA,LC,0,2.0,True
Sapajus libidinosus,포유류,MAMMALIA,NT,1,16.0,True
Sauromys petrophilus,포유류,MAMMALIA,LC,0,3.91,True
Scalopus aquaticus,포유류,MAMMALIA,LC,0,2.5,False
Scapanulus oweni,포유류,MAMMALIA,LC,0,2.0,True
Scapanus latimanus,포유류,MAMMALIA,LC,0,1.5,False
Scapanus orarius,포유류,MAMMALIA,LC,0,1.5,False
Scapanus townsendii,포유류,MAMMALIA,LC,0,1.5,False
Scapteromys aquaticus,포유류,MAMMALIA,LC,0,2.0,True
Scapteromys tumidus,포유류,MAMMALIA,LC,0,2.0,True
Scaptochirus moschatus,포유류,MAMMALIA,LC,0,2.0,True
Scaptonyx fusicaudus,포유류,MAMMALIA,LC,0,2.0,True
Sciurocheirus alleni,포유류,MAMMALIA,NT,1,4.0,True
Sciurotamias davidianus,포유류,MAMMALIA,LC,0,3.0,True
Sciurotamias forresti,포유류,MAMMALIA,LC,0,3.5,False
Sciurus aberti,포유류,MAMMALIA,LC,0,6.0,True
Sciurus aestuans,포유류,MAMMALIA,LC,0,5.5,False
Sciurus alleni,포유류,MAMMALIA,LC,0,5.5,False
Sciurus aureogaster,포유류,MAMMALIA,LC,0,6.0,True
Sciurus colliaei,포유류,MAMMALIA,LC,0,5.5,False
Sciurus deppei,포유류,MAMMALIA,LC,0,5.0,True
Sciurus granatensis,포유류,MAMMALIA,LC,0,5.0,True
Sciurus griseus,포유류,MAMMALIA,LC,0,6.0,True
Sciurus igniventris,포유류,MAMMALIA,LC,0,5.0,True
Sciurus lis,포유류,MAMMALIA,LC,0,5.5,False
Sciurus nayaritensis,포유류,MAMMALIA,LC,0,5.5,False
Sciurus niger,포유류,MAMMALIA,LC,0,4.5,False
Sciurus oculatus,포유류,MAMMALIA,LC,0,5.5,False
Sciurus spadiceus,포유류,MAMMALIA,LC,0,5.5,False
Sciurus stramineus,포유류,MAMMALIA,LC,0,5.5,False
Sciurus variegatoides,포유류,MAMMALIA,LC,0,5.5,False
Sciurus vulgaris,포유류,MAMMALIA,LC,0,4.0,True
Sciurus yucatanensis,포유류,MAMMALIA,LC,0,5.0,True
Scolomys melanops,포유류,MAMMALIA,LC,0,1.5,False
Scolomys ucayalensis,포유류,MAMMALIA,LC,0,1.5,False
Scotinomys teguina,포유류,MAMMALIA,LC,0,1.5,False
Scotinomys xerampelinus,포유류,MAMMALIA,LC,0,1.5,False
Scotoecus hirundo,포유류,MAMMALIA,LC,0,5.63,True
Scotomanes ornatus,포유류,MAMMALIA,LC,0,5.6,True
Scotonycteris zenkeri,포유류,MAMMALIA,NT,1,4.25,True
Scotophilus dinganii,포유류,MAMMALIA,LC,0,5.62,True
Scotophilus heathii,포유류,MAMMALIA,LC,0,5.6,True
Scotophilus leucogaster,포유류,MAMMALIA,LC,0,5.62,True
Scotophilus marovaza,포유류,MAMMALIA,LC,0,5.62,True
Scotophilus nigrita,포유류,MAMMALIA,LC,0,5.62,True
Scotophilus nux,포유류,MAMMALIA,LC,0,5.62,True
Scotophilus robustus,포유류,MAMMALIA,LC,0,5.62,True
Scotophilus viridis,포유류,MAMMALIA,LC,0,5.62,True
Scutisorex somereni,포유류,MAMMALIA,LC,0,1.0,True
Sekeetamys calurus,포유류,MAMMALIA,LC,0,1.5,False
Semnopithecus dussumieri,무척추/식물/기타,,LC,0,11.0,False
Semnopithecus schistaceus,포유류,MAMMALIA,LC,0,12.0,True
Sicista betulina,포유류,MAMMALIA,LC,0,2.0,True
Sicista concolor,포유류,MAMMALIA,LC,0,2.0,True
Sicista napaea,포유류,MAMMALIA,LC,0,2.0,True
Sicista severtzovi,포유류,MAMMALIA,CR,4,2.0,True
Sicista subtilis,포유류,MAMMALIA,LC,0,2.0,True
Sigmodon alstoni,포유류,MAMMALIA,LC,0,1.5,False
Sigmodon arizonae,포유류,MAMMALIA,LC,0,1.5,False
Sigmodon fulviventer,포유류,MAMMALIA,LC,0,1.5,False
Sigmodon hirsutus,포유류,MAMMALIA,LC,0,1.5,False
Sigmodon hispidus,포유류,MAMMALIA,LC,0,1.5,False
Sigmodon leucotis,포유류,MAMMALIA,LC,0,1.5,False
Sigmodon mascotensis,포유류,MAMMALIA,LC,0,1.5,False
Sigmodon ochrognathus,포유류,MAMMALIA,LC,0,1.5,False
Sigmodon peruanus,포유류,MAMMALIA,LC,0,1.5,False
Sigmodon toltecus,포유류,MAMMALIA,LC,0,1.5,False
Sigmodontomys alfari,포유류,MAMMALIA,LC,0,1.5,False
Sminthopsis leucopus,포유류,MAMMALIA,LC,0,1.0,True
Sooretamys angouya,포유류,MAMMALIA,LC,0,2.0,True
Sorex araneus,포유류,MAMMALIA,LC,0,1.0,True
Sorex arcticus,포유류,MAMMALIA,LC,0,1.0,True
Sorex arizonae,포유류,MAMMALIA,LC,0,1.0,True
Sorex asper,포유류,MAMMALIA,LC,0,1.5,False
Sorex bairdi,포유류,MAMMALIA,LC,0,1.0,True
Sorex bedfordiae,포유류,MAMMALIA,LC,0,1.0,True
Sorex bendirii,포유류,MAMMALIA,LC,0,0.5,False
Sorex caecutiens,포유류,MAMMALIA,LC,0,1.0,True
Sorex camtschatica,포유류,MAMMALIA,LC,0,1.0,True
Sorex cinereus,포유류,MAMMALIA,LC,0,0.5,False
Sorex coronatus,포유류,MAMMALIA,LC,0,0.5,False
Sorex cylindricauda,포유류,MAMMALIA,LC,0,1.0,True
Sorex daphaenodon,포유류,MAMMALIA,LC,0,1.0,True
Sorex dispar,포유류,MAMMALIA,LC,0,1.0,True
Sorex emarginatus,포유류,MAMMALIA,LC,0,1.0,True
Sorex excelsus,포유류,MAMMALIA,LC,0,1.0,True
Sorex fumeus,포유류,MAMMALIA,LC,0,1.0,True
Sorex gracillimus,포유류,MAMMALIA,LC,0,1.0,True
Sorex granarius,포유류,MAMMALIA,LC,0,1.5,False
Sorex haydeni,포유류,MAMMALIA,LC,0,1.0,True
Sorex hosonoi,포유류,MAMMALIA,LC,0,1.0,True
Sorex hoyi,포유류,MAMMALIA,LC,0,1.0,True
Sorex isodon,포유류,MAMMALIA,LC,0,0.9,True
Sorex jacksoni,포유류,MAMMALIA,LC,0,1.0,True
Sorex longirostris,포유류,MAMMALIA,LC,0,1.0,True
Sorex lyelli,포유류,MAMMALIA,LC,0,1.0,True
Sorex maritimensis,포유류,MAMMALIA,LC,0,1.5,False
Sorex mediopua,포유류,MAMMALIA,LC,0,1.0,True
Sorex merriami,포유류,MAMMALIA,LC,0,1.0,True
Sorex minutissimus,포유류,MAMMALIA,LC,0,1.0,True
Sorex minutus,포유류,MAMMALIA,LC,0,1.0,True
Sorex nanus,포유류,MAMMALIA,LC,0,1.0,True
Sorex oreopolus,포유류,MAMMALIA,LC,0,1.0,True
Sorex orizabae,포유류,MAMMALIA,LC,0,1.0,True
Sorex ornatus,포유류,MAMMALIA,LC,0,1.0,True
Sorex pacificus,포유류,MAMMALIA,LC,0,0.5,False
Sorex palustris,포유류,MAMMALIA,LC,0,0.5,False
Sorex planiceps,포유류,MAMMALIA,LC,0,1.0,True
Sorex preblei,포유류,MAMMALIA,LC,0,1.0,True
Sorex raddei,포유류,MAMMALIA,LC,0,2.0,True
Sorex roboratus,포유류,MAMMALIA,LC,0,0.5,False
Sorex rohweri,포유류,MAMMALIA,LC,0,1.0,True
Sorex samniticus,포유류,MAMMALIA,LC,0,1.0,True
Sorex satunini,포유류,MAMMALIA,LC,0,1.0,True
Sorex saussurei,포유류,MAMMALIA,LC,0,1.0,True
Sorex shinto,포유류,MAMMALIA,LC,0,1.0,True
Sorex sonomae,포유류,MAMMALIA,LC,0,1.0,True
Sorex tenellus,포유류,MAMMALIA,LC,0,1.0,True
Sorex trowbridgii,포유류,MAMMALIA,LC,0,1.0,True
Sorex tundrensis,포유류,MAMMALIA,LC,0,1.0,True
Sorex ugyunak,포유류,MAMMALIA,LC,0,1.0,True
Sorex unguiculatus,포유류,MAMMALIA,LC,0,1.0,True
Sorex vagrans,포유류,MAMMALIA,LC,0,1.0,True
Sorex ventralis,포유류,MAMMALIA,LC,0,1.0,True
Sorex veraecrucis,포유류,MAMMALIA,LC,0,1.0,True
Sorex veraepacis,포유류,MAMMALIA,LC,0,1.0,True
Sorex yukonicus,포유류,MAMMALIA,LC,0,1.0,True
Soricomys kalinga,포유류,MAMMALIA,LC,0,1.5,False
Soricomys musseri,포유류,MAMMALIA,LC,0,1.5,False
Soriculus nigrescens,포유류,MAMMALIA,LC,0,1.0,True
Spalacopus cyanus,포유류,MAMMALIA,LC,0,3.5,False
Spalax microphthalmus,포유류,MAMMALIA,LC,0,3.5,False
Spermophilopsis leptodactylus,포유류,MAMMALIA,LC,0,2.5,False
Spermophilus alashanicus,포유류,MAMMALIA,LC,0,2.5,False
Spermophilus brevicauda,포유류,MAMMALIA,LC,0,2.5,False
Spermophilus dauricus,포유류,MAMMALIA,LC,0,2.5,False
Spermophilus erythrogenys,포유류,MAMMALIA,LC,0,2.5,False
Spermophilus fulvus,포유류,MAMMALIA,LC,0,2.5,False
Spermophilus major,포유류,MAMMALIA,NT,1,2.5,False
Spermophilus pallidicauda,포유류,MAMMALIA,LC,0,2.5,False
Spermophilus pygmaeus,포유류,MAMMALIA,CR,4,2.5,False
Spermophilus ralli,포유류,MAMMALIA,LC,0,2.5,False
Spermophilus relictus,포유류,MAMMALIA,LC,0,2.5,False
Spermophilus taurensis,포유류,MAMMALIA,LC,0,2.5,False
Sphaerias blanfordi,포유류,MAMMALIA,LC,0,5.0,False
Steatomys bocagei,포유류,MAMMALIA,LC,0,2.5,False
Steatomys caurinus,포유류,MAMMALIA,LC,0,1.5,False
Steatomys cuppedius,포유류,MAMMALIA,LC,0,2.5,False
Steatomys krebsii,포유류,MAMMALIA,LC,0,1.5,False
Steatomys opimus,포유류,MAMMALIA,LC,0,1.5,False
Steatomys parvus,포유류,MAMMALIA,LC,0,2.5,False
Steatomys pratensis,포유류,MAMMALIA,LC,0,1.5,False
