scientific_name,iucn_class,taxon_group,iucn_category,iucn_score
Panthera tigris,MAMMALIA,포유류,EN,3
Ailuropoda melanoleuca,MAMMALIA,포유류,VU,2
Ursus maritimus,MAMMALIA,포유류,VU,2
Rhinoceros sondaicus,MAMMALIA,포유류,CR,4
Gorilla beringei graueri,MAMMALIA,포유류,CR,4
Phocoena sinus,MAMMALIA,포유류,CR,4
Rhincodon typus,CHONDRICHTHYES,어류,EN,3
Grus japonensis,AVES,조류,VU,2
Raphus cucullatus,AVES,조류,EX,5
Thylacinus cynocephalus,MAMMALIA,포유류,EX,5
Ectopistes migratorius,AVES,조류,EX,5
Lipotes vexillifer,MAMMALIA,포유류,CR,4
Atelopus oxyrhynchus,AMPHIBIA,양서류,CR,4
Antilophia bokermanni,AVES,조류,CR,4
Pseudobulweria aterrima,AVES,조류,CR,4
Dobsonia chapmani,MAMMALIA,포유류,CR,4
Uromys boeadii,MAMMALIA,포유류,CR,4
Acinonyx jubatus venaticus,MAMMALIA,포유류,VU,2
Gymnobelideus leadbeateri,MAMMALIA,포유류,CR,4
Eutrichomyias rowleyi,AVES,조류,CR,4
Acipenser sturio,ACTINOPTERYGII,어류,CR,4
Bunolagus monticularis,MAMMALIA,포유류,CR,4
Holoaden bradei,AMPHIBIA,양서류,CR,4
Aloe dorotheae,LILIOPSIDA,식물,CR,4
Rosselia bracteata,MAGNOLIOPSIDA,식물,CR,4
Pygmaeocereus bylesianus,MAGNOLIOPSIDA,식물,CR,4
Gobio hettitorum,ACTINOPTERYGII,어류,CR,4
Cheirolophus crassifolius,MAGNOLIOPSIDA,식물,CR,4
Santamartamys rufodorsalis,MAMMALIA,포유류,CR,4
Alstonia penangiana,MAGNOLIOPSIDA,식물,CR,4
Epalzeorhynchos bicolor,ACTINOPTERYGII,어류,CR,4
Clupeonella abrau,ACTINOPTERYGII,어류,CR,4
Eriosyce chilensis,MAGNOLIOPSIDA,식물,CR,4
Crocodylus intermedius,REPTILIA,파충류,CR,4
Mammillaria marcosii,MAGNOLIOPSIDA,식물,CR,4
Mammillaria pennispinosa,MAGNOLIOPSIDA,식물,CR,4
Gyps africanus,AVES,조류,CR,4
Cuora yunnanensis,REPTILIA,파충류,CR,4
Trachycystis placenta,GASTROPODA,무척추,CR,4
Agrotis fasciata,INSECTA,무척추,CR,4
Parodia buiningii,MAGNOLIOPSIDA,식물,CR,4
Coregonus trybomi,ACTINOPTERYGII,어류,EX,5
Manis javanica,MAMMALIA,포유류,CR,4
Cyprinus micristius,ACTINOPTERYGII,어류,CR,4
Cyprinella bocagrande,ACTINOPTERYGII,어류,CR,4
Bulbophyllum sanguineum,LILIOPSIDA,식물,CR,4
Rhinopithecus brelichi,MAMMALIA,포유류,CR,4
Sphyrna corona,CHONDRICHTHYES,어류,CR,4
Dermatemys mawii,REPTILIA,파충류,CR,4
Caecocypris basimi,ACTINOPTERYGII,어류,CR,4
Sideroxylon hirtiantherum,MAGNOLIOPSIDA,식물,CR,4
Cottus petiti,ACTINOPTERYGII,어류,CR,4
Cuora mccordi,REPTILIA,파충류,CR,4
Radula visianica,JUNGERMANNIOPSIDA,식물,CR,4
Uebelmannia buiningii,MAGNOLIOPSIDA,식물,CR,4
Erythrodiplax nivea,INSECTA,무척추,CR,4
Angostura alipes,MAGNOLIOPSIDA,식물,CR,4
Nomascus concolor,MAMMALIA,포유류,CR,4
Nepenthes dubia,MAGNOLIOPSIDA,식물,CR,4
Lepidochelys kempii,REPTILIA,파충류,CR,4
Alosa alosa,ACTINOPTERYGII,어류,CR,4
Syzygium andamanicum,MAGNOLIOPSIDA,식물,CR,4
Macaca nigra,MAMMALIA,포유류,CR,4
Pereskia quisqueyana,MAGNOLIOPSIDA,식물,CR,4
Weberocereus frohningiorum,MAGNOLIOPSIDA,식물,CR,4
Crocodylus mindorensis,REPTILIA,파충류,CR,4
Cyprinodon diabolis,ACTINOPTERYGII,어류,CR,4
Gambusia hurtadoi,ACTINOPTERYGII,어류,CR,4
Aloe fragilis,LILIOPSIDA,식물,CR,4
Rhynchobatus djiddensis,CHONDRICHTHYES,어류,CR,4
Cycas collina,CYCADOPSIDA,식물,CR,4
Aphrastura masafuerae,AVES,조류,CR,4
Partula arguta,GASTROPODA,무척추,CR,4
Montivipera wagneri,REPTILIA,파충류,CR,4
Heosemys annandalii,REPTILIA,파충류,CR,4
Agrotis kerri,INSECTA,무척추,CR,4
Sarothrura ayresi,AVES,조류,CR,4
Cuora pani,REPTILIA,파충류,CR,4
Kinixys homeana,REPTILIA,파충류,CR,4
Eupsophus insularis,AMPHIBIA,양서류,CR,4
Litoria castanea,AMPHIBIA,양서류,CR,4
Anthochaera phrygia,AVES,조류,CR,4
Mecistops cataphractus,REPTILIA,파충류,CR,4
Otus insularis,AVES,조류,CR,4
Cremnomys elvira,MAMMALIA,포유류,CR,4
Libellula angelina,INSECTA,무척추,CR,4
Cyclanorbis elegans,REPTILIA,파충류,CR,4
Vanellus gregarius,AVES,조류,CR,4
Nilssonia leithii,REPTILIA,파충류,CR,4
Auerodendron pauciflorum,MAGNOLIOPSIDA,식물,CR,4
Rhizanthella gardneri,LILIOPSIDA,식물,CR,4
Mammillaria herrerae,MAGNOLIOPSIDA,식물,CR,4
Turbinicarpus laui,MAGNOLIOPSIDA,식물,CR,4
Cyornis banyumas,AVES,조류,CR,4
Microcycas calocoma,CYCADOPSIDA,식물,CR,4
Melanotaenia parva,ACTINOPTERYGII,어류,CR,4
Pangasius sanitwongsei,ACTINOPTERYGII,어류,CR,4
Didunculus strigirostris,AVES,조류,CR,4
Byblis gigantea,MAGNOLIOPSIDA,식물,CR,4
Pungu maclareni,ACTINOPTERYGII,어류,CR,4
Nematogenys inermis,ACTINOPTERYGII,어류,CR,4
Pharotis imogene,MAMMALIA,포유류,CR,4
Tahina spectabilis,LILIOPSIDA,식물,CR,4
Mammillaria albiflora,MAGNOLIOPSIDA,식물,CR,4
Pteropus aruensis,MAMMALIA,포유류,CR,4
Mammillaria glochidiata,MAGNOLIOPSIDA,식물,CR,4
Haliotis rufescens,GASTROPODA,무척추,CR,4
Phoboscincus bocourti,REPTILIA,파충류,CR,4
Minyobates steyermarki,AMPHIBIA,양서류,CR,4
Pristimantis xylochobates,AMPHIBIA,양서류,CR,4
Turbinicarpus swobodae,MAGNOLIOPSIDA,식물,CR,4
Pseudoeurycea saltator,AMPHIBIA,양서류,CR,4
Aloe pearsonii,LILIOPSIDA,식물,CR,4
Hynobius glacialis,AMPHIBIA,양서류,CR,4
Salmo fibreni,ACTINOPTERYGII,어류,CR,4
Amphilophus chancho,ACTINOPTERYGII,어류,CR,4
Amphilophus zaliosus,ACTINOPTERYGII,어류,CR,4
Plecotus teneriffae,MAMMALIA,포유류,CR,4
Aloe leandrii,LILIOPSIDA,식물,CR,4
Adansonia perrieri,MAGNOLIOPSIDA,식물,CR,4
Chiropterotriton mosaueri,AMPHIBIA,양서류,CR,4
Oophaga histrionica,AMPHIBIA,양서류,CR,4
Ecnomiohyla rabborum,AMPHIBIA,양서류,CR,4
Abies beshanzuensis,PINOPSIDA,식물,CR,4
Wikstroemia villosa,MAGNOLIOPSIDA,식물,CR,4
Rhizosomichthys totae,ACTINOPTERYGII,어류,CR,4
Aaptosyax grypus,ACTINOPTERYGII,어류,CR,4
Anoxypristis cuspidata,CHONDRICHTHYES,어류,CR,4
Probarbus jullieni,ACTINOPTERYGII,어류,CR,4
Nepenthes macrophylla,MAGNOLIOPSIDA,식물,CR,4
Melocactus conoideus,MAGNOLIOPSIDA,식물,CR,4
Haptanthus hazlettii,MAGNOLIOPSIDA,식물,CR,4
Pristis zijsron,CHONDRICHTHYES,어류,CR,4
Amphilophus astorquii,ACTINOPTERYGII,어류,CR,4
Ipomoea pulcherrima,MAGNOLIOPSIDA,식물,CR,4
Tylomys tumbalensis,MAMMALIA,포유류,CR,4
Glyptemys muhlenbergii,REPTILIA,파충류,CR,4
Salmo ezenami,ACTINOPTERYGII,어류,CR,4
Myaka myaka,ACTINOPTERYGII,어류,CR,4
Eleutherodactylus amadeus,AMPHIBIA,양서류,CR,4
Nepenthes attenboroughii,MAGNOLIOPSIDA,식물,CR,4
Poecilotheria metallica,ARACHNIDA,무척추,CR,4
Amphilophus flaveolus,ACTINOPTERYGII,어류,CR,4
Crocidura harenna,MAMMALIA,포유류,CR,4
Lygodactylus williamsi,REPTILIA,파충류,CR,4
Mexipedium xerophyticum,LILIOPSIDA,식물,CR,4
Uromys porculus,MAMMALIA,포유류,CR,4
Dorcopsis atrata,MAMMALIA,포유류,CR,4
Phalanger matanim,MAMMALIA,포유류,CR,4
Murina tenebrosa,MAMMALIA,포유류,CR,4
Agrotis laysanensis,INSECTA,무척추,CR,4
Begonia salaziensis,MAGNOLIOPSIDA,식물,CR,4
Juania australis,LILIOPSIDA,식물,CR,4
Diceros bicornis,MAMMALIA,포유류,CR,4
Craugastor tabasarae,AMPHIBIA,양서류,CR,4
Aloe albiflora,LILIOPSIDA,식물,CR,4
Turbinicarpus mandragora,MAGNOLIOPSIDA,식물,CR,4
Uromys imperator,MAMMALIA,포유류,CR,4
Marthella trinitatis,LILIOPSIDA,식물,CR,4
Calyptura cristata,AVES,조류,CR,4
Prodontria lewisi,INSECTA,무척추,CR,4
Erioderma pedicellatum,LECANOROMYCETES,조류·균류,CR,4
Nepenthes aristolochioides,MAGNOLIOPSIDA,식물,CR,4
Plestiodon longirostris,REPTILIA,파충류,CR,4
Tylomys bullaris,MAMMALIA,포유류,CR,4
Turbinicarpus alonsoi,MAGNOLIOPSIDA,식물,CR,4
Pristis clavata,CHONDRICHTHYES,어류,CR,4
Perrierosedum madagascariense,MAGNOLIOPSIDA,식물,CR,4
Potorous gilbertii,MAMMALIA,포유류,CR,4
Cricetus cricetus,MAMMALIA,포유류,CR,4
Hibiscadelphus hualalaiensis,MAGNOLIOPSIDA,식물,CR,4
Turbinicarpus hoferi,MAGNOLIOPSIDA,식물,CR,4
Rana chevronta,AMPHIBIA,양서류,CR,4
Necrosyrtes monachus,AVES,조류,CR,4
Ailurops melanotis,MAMMALIA,포유류,CR,4
Mammillaria schwarzii,MAGNOLIOPSIDA,식물,CR,4
Panthera pardus delacouri,MAMMALIA,포유류,VU,2
Equus africanus,MAMMALIA,포유류,CR,4
Bostrychia bocagei,AVES,조류,CR,4
Pseudoryx nghetinhensis,MAMMALIA,포유류,CR,4
Crocodylus siamensis,REPTILIA,파충류,CR,4
Eubalaena glacialis,MAMMALIA,포유류,CR,4
Huso huso,ACTINOPTERYGII,어류,CR,4
Propithecus coronatus,MAMMALIA,포유류,CR,4
Quintana atrizona,ACTINOPTERYGII,어류,CR,4
Mammillaria anniana,MAGNOLIOPSIDA,식물,CR,4
Opuntia chaffeyi,MAGNOLIOPSIDA,식물,CR,4
Alligator sinensis,REPTILIA,파충류,CR,4
Romanichthys valsanicola,ACTINOPTERYGII,어류,CR,4
Crocodylus rhombifer,REPTILIA,파충류,CR,4
Axis kuhlii,MAMMALIA,포유류,CR,4
Turbinicarpus gielsdorfianus,MAGNOLIOPSIDA,식물,CR,4
Hibiscus fragilis,MAGNOLIOPSIDA,식물,CR,4
Mammillaria sanchez-mejoradae,MAGNOLIOPSIDA,식물,CR,4
Pediocactus knowltonii,MAGNOLIOPSIDA,식물,CR,4
Heteromirafra archeri,AVES,조류,CR,4
Astrophytum caput-medusae,MAGNOLIOPSIDA,식물,CR,4
Ostrya rehderiana,MAGNOLIOPSIDA,식물,CR,4
Dendrolagus scottae,MAMMALIA,포유류,CR,4
Huso dauricus,ACTINOPTERYGII,어류,CR,4
Haageocereus pacalaensis,MAGNOLIOPSIDA,식물,CR,4
Wollemia nobilis,PINOPSIDA,식물,CR,4
Addax nasomaculatus,MAMMALIA,포유류,CR,4
Loxodonta cyclotis,MAMMALIA,포유류,CR,4
Petaurus abidi,MAMMALIA,포유류,CR,4
Aloe bellatula,LILIOPSIDA,식물,CR,4
Haplochromis vonlinnei,ACTINOPTERYGII,어류,CR,4
Hyophorbe amaricaulis,LILIOPSIDA,식물,CR,4
Spilocuscus rufoniger,MAMMALIA,포유류,CR,4
Hypselobarbus thomassi,ACTINOPTERYGII,어류,CR,4
Panthera tigris amoyensis,MAMMALIA,포유류,EN,3
Bos javanicus,MAMMALIA,포유류,CR,4
Ctenosaura oaxacana,REPTILIA,파충류,CR,4
Saguinus bicolor,MAMMALIA,포유류,CR,4
Aulonocara baenschi,ACTINOPTERYGII,어류,CR,4
Terenura sicki,AVES,조류,CR,4
Abies yuanbaoshanensis,PINOPSIDA,식물,CR,4
Eretmochelys imbricata,REPTILIA,파충류,CR,4
Lathyrus odoratus,MAGNOLIOPSIDA,식물,CR,4
Marmosops handleyi,MAMMALIA,포유류,CR,4
Uromys emmae,MAMMALIA,포유류,CR,4
Indri indri,MAMMALIA,포유류,CR,4
Bradypus pygmaeus,MAMMALIA,포유류,CR,4
Pithecophaga jefferyi,AVES,조류,CR,4
Spheniscus demersus,AVES,조류,CR,4
Rhinoplax vigil,AVES,조류,CR,4
Dendrolagus pulcherrimus,MAMMALIA,포유류,CR,4
Vipera darevskii,REPTILIA,파충류,CR,4
Hypancistrus zebra,ACTINOPTERYGII,어류,CR,4
Dryococelus australis,INSECTA,무척추,CR,4
Panthera tigris sumatrae,MAMMALIA,포유류,EN,3
Pipile pipile,AVES,조류,CR,4
Acropora palmata,ANTHOZOA,무척추,CR,4
Aegotheles savesi,AVES,조류,CR,4
Lepilemur septentrionalis,MAMMALIA,포유류,CR,4
Fraxinus pennsylvanica,MAGNOLIOPSIDA,식물,CR,4
Nilssonia nigricans,REPTILIA,파충류,CR,4
Erythrodiplax acantha,INSECTA,무척추,CR,4
Pilosocereus azulensis,MAGNOLIOPSIDA,식물,CR,4
Aloe babatiensis,LILIOPSIDA,식물,CR,4
Gymnogyps californianus,AVES,조류,CR,4
Mammillaria theresae,MAGNOLIOPSIDA,식물,CR,4
Galaxias tanycephalus,ACTINOPTERYGII,어류,CR,4
Clarias maclareni,ACTINOPTERYGII,어류,CR,4
Capensibufo rosei,AMPHIBIA,양서류,CR,4
Xenocypris yunnanensis,ACTINOPTERYGII,어류,CR,4
Gyps indicus,AVES,조류,CR,4
Haplochromis barbarae,ACTINOPTERYGII,어류,CR,4
Knipowitschia milleri,ACTINOPTERYGII,어류,CR,4
Haplochromis brownae,ACTINOPTERYGII,어류,CR,4
Garra phillipsi,ACTINOPTERYGII,어류,CR,4
Amastra micans,GASTROPODA,무척추,CR,4
Cyprinodon pachycephalus,ACTINOPTERYGII,어류,CR,4
Cyprinodon latifasciatus,ACTINOPTERYGII,어류,CR,4
Arthroleptides dutoiti,AMPHIBIA,양서류,CR,4
Campellolebias brucei,ACTINOPTERYGII,어류,CR,4
Batagur trivittata,REPTILIA,파충류,CR,4
Crenicichla cyclostoma,ACTINOPTERYGII,어류,CR,4
Batagur dhongoka,REPTILIA,파충류,CR,4
Amastra spirizona,GASTROPODA,무척추,CR,4
Ancylus ashangiensis,GASTROPODA,무척추,CR,4
Batagur kachuga,REPTILIA,파충류,CR,4
Colophon berrisfordi,INSECTA,무척추,CR,4
Hadramphus tuberculatus,INSECTA,무척추,CR,4
Aloe fimbrialis,LILIOPSIDA,식물,CR,4
Alasmidonta raveneliana,BIVALVIA,무척추,CR,4
Amastra rubens,GASTROPODA,무척추,CR,4
Chlamydogobius squamigenus,ACTINOPTERYGII,어류,CR,4
Armsia petasus,GASTROPODA,무척추,CR,4
Colophon montisatris,INSECTA,무척추,CR,4
Crocidura jenkinsi,MAMMALIA,포유류,CR,4
Cuora galbinifrons,REPTILIA,파충류,CR,4
Gorilla beringei,MAMMALIA,포유류,CR,4
Belgrandiella ganslmayri,GASTROPODA,무척추,CR,4
Haplochromis martini,ACTINOPTERYGII,어류,CR,4
Achatinella pulcherrima,GASTROPODA,무척추,CR,4
Amanipodagrion gilliesi,INSECTA,무척추,CR,4
Bulimulus reibischi,GASTROPODA,무척추,CR,4
Habromys lepturus,MAMMALIA,포유류,CR,4
Bulimulus ochsneri,GASTROPODA,무척추,CR,4
Litoria lorica,AMPHIBIA,양서류,CR,4
Chlamydogobius gloveri,ACTINOPTERYGII,어류,CR,4
Boninthemis insularis,INSECTA,무척추,CR,4
Alosa macedonica,ACTINOPTERYGII,어류,CR,4
Dipodomys gravipes,MAMMALIA,포유류,CR,4
Cyclura pinguis,REPTILIA,파충류,CR,4
Actinella obserata,GASTROPODA,무척추,CR,4
Curassanthura bermudensis,MALACOSTRACA,무척추,CR,4
Eleutherodactylus jasperi,AMPHIBIA,양서류,CR,4
Haplochromis michaeli,ACTINOPTERYGII,어류,CR,4
Haplochromis latifasciatus,ACTINOPTERYGII,어류,CR,4
Chelodina mccordi,REPTILIA,파충류,CR,4
Tampichthys dichromus,ACTINOPTERYGII,어류,CR,4
Ctenomys sociabilis,MAMMALIA,포유류,CR,4
Gopherus flavomarginatus,REPTILIA,파충류,CR,4
Rhipsalis mesembryanthemoides,MAGNOLIOPSIDA,식물,CR,4
Colophon primosi,INSECTA,무척추,CR,4
Achatinella phaeozona,GASTROPODA,무척추,CR,4
Belgrandiella styriaca,GASTROPODA,무척추,CR,4
Konia dikume,ACTINOPTERYGII,어류,CR,4
Acheilognathus elongatus,ACTINOPTERYGII,어류,CR,4
Konia eisentrauti,ACTINOPTERYGII,어류,CR,4
Hubbsina turneri,ACTINOPTERYGII,어류,CR,4
Dromus dromas,BIVALVIA,무척추,CR,4
Belgrandiella mimula,GASTROPODA,무척추,EN,3
Nilopegamys plumbeus,MAMMALIA,포유류,CR,4
Achatinella stewartii,GASTROPODA,무척추,CR,4
Haplochromis annectidens,ACTINOPTERYGII,어류,CR,4
Phyllomys unicolor,MAMMALIA,포유류,CR,4
Lanistes nasutus,GASTROPODA,무척추,CR,4
Testudo kleinmanni,REPTILIA,파충류,CR,4
Amastra cylindrica,GASTROPODA,무척추,CR,4
Dendromus kahuziensis,MAMMALIA,포유류,CR,4
Colophon cassoni,INSECTA,무척추,CR,4
Cuora aurocapitata,REPTILIA,파충류,CR,4
Cuora zhoui,REPTILIA,파충류,CR,4
Indolestes boninensis,INSECTA,무척추,CR,4
Anas laysanensis,AVES,조류,CR,4
Coahuilix hubbsi,GASTROPODA,무척추,CR,4
Turbinicarpus horripilus,MAGNOLIOPSIDA,식물,EN,3
Gymnocalycium denudatum,MAGNOLIOPSIDA,식물,EN,3
Opuntia pachyrrhiza,MAGNOLIOPSIDA,식물,EN,3
Micranthocereus auriazureus,MAGNOLIOPSIDA,식물,EN,3
Dawkinsia assimilis,ACTINOPTERYGII,어류,EN,3
Xenicus gilviventris,AVES,조류,EN,3
Mammillaria microhelia,MAGNOLIOPSIDA,식물,EN,3
Athrotaxis laxifolia,PINOPSIDA,식물,EN,3
Spongiforma squarepantsii,AGARICOMYCETES,조류·균류,EN,3
Uebelmannia gummifera,MAGNOLIOPSIDA,식물,EN,3
Melocactus glaucescens,MAGNOLIOPSIDA,식물,EN,3
Calocedrus formosana,PINOPSIDA,식물,EN,3
Pilosocereus multicostatus,MAGNOLIOPSIDA,식물,EN,3
Montivipera albizona,REPTILIA,파충류,EN,3
Amentotaxus formosana,PINOPSIDA,식물,EN,3
Aloe peglerae,LILIOPSIDA,식물,EN,3
Cynometra beddomei,MAGNOLIOPSIDA,식물,EN,3
Picea omorika,PINOPSIDA,식물,EN,3
Rhipsalis crispata,MAGNOLIOPSIDA,식물,EN,3
Inga golfodulcensis,MAGNOLIOPSIDA,식물,EN,3
Solanum albornozii,MAGNOLIOPSIDA,식물,EN,3
Aloe helenae,LILIOPSIDA,식물,EN,3
Aloe suzannae,LILIOPSIDA,식물,EN,3
Phyllobates bicolor,AMPHIBIA,양서류,EN,3
Cynoscion regalis,ACTINOPTERYGII,어류,EN,3
Xanthocyparis vietnamensis,PINOPSIDA,식물,EN,3
Mammillaria albicoma,MAGNOLIOPSIDA,식물,EN,3
Melocactus matanzanus,MAGNOLIOPSIDA,식물,EN,3
Salmo aphelios,ACTINOPTERYGII,어류,EN,3
Rhipsalis pacheco-leonis,MAGNOLIOPSIDA,식물,EN,3
Uromys rex,MAMMALIA,포유류,EN,3
Euphorbia abdelkuri,MAGNOLIOPSIDA,식물,EN,3
Pinus palustris,PINOPSIDA,식물,EN,3
Mammillaria aureilanata,MAGNOLIOPSIDA,식물,EN,3
Calumma globifer,REPTILIA,파충류,EN,3
Adansonia suarezensis,MAGNOLIOPSIDA,식물,EN,3
Melocactus lanssensianus,MAGNOLIOPSIDA,식물,EN,3
Thylogale calabyi,MAMMALIA,포유류,EN,3
Ariocarpus agavoides,MAGNOLIOPSIDA,식물,EN,3
Arthrocereus glaziovii,MAGNOLIOPSIDA,식물,EN,3
Scilla morrisii,LILIOPSIDA,식물,EN,3
Syzygium microphyllum,MAGNOLIOPSIDA,식물,EN,3
Micranthocereus polyanthus,MAGNOLIOPSIDA,식물,EN,3
Nepenthes adnata,MAGNOLIOPSIDA,식물,EN,3
Nepenthes truncata,MAGNOLIOPSIDA,식물,EN,3
Luciocyprinus striolatus,ACTINOPTERYGII,어류,EN,3
Afzelia xylocarpa,MAGNOLIOPSIDA,식물,EN,3
Melocactus azureus,MAGNOLIOPSIDA,식물,EN,3
Ariocarpus bravoanus,MAGNOLIOPSIDA,식물,EN,3
Synapsis ilicifolia,MAGNOLIOPSIDA,식물,CR,4
Anthemis glaberrima,MAGNOLIOPSIDA,식물,EN,3
Astacopsis gouldi,MALACOSTRACA,무척추,EN,3
Parodia magnifica,MAGNOLIOPSIDA,식물,EN,3
Ariocarpus scaphirostris,MAGNOLIOPSIDA,식물,EN,3
Chamaecyparis formosensis,PINOPSIDA,식물,EN,3
Megascolides australis,CLITELLATA,무척추,EN,3
Stygichthys typhlops,ACTINOPTERYGII,어류,EN,3
Mammillaria surculosa,MAGNOLIOPSIDA,식물,EN,3
Hyophorbe indica,LILIOPSIDA,식물,EN,3
Amatitlania kanna,ACTINOPTERYGII,어류,EN,3
Amphilophus margaritifer,ACTINOPTERYGII,어류,EN,3
Amphilophus lyonsi,ACTINOPTERYGII,어류,EN,3
Pachypodium baronii,MAGNOLIOPSIDA,식물,EN,3
Conorhynchos conirostris,ACTINOPTERYGII,어류,EN,3
Melocactus deinacanthus,MAGNOLIOPSIDA,식물,EN,3
Salmo lumi,ACTINOPTERYGII,어류,EN,3
Obregonia denegrii,MAGNOLIOPSIDA,식물,EN,3
Abies ziyuanensis,PINOPSIDA,식물,EN,3
Aloe eminens,LILIOPSIDA,식물,EN,3
Encephalartos horridus,CYCADOPSIDA,식물,EN,3
Aloe erinacea,LILIOPSIDA,식물,EN,3
Devario auropurpureus,ACTINOPTERYGII,어류,EN,3
Oreophrynella quelchii,AMPHIBIA,양서류,EN,3
Oreophasis derbianus,AVES,조류,EN,3
Nepenthes khasiana,MAGNOLIOPSIDA,식물,EN,3
Gila cypha,ACTINOPTERYGII,어류,EN,3
Aloe ballyi,LILIOPSIDA,식물,EN,3
Pilosocereus magnificus,MAGNOLIOPSIDA,식물,EN,3
Sylvilagus cognatus,MAMMALIA,포유류,EN,3
Crotalus pusillus,REPTILIA,파충류,EN,3
Pereskia aureiflora,MAGNOLIOPSIDA,식물,EN,3
Janetaescincus veseyfitzgeraldi,REPTILIA,파충류,EN,3
Phylica arborea,MAGNOLIOPSIDA,식물,EN,3
Pachypanchax sparksorum,ACTINOPTERYGII,어류,EN,3
Lepilemur milanoii,MAMMALIA,포유류,EN,3
Lates angustifrons,ACTINOPTERYGII,어류,EN,3
Mammillaria parkinsonii,MAGNOLIOPSIDA,식물,EN,3
Bhutanitis ludlowi,INSECTA,무척추,EN,3
Hohenbergiopsis guatemalensis,LILIOPSIDA,식물,EN,3
Bedotia madagascariensis,ACTINOPTERYGII,어류,EN,3
Petaurus gracilis,MAMMALIA,포유류,EN,3
Aloe sinkatana,LILIOPSIDA,식물,EN,3
Yavia cryptocarpa,MAGNOLIOPSIDA,식물,EN,3
Graptemys pearlensis,REPTILIA,파충류,EN,3
Hypselobarbus curmuca,ACTINOPTERYGII,어류,EN,3
Betta albimarginata,ACTINOPTERYGII,어류,EN,3
Larix mastersiana,PINOPSIDA,식물,EN,3
Pterocarpus erinaceus,MAGNOLIOPSIDA,식물,EN,3
Gomortega keule,MAGNOLIOPSIDA,식물,EN,3
Aloe cremnophila,LILIOPSIDA,식물,EN,3
Mammillaria crucigera,MAGNOLIOPSIDA,식물,EN,3
Aloe albovestita,LILIOPSIDA,식물,EN,3
Aloe adigratana,LILIOPSIDA,식물,EN,3
Sauromalus hispidus,REPTILIA,파충류,EN,3
Botia striata,ACTINOPTERYGII,어류,EN,3
Goetzea elegans,MAGNOLIOPSIDA,식물,EN,3
Cleistocactus winteri,MAGNOLIOPSIDA,식물,EN,3
Montipora digitata,ANTHOZOA,무척추,EN,3
Alburnoides prespensis,ACTINOPTERYGII,어류,EN,3
Aloe peckii,LILIOPSIDA,식물,EN,3
Thelocactus hastifer,MAGNOLIOPSIDA,식물,EN,3
Satranala decussilvae,LILIOPSIDA,식물,EN,3
Aloe lolwensis,LILIOPSIDA,식물,EN,3
Dicrossus gladicauda,ACTINOPTERYGII,어류,EN,3
Accipiter gundlachi,AVES,조류,EN,3
Astyanax jordani,ACTINOPTERYGII,어류,EN,3
Fundulopanchax amieti,ACTINOPTERYGII,어류,EN,3
Fundulopanchax arnoldi,ACTINOPTERYGII,어류,EN,3
Melanopsis etrusca,GASTROPODA,무척추,EN,3
Sarcophilus harrisii,MAMMALIA,포유류,EN,3
Puya raimondii,LILIOPSIDA,식물,EN,3
Zosterops flavus,AVES,조류,EN,3
Salmo ohridanus,ACTINOPTERYGII,어류,EN,3
Bedotia geayi,ACTINOPTERYGII,어류,EN,3
Gymnogeophagus caaguazuensis,ACTINOPTERYGII,어류,EN,3
Aloe megalocarpa,LILIOPSIDA,식물,EN,3
Aulonocara guentheri,ACTINOPTERYGII,어류,EN,3
Echinocactus grusonii,MAGNOLIOPSIDA,식물,EN,3
Tropheus duboisi,ACTINOPTERYGII,어류,EN,3
Elephas maximus,MAMMALIA,포유류,EN,3
Sequoia sempervirens,PINOPSIDA,식물,EN,3
Brachypelma boehmei,ARACHNIDA,무척추,EN,3
Nepenthes chaniana,MAGNOLIOPSIDA,식물,EN,3
Ogmodon vitianus,REPTILIA,파충류,EN,3
Uebelmannia pectinifera,MAGNOLIOPSIDA,식물,EN,3
Cyclemys oldhamii,REPTILIA,파충류,EN,3
Taxus wallichiana,PINOPSIDA,식물,EN,3
Mammillaria mathildae,MAGNOLIOPSIDA,식물,EN,3
Sequoiadendron giganteum,PINOPSIDA,식물,EN,3
Syringa josikaea,MAGNOLIOPSIDA,식물,EN,3
Ingerophrynus gollum,AMPHIBIA,양서류,EN,3
Aloe elgonica,LILIOPSIDA,식물,EN,3
Dioon purpusii,CYCADOPSIDA,식물,EN,3
Garrulax rufifrons,AVES,조류,EN,3
Eucalyptus gunnii,MAGNOLIOPSIDA,식물,EN,3
Lobelia subpubera,MAGNOLIOPSIDA,식물,EN,3
Aloe trachyticola,LILIOPSIDA,식물,EN,3
Emydoidea blandingii,REPTILIA,파충류,EN,3
Achyranthes mutica,MAGNOLIOPSIDA,식물,EN,3
Capoetobrama kuschakewitschi,ACTINOPTERYGII,어류,EN,3
Cuon alpinus,MAMMALIA,포유류,EN,3
Anthoceros neesii,ANTHOCEROTOPSIDA,식물,EN,3
Ochotona koslowi,MAMMALIA,포유류,EN,3
Nepenthes rajah,MAGNOLIOPSIDA,식물,EN,3
Echium pininana,MAGNOLIOPSIDA,식물,EN,3
Aloe monticola,LILIOPSIDA,식물,EN,3
Hyperolius nimbae,AMPHIBIA,양서류,EN,3
Gleditsia caspica,MAGNOLIOPSIDA,식물,EN,3
Cycas circinalis,CYCADOPSIDA,식물,EN,3
Berenicornis comatus,AVES,조류,EN,3
Scelotes kasneri,REPTILIA,파충류,EN,3
Boulengerula niedeni,AMPHIBIA,양서류,EN,3
Myristica filipes,MAGNOLIOPSIDA,식물,EN,3
Rhyticeros everetti,AVES,조류,EN,3
Procellaria westlandica,AVES,조류,EN,3
Bitis parviocula,REPTILIA,파충류,EN,3
Lamiopsis tephrodes,CHONDRICHTHYES,어류,EN,3
Barbatula zetensis,ACTINOPTERYGII,어류,EN,3
Acipenser ruthenus,ACTINOPTERYGII,어류,EN,3
Aratinga solstitialis,AVES,조류,EN,3
Weberocereus trichophorus,MAGNOLIOPSIDA,식물,EN,3
Elaeocarpus recurvatus,MAGNOLIOPSIDA,식물,EN,3
Haplochromis igneopinnis,ACTINOPTERYGII,어류,EN,3
Polystachya cooperi,LILIOPSIDA,식물,EN,3
Pavo muticus,AVES,조류,EN,3
Melolobium subspicatum,MAGNOLIOPSIDA,식물,EN,3
Odorrana amamiensis,AMPHIBIA,양서류,EN,3
Alsodes valdiviensis,AMPHIBIA,양서류,EN,3
Aloe pronkii,LILIOPSIDA,식물,EN,3
Aloe pseudoparvula,LILIOPSIDA,식물,EN,3
Diomedea amsterdamensis,AVES,조류,EN,3
Syzygium turbinatum,MAGNOLIOPSIDA,식물,EN,3
Taphrolesbia griseiventris,AVES,조류,EN,3
Lamiopsis temminckii,CHONDRICHTHYES,어류,EN,3
Oxyura maccoa,AVES,조류,EN,3
Danio erythromicron,ACTINOPTERYGII,어류,EN,3
Alytes dickhilleni,AMPHIBIA,양서류,EN,3
Oxyura leucocephala,AVES,조류,VU,2
Pterodroma cahow,AVES,조류,EN,3
Penelopides mindorensis,AVES,조류,EN,3
Copsychus sechellarum,AVES,조류,EN,3
Polyplectron malacense,AVES,조류,EN,3
Acer griseum,MAGNOLIOPSIDA,식물,EN,3
Papilio chikae,INSECTA,무척추,EN,3
Taoniscus nanus,AVES,조류,EN,3
Mustelus mustelus,CHONDRICHTHYES,어류,EN,3
Dendrocereus nudiflorus,MAGNOLIOPSIDA,식물,EN,3
Gulella taitensis,GASTROPODA,무척추,EN,3
Ctenosaura oedirhina,REPTILIA,파충류,EN,3
Ctenosaura melanosterna,REPTILIA,파충류,EN,3
Ctenosaura palearis,REPTILIA,파충류,EN,3
Melicope pallida,MAGNOLIOPSIDA,식물,CR,4
Kassina jozani,AMPHIBIA,양서류,EN,3
Amazona vinacea,AVES,조류,EN,3
Agrotis infusa,INSECTA,무척추,EN,3
Characodon audax,ACTINOPTERYGII,어류,EN,3
Liobagrus nigricauda,ACTINOPTERYGII,어류,EN,3
Anabarilius polylepis,ACTINOPTERYGII,어류,EN,3
Etheostoma australe,ACTINOPTERYGII,어류,EN,3
Hampala lopezi,ACTINOPTERYGII,어류,EN,3
Pachypanchax sakaramyi,ACTINOPTERYGII,어류,EN,3
Alburnus albidus,ACTINOPTERYGII,어류,EN,3
Hippocampus whitei,ACTINOPTERYGII,어류,EN,3
Anas bernieri,AVES,조류,EN,3
Salamandrina perspicillata,AMPHIBIA,양서류,EN,3
Stemonoporus elegans,MAGNOLIOPSIDA,식물,EN,3
Chondrostoma phoxinus,ACTINOPTERYGII,어류,EN,3
Insuetophrynus acarpicus,AMPHIBIA,양서류,EN,3
Eupsophus migueli,AMPHIBIA,양서류,EN,3
Echinopsis pampana,MAGNOLIOPSIDA,식물,EN,3
Uroplatus pietschmanni,REPTILIA,파충류,EN,3
Etheostoma ditrema,ACTINOPTERYGII,어류,EN,3
Newcombia lirata,GASTROPODA,무척추,EN,3
Acheilognathus longipinnis,ACTINOPTERYGII,어류,EN,3
Corallus blombergi,REPTILIA,파충류,EN,3
Cyprinodon tularosa,ACTINOPTERYGII,어류,EN,3
Parashorea aptera,MAGNOLIOPSIDA,식물,EN,3
Macadamia tetraphylla,MAGNOLIOPSIDA,식물,EN,3
Thorius boreas,AMPHIBIA,양서류,EN,3
Cycloderma frenatum,REPTILIA,파충류,EN,3
Gymnocalycium horstii,MAGNOLIOPSIDA,식물,EN,3
Aloe descoingsii,LILIOPSIDA,식물,EN,3
Goniurosaurus catbaensis,REPTILIA,파충류,EN,3
Vanilla pompona,LILIOPSIDA,식물,EN,3
Juniperus gracilior,PINOPSIDA,식물,EN,3
Phalacrocorax featherstoni,AVES,조류,EN,3
Aloe laeta,LILIOPSIDA,식물,EN,3
Parodia scopa,MAGNOLIOPSIDA,식물,VU,2
Encheloclarias tapeinopterus,ACTINOPTERYGII,어류,VU,2
Gambusia krumholzi,ACTINOPTERYGII,어류,VU,2
Brunfelsia jamaicensis,MAGNOLIOPSIDA,식물,VU,2
Conolophus pallidus,REPTILIA,파충류,VU,2
Procellaria aequinoctialis,AVES,조류,VU,2
Procellaria conspicillata,AVES,조류,VU,2
Salmo akairos,ACTINOPTERYGII,어류,VU,2
Breviceps gibbosus,AMPHIBIA,양서류,VU,2
Haplochromis welcommei,ACTINOPTERYGII,어류,VU,2
Fundulus waccamensis,ACTINOPTERYGII,어류,VU,2
Khaya anthotheca,MAGNOLIOPSIDA,식물,VU,2
Cobitis calderoni,ACTINOPTERYGII,어류,VU,2
Kinosternon sonoriense,REPTILIA,파충류,VU,2
Sabanejewia romanica,ACTINOPTERYGII,어류,VU,2
Acacia howittii,MAGNOLIOPSIDA,식물,VU,2
Araucaria luxurians,PINOPSIDA,식물,VU,2
Entandrophragma cylindricum,MAGNOLIOPSIDA,식물,VU,2
Graptemys flavimaculata,REPTILIA,파충류,VU,2
Eunicella verrucosa,ANTHOZOA,무척추,NT,1
Cupressus sargentii,PINOPSIDA,식물,VU,2
Hemimyzon taitungensis,ACTINOPTERYGII,어류,VU,2
Tyto aurantia,AVES,조류,VU,2
Crangonyx hobbsi,MALACOSTRACA,무척추,VU,2
Hippocampus trimaculatus,ACTINOPTERYGII,어류,EN,3
Bulbophyllum undecifilum,LILIOPSIDA,식물,VU,2
Euphorbia sakarahaensis,MAGNOLIOPSIDA,식물,VU,2
Byblis guehoi,MAGNOLIOPSIDA,식물,VU,2
Cipocereus bradei,MAGNOLIOPSIDA,식물,VU,2
Pristimantis actites,AMPHIBIA,양서류,VU,2
Pseudochondrostoma polylepis,ACTINOPTERYGII,어류,VU,2
Cualac tessellatus,ACTINOPTERYGII,어류,VU,2
Fuchsia steyermarkii,MAGNOLIOPSIDA,식물,VU,2
Furcifer campani,REPTILIA,파충류,VU,2
Socotrella dolichocnema,MAGNOLIOPSIDA,식물,VU,2
Chlamydotis undulata,AVES,조류,VU,2
Stygobromus ozarkensis,MALACOSTRACA,무척추,VU,2
Anaxyrus canorus,AMPHIBIA,양서류,VU,2
Gambusia heterochir,ACTINOPTERYGII,어류,VU,2
Ictalurus mexicanus,ACTINOPTERYGII,어류,VU,2
Freziera uniauriculata,MAGNOLIOPSIDA,식물,VU,2
Canthocamptus tasmaniae,HEXANAUPLIA,무척추,VU,2
Utricularia albocaerulea,MAGNOLIOPSIDA,식물,VU,2
Mammillaria carretii,MAGNOLIOPSIDA,식물,VU,2
Aloe brachystachys,LILIOPSIDA,식물,VU,2
Hylocereus minutiflorus,MAGNOLIOPSIDA,식물,VU,2
Aloe ukambensis,LILIOPSIDA,식물,VU,2
Haplochromis thereuterion,ACTINOPTERYGII,어류,VU,2
Grasseichthys gabonensis,ACTINOPTERYGII,어류,VU,2
Copiapoa echinoides,MAGNOLIOPSIDA,식물,VU,2
Entosphenus minimus,PETROMYZONTI,어류,VU,2
Heliodiaptomus kolleruensis,MAXILLOPODA,무척추,VU,2
Troglohyphantes similis,ARACHNIDA,무척추,VU,2
Fuchsia harlingii,MAGNOLIOPSIDA,식물,VU,2
Gambusia gaigei,ACTINOPTERYGII,어류,VU,2
Euploea scherzeri,INSECTA,무척추,VU,2
Gallotia simonyi,REPTILIA,파충류,VU,2
Aloe tororoana,LILIOPSIDA,식물,VU,2
Abies hidalgensis,PINOPSIDA,식물,VU,2
Meriania panamensis,MAGNOLIOPSIDA,식물,VU,2
Telespiza cantans,AVES,조류,VU,2
Procellaria parkinsoni,AVES,조류,VU,2
Cyprinodon verecundus,ACTINOPTERYGII,어류,VU,2
Capoeta antalyensis,ACTINOPTERYGII,어류,VU,2
Etheostoma acuticeps,ACTINOPTERYGII,어류,VU,2
Schlumbergera microsphaerica,MAGNOLIOPSIDA,식물,VU,2
Deckenia nobilis,LILIOPSIDA,식물,VU,2
Cirrhinus microlepis,ACTINOPTERYGII,어류,VU,2
Seriatopora hystrix,ANTHOZOA,무척추,VU,2
Disocactus phyllanthoides,MAGNOLIOPSIDA,식물,VU,2
Geothlypis beldingi,AVES,조류,VU,2
Apistogramma iniridae,ACTINOPTERYGII,어류,VU,2
Accipiter butleri,AVES,조류,VU,2
Pilgerodendron uviferum,PINOPSIDA,식물,VU,2
Aloe squarrosa,LILIOPSIDA,식물,VU,2
Apistogramma velifera,ACTINOPTERYGII,어류,VU,2
Aloe musapana,LILIOPSIDA,식물,VU,2
Astrophytum ornatum,MAGNOLIOPSIDA,식물,VU,2
Megachile pluto,INSECTA,무척추,VU,2
Lophira alata,MAGNOLIOPSIDA,식물,VU,2
Dendrosicyos socotrana,MAGNOLIOPSIDA,식물,VU,2
Mila caespitosa,MAGNOLIOPSIDA,식물,VU,2
Platymantis taylori,AMPHIBIA,양서류,VU,2
Dracaena cinnabari,LILIOPSIDA,식물,VU,2
Aloe macrosiphon,LILIOPSIDA,식물,VU,2
Accipiter luteoschistaceus,AVES,조류,VU,2
Pinus greggii,PINOPSIDA,식물,VU,2
Magnolia cylindrica,MAGNOLIOPSIDA,식물,VU,2
Oreophrynella macconnelli,AMPHIBIA,양서류,VU,2
Accipiter henstii,AVES,조류,VU,2
Accipiter brachyurus,AVES,조류,VU,2
Aloe lindenii,LILIOPSIDA,식물,VU,2
Heptacodium miconioides,MAGNOLIOPSIDA,식물,VU,2
Oophaga granulifera,AMPHIBIA,양서류,VU,2
Parasitaxus usta,PINOPSIDA,식물,VU,2
Pterospermum reticulatum,MAGNOLIOPSIDA,식물,LC,0
Pterocarya fraxinifolia,MAGNOLIOPSIDA,식물,VU,2
Euphorbia leuconeura,MAGNOLIOPSIDA,식물,VU,2
Cataglyphis hannae,INSECTA,무척추,VU,2
Accipiter princeps,AVES,조류,VU,2
Cyprinella alvarezdelvillari,ACTINOPTERYGII,어류,VU,2
Psittrichas fulgidus,AVES,조류,VU,2
Takakia ceratophylla,TAKAKIOPSIDA,식물,VU,2
Strombocactus disciformis,MAGNOLIOPSIDA,식물,VU,2
Plagiolepis grassei,INSECTA,무척추,VU,2
Cirrhinus cirrhosus,ACTINOPTERYGII,어류,VU,2
Pseudotaxus chienii,PINOPSIDA,식물,VU,2
Amphilophus sagittae,ACTINOPTERYGII,어류,VU,2
Schippia concolor,LILIOPSIDA,식물,VU,2
Hatiora gaertneri,MAGNOLIOPSIDA,식물,VU,2
Salmo stomachicus,ACTINOPTERYGII,어류,VU,2
Rhipsalis pilocarpa,MAGNOLIOPSIDA,식물,VU,2
Ptychocheilus lucius,ACTINOPTERYGII,어류,VU,2
Mammillaria luethyi,MAGNOLIOPSIDA,식물,VU,2
Carcharhinus amblyrhynchoides,CHONDRICHTHYES,어류,VU,2
Espostoopsis dybowskii,MAGNOLIOPSIDA,식물,VU,2
Schlumbergera opuntioides,MAGNOLIOPSIDA,식물,VU,2
Pomatorhinus montanus,AVES,조류,VU,2
Aloe ballii,LILIOPSIDA,식물,VU,2
Dipterocarpus alatus,MAGNOLIOPSIDA,식물,VU,2
Umbrina cirrosa,ACTINOPTERYGII,어류,VU,2
Nematostella vectensis,ANTHOZOA,무척추,VU,2
Scyliorhinus stellaris,CHONDRICHTHYES,어류,VU,2
Cupressus chengiana,PINOPSIDA,식물,VU,2
Sternula nereis,AVES,조류,VU,2
Nepenthes bicalcarata,MAGNOLIOPSIDA,식물,VU,2
Melocactus pachyacanthus,MAGNOLIOPSIDA,식물,VU,2
Astrophytum asterias,MAGNOLIOPSIDA,식물,VU,2
Pangasius krempfi,ACTINOPTERYGII,어류,VU,2
Bagarius bagarius,ACTINOPTERYGII,어류,VU,2
Schizothorax argentatus,ACTINOPTERYGII,어류,VU,2
Malania oleifera,MAGNOLIOPSIDA,식물,VU,2
Cycas armstrongii,CYCADOPSIDA,식물,VU,2
Aloe compressa,LILIOPSIDA,식물,VU,2
Oligoclada heliophila,INSECTA,무척추,VU,2
Schizothorax pseudoaksaiensis,ACTINOPTERYGII,어류,VU,2
Aloe massawana,LILIOPSIDA,식물,VU,2
Sinadoxa corydalifolia,MAGNOLIOPSIDA,식물,VU,2
Euterpe luminosa,LILIOPSIDA,식물,VU,2
Echium gentianoides,MAGNOLIOPSIDA,식물,VU,2
Eucalyptus leucoxylon,MAGNOLIOPSIDA,식물,VU,2
Tacinga braunii,MAGNOLIOPSIDA,식물,VU,2
Drosera bulbigena,MAGNOLIOPSIDA,식물,VU,2
Arrojadoa dinae,MAGNOLIOPSIDA,식물,VU,2
Rhipsalis oblonga,MAGNOLIOPSIDA,식물,VU,2
Echinopsis backebergii,MAGNOLIOPSIDA,식물,VU,2
Neobuxbaumia polylopha,MAGNOLIOPSIDA,식물,VU,2
Inga allenii,MAGNOLIOPSIDA,식물,VU,2
Inga jimenezii,MAGNOLIOPSIDA,식물,VU,2
Euphorbia alfredii,MAGNOLIOPSIDA,식물,VU,2
Pristimantis appendiculatus,AMPHIBIA,양서류,VU,2
Hypselobarbus kolus,ACTINOPTERYGII,어류,VU,2
Arthrocereus melanurus,MAGNOLIOPSIDA,식물,VU,2
Micranthocereus albicephalus,MAGNOLIOPSIDA,식물,VU,2
Romanogobio antipai,ACTINOPTERYGII,어류,VU,2
Pilosocereus aureispinus,MAGNOLIOPSIDA,식물,VU,2
Cedrela odorata,MAGNOLIOPSIDA,식물,VU,2
Beccariophoenix alfredii,LILIOPSIDA,식물,VU,2
Dentex dentex,ACTINOPTERYGII,어류,VU,2
Fouquieria columnaris,MAGNOLIOPSIDA,식물,VU,2
Oreophrynella nigra,AMPHIBIA,양서류,VU,2
Nomada argentata,INSECTA,무척추,VU,2
Nepenthes campanulata,MAGNOLIOPSIDA,식물,VU,2
Lophophora diffusa,MAGNOLIOPSIDA,식물,VU,2
Gentianella bohemica,MAGNOLIOPSIDA,식물,VU,2
Galium sudeticum,MAGNOLIOPSIDA,식물,VU,2
Crotalus stejnegeri,REPTILIA,파충류,VU,2
Hopea odorata,MAGNOLIOPSIDA,식물,VU,2
Nepenthes merrilliana,MAGNOLIOPSIDA,식물,VU,2
Nepenthes northiana,MAGNOLIOPSIDA,식물,VU,2
Byblis lamellata,MAGNOLIOPSIDA,식물,VU,2
Melocactus violaceus,MAGNOLIOPSIDA,식물,VU,2
Chondrostoma scodrense,ACTINOPTERYGII,어류,EX,5
Brotomys voratus,MAMMALIA,포유류,EX,5
Achyranthes atollensis,MAGNOLIOPSIDA,식물,EX,5
Notomys mordax,MAMMALIA,포유류,EX,5
Cyprinodon ceciliae,ACTINOPTERYGII,어류,EX,5
Boromys torrei,MAMMALIA,포유류,EX,5
Boromys offella,MAMMALIA,포유류,EX,5
Isolobodon montanus,MAMMALIA,포유류,EX,5
Flabellidium spinosum,BRYOPSIDA,식물,EX,5
Coua delalandei,AVES,조류,EX,5
Cyprinodon inmemoriam,ACTINOPTERYGII,어류,EX,5
Gambusia amistadensis,ACTINOPTERYGII,어류,EX,5
Litoria nyakalensis,AMPHIBIA,양서류,EX,5
Pteropus pilosus,MAMMALIA,포유류,EX,5
Leiolopisma mauritiana,REPTILIA,파충류,EX,5
Argyroxiphium virescens,MAGNOLIOPSIDA,식물,EX,5
Elimia gibbera,GASTROPODA,무척추,EX,5
Achatinella papyracea,GASTROPODA,무척추,EX,5
Leptoxis vittata,GASTROPODA,무척추,EX,5
Melicope obovata,MAGNOLIOPSIDA,식물,EX,5
Scelotes guentheri,REPTILIA,파충류,EX,5
Pradosia glaziovii,MAGNOLIOPSIDA,식물,EX,5
Turdus ravidus,AVES,조류,EX,5
Alburnus akili,ACTINOPTERYGII,어류,EX,5
Ctenochromis pectoralis,ACTINOPTERYGII,어류,EX,5
Blutaparon rigidum,MAGNOLIOPSIDA,식물,EX,5
Lophopsittacus mauritianus,AVES,조류,EX,5
Kokia lanceolata,MAGNOLIOPSIDA,식물,EX,5
Chilonopsis blofeldi,GASTROPODA,무척추,EX,5
Porphyrio caerulescens,AVES,조류,EX,5
Lagorchestes asomatus,MAMMALIA,포유류,EX,5
Lepidochrysops hypopolia,INSECTA,무척추,EX,5
Myrcia neocambessedeana,MAGNOLIOPSIDA,식물,EX,5
Streblorrhiza speciosa,MAGNOLIOPSIDA,식물,EX,5
Myrcia skeldingii,MAGNOLIOPSIDA,식물,EX,5
Campomanesia lundiana,MAGNOLIOPSIDA,식물,EX,5
Roystonea stellata,LILIOPSIDA,식물,EX,5
Cylindraspis inepta,REPTILIA,파충류,EX,5
Geocapromys thoracatus,MAMMALIA,포유류,EX,5
Achatinella casta,GASTROPODA,무척추,EX,5
Drosophila lanaiensis,INSECTA,무척추,EX,5
Cyprinus yilongensis,ACTINOPTERYGII,어류,EX,5
Myadestes woahensis,AVES,조류,EX,5
Heteropsomys insulans,MAMMALIA,포유류,EX,5
Cryptonanus ignitus,MAMMALIA,포유류,EX,5
Vanvoorstia bennettiana,FLORIDEOPHYCEAE,조류·균류,EX,5
Hibiscadelphus crucibracteatus,MAGNOLIOPSIDA,식물,EX,5
Perameles eremiana,MAMMALIA,포유류,EX,5
Barbus microbarbis,ACTINOPTERYGII,어류,EX,5
Chasmistes muriei,ACTINOPTERYGII,어류,EX,5
Alasmidonta wrightiana,BIVALVIA,무척추,EX,5
Alasmidonta robusta,BIVALVIA,무척추,EX,5
Argocoffeopsis lemblinii,MAGNOLIOPSIDA,식물,EX,5
Tetradactylus eastwoodae,REPTILIA,파충류,EX,5
Juscelinomys candango,MAMMALIA,포유류,EX,5
Coregonus johannae,ACTINOPTERYGII,어류,EX,5
Hibiscadelphus bombycinus,MAGNOLIOPSIDA,식물,EX,5
Deloneura immaculata,INSECTA,무척추,EX,5
Necropsar rodericanus,AVES,조류,EX,5
Begonia eiromischa,MAGNOLIOPSIDA,식물,EX,5
Cyanoramphus ulietanus,AVES,조류,EX,5
Viola cryana,MAGNOLIOPSIDA,식물,EX,5
Salmo pallaryi,ACTINOPTERYGII,어류,EX,5
Necropsittacus rodricanus,AVES,조류,EX,5
Xenicus longipes,AVES,조류,EX,5
Hexolobodon phenax,MAMMALIA,포유류,EX,5
Achatinella spaldingi,GASTROPODA,무척추,EX,5
Leptoxis compacta,GASTROPODA,무척추,EX,5
Mecodema punctellum,INSECTA,무척추,EX,5
Lepidomeda altivelis,ACTINOPTERYGII,어류,EX,5
Acalypha rubrinervis,MAGNOLIOPSIDA,식물,EX,5
Potorous platyops,MAMMALIA,포유류,EX,5
Salvelinus agassizii,ACTINOPTERYGII,어류,EX,5
Leporillus apicalis,MAMMALIA,포유류,EX,5
Achatinella abbreviata,GASTROPODA,무척추,EX,5
Achatinella caesia,GASTROPODA,무척추,EX,5
Achatinella thaanumi,GASTROPODA,무척추,EX,5
Caloprymnus campestris,MAMMALIA,포유류,EX,5
Lagorchestes leporides,MAMMALIA,포유류,EX,5
Partula turgida,GASTROPODA,무척추,EX,5
Leiocephalus herminieri,REPTILIA,파충류,EX,5
Leiocephalus eremitus,REPTILIA,파충류,EX,5
Dromaius baudinianus,AVES,조류,EX,5
Anas marecula,AVES,조류,EX,5
Alasmidonta mccordi,BIVALVIA,무척추,EX,5
Incerticyclus martinicensis,GASTROPODA,무척추,EX,5
Incerticyclus cinereus,GASTROPODA,무척추,EX,5
Evarra bustamantei,ACTINOPTERYGII,어류,EX,5
Evarra eigenmanni,ACTINOPTERYGII,어류,EX,5
Melamprosops phaeosoma,AVES,조류,EX,5
Coryphomys buehleri,MAMMALIA,포유류,EX,5
Salvelinus neocomensis,ACTINOPTERYGII,어류,EX,5
Achatinella decora,GASTROPODA,무척추,EX,5
Evarra tlahuacensis,ACTINOPTERYGII,어류,EX,5
Characodon garmani,ACTINOPTERYGII,어류,EX,5
Podiceps andinus,AVES,조류,EX,5
Auriculella expansa,GASTROPODA,무척추,EX,5
Dupontia proletaria,GASTROPODA,무척추,EX,5
Mascarenotus murivorus,AVES,조류,EX,5
Achatinella valida,GASTROPODA,무척추,EX,5
Cyclophorus horridulum,GASTROPODA,무척추,EX,5
Auriculella uniplicata,GASTROPODA,무척추,EX,5
Cyclosurus mariei,GASTROPODA,무척추,EX,5
Elimia brevis,GASTROPODA,무척추,EX,5
Elimia vanuxemiana,GASTROPODA,무척추,EX,5
Elimia impressa,GASTROPODA,무척추,EX,5
Amastra cornea,GASTROPODA,무척추,EX,5
Amastra albolabris,GASTROPODA,무척추,EX,5
Elimia fusiformis,GASTROPODA,무척추,EX,5
Amastra crassilabrum,GASTROPODA,무척추,EX,5
Elimia jonesi,GASTROPODA,무척추,EX,5
Leptoxis lirata,GASTROPODA,무척추,EX,5
Elimia hartmaniana,GASTROPODA,무척추,EX,5
Leptoxis formosa,GASTROPODA,무척추,EX,5
Hygrotus artus,INSECTA,무척추,EX,5
Elimia clausa,GASTROPODA,무척추,EX,5
Achatinella dimorpha,GASTROPODA,무척추,EX,5
Leptoxis clipeata,GASTROPODA,무척추,EX,5
Plagiodontia ipnaeum,MAMMALIA,포유류,EX,5
Amastra forbesi,GASTROPODA,무척추,EX,5
Amastra elongata,GASTROPODA,무척추,EX,5
Amphicyclotulus guadeloupensis,GASTROPODA,무척추,EX,5
Gyrotoma excisa,GASTROPODA,무척추,EX,5
Hirasea planulata,GASTROPODA,무척추,EX,5
Littoridina gaudichaudii,GASTROPODA,무척추,EX,5
Leptoxis ligata,GASTROPODA,무척추,EX,5
Gyrotoma lewisii,GASTROPODA,무척추,EX,5
Gyrotoma pagoda,GASTROPODA,무척추,EX,5
Gyrotoma pumila,GASTROPODA,무척추,EX,5
Leptoxis occultata,GASTROPODA,무척추,EX,5
Alectroenas nitidissimus,AVES,조류,EX,5
Tristramella magdelainae,ACTINOPTERYGII,어류,EX,5
Achatinella lehuiensis,GASTROPODA,무척추,EX,5
Amastra reticulata,GASTROPODA,무척추,EX,5
Amastra pellucida,GASTROPODA,무척추,EX,5
Amastra subsoror,GASTROPODA,무척추,EX,5
Clappia cahabensis,GASTROPODA,무척추,EX,5
Achatinella buddii,GASTROPODA,무척추,EX,5
Elimia laeta,GASTROPODA,무척추,EX,5
Elimia pupaeformis,GASTROPODA,무척추,EX,5
Cottus echinatus,ACTINOPTERYGII,어류,EX,5
Coregonus alpenae,ACTINOPTERYGII,어류,EX,5
Gyrotoma pyramidata,GASTROPODA,무척추,EX,5
Achatinella livida,GASTROPODA,무척추,EX,5
Fundulus albolineatus,ACTINOPTERYGII,어류,EX,5
Leptoxis torrefacta,GASTROPODA,무척추,EX,5
Porphyrio mantelli,AVES,조류,EX,5
Amastra tenuispira,GASTROPODA,무척추,EX,5
Elimia pilsbryi,GASTROPODA,무척추,EX,5
Elimia pygmaea,GASTROPODA,무척추,EX,5
Harmogenanina linophora,GASTROPODA,무척추,EX,5
Harmogenanina subdetecta,GASTROPODA,무척추,EX,5
Chilonopsis exulatus,GASTROPODA,무척추,EX,5
Epioblasma haysiana,BIVALVIA,무척추,EX,5
Nestor productus,AVES,조류,EX,5
Nesiota elliptica,MAGNOLIOPSIDA,식물,EX,5
Amastra porcus,GASTROPODA,무척추,EX,5
Amphigyra alabamensis,GASTROPODA,무척추,EX,5
Alloperla roberti,INSECTA,무척추,EX,5
Amastra subrostrata,GASTROPODA,무척추,EX,5
Acanthametropus pecatonica,INSECTA,무척추,EX,5
Amastra umbilicata,GASTROPODA,무척추,EX,5
Carelia sinclairi,GASTROPODA,무척추,EX,5
Epioblasma flexuosa,BIVALVIA,무척추,EX,5
Gyrotoma walkeri,GASTROPODA,무척추,EX,5
Gastrocopta ogasawarana,GASTROPODA,무척추,EX,5
Gastrocopta chichijimana,GASTROPODA,무척추,EX,5
Achatinella elegans,GASTROPODA,무척추,EX,5
Chilonopsis subtruncatus,GASTROPODA,무척추,EX,5
Leptoxis foremanii,GASTROPODA,무척추,EX,5
Podilymbus gigas,AVES,조류,EX,5
Mautodontha saintjohni,GASTROPODA,무척추,EX,5
Macrotis leucura,MAMMALIA,포유류,EX,5
Abutilon pitcairnense,MAGNOLIOPSIDA,식물,EW,5
Camellia amplexicaulis,MAGNOLIOPSIDA,식물,EW,5
Franklinia alatamaha,MAGNOLIOPSIDA,식물,EW,5
Brugmansia insignis,MAGNOLIOPSIDA,식물,EW,5
Brugmansia vulcanicola,MAGNOLIOPSIDA,식물,EW,5
Cyprinodon veronicae,ACTINOPTERYGII,어류,EW,5
Nectophrynoides asperginis,AMPHIBIA,양서류,EW,5
Brighamia insignis,MAGNOLIOPSIDA,식물,EW,5
Partula taeniata simulans,GASTROPODA,무척추,CR,4
Notropis amecae,ACTINOPTERYGII,어류,EW,5
Encephalartos woodii,CYCADOPSIDA,식물,EW,5
Furcraea macdougallii,LILIOPSIDA,식물,EW,5
Allotoca goslinei,ACTINOPTERYGII,어류,EW,5
Cyanea pinnatifida,MAGNOLIOPSIDA,식물,EW,5
Skiffia francesae,ACTINOPTERYGII,어류,EW,5
Cryptoblepharus egeriae,REPTILIA,파충류,EW,5
Clianthus puniceus,MAGNOLIOPSIDA,식물,EW,5
Brugmansia arborea,MAGNOLIOPSIDA,식물,EW,5
Leptogryllus deceptor,INSECTA,무척추,EW,5
Lysimachia minoricensis,MAGNOLIOPSIDA,식물,EW,5
Trochetiopsis erythroxylon,MAGNOLIOPSIDA,식물,EW,5
Brugmansia aurea,MAGNOLIOPSIDA,식물,EW,5
Corvus hawaiiensis,AVES,조류,EW,5
Amomum sumatranum,LILIOPSIDA,식물,EW,5
Dendroseris gigantea,MAGNOLIOPSIDA,식물,EW,5
Senecio leucopeplus,MAGNOLIOPSIDA,식물,EW,5
Zenaida graysoni,AVES,조류,EW,5
Cyanopsitta spixii,AVES,조류,EW,5
Aylacostoma chloroticum,GASTROPODA,무척추,EW,5
Aylacostoma stigmaticum,GASTROPODA,무척추,EW,5
Partula rosea,GASTROPODA,무척추,EW,5
Partula taeniata elongata,GASTROPODA,무척추,CR,4
Euphorbia mayurnathanii,MAGNOLIOPSIDA,식물,EW,5
Cyanea superba subsp. superba,MAGNOLIOPSIDA,식물,EW,5
Aylacostoma guaraniticum,GASTROPODA,무척추,EW,5
Cyrtandra waiolani,MAGNOLIOPSIDA,식물,EW,5
Rhododendron kanehirae,MAGNOLIOPSIDA,식물,EW,5
Cyanea superba,MAGNOLIOPSIDA,식물,EW,5
Alphonsea hortensis,MAGNOLIOPSIDA,식물,EW,5
Encephalartos brevifoliolatus,CYCADOPSIDA,식물,EW,5
Encephalartos heenanii,CYCADOPSIDA,식물,EW,5
Encephalartos nubimontanus,CYCADOPSIDA,식물,EW,5
Encephalartos relictus,CYCADOPSIDA,식물,EW,5
Cyprinodon alvarezi,ACTINOPTERYGII,어류,EW,5
Cyprinodon longidorsalis,ACTINOPTERYGII,어류,EW,5
Brugmansia versicolor,MAGNOLIOPSIDA,식물,EW,5
Partula hebe,GASTROPODA,무척추,EW,5
Arachis rigonii,MAGNOLIOPSIDA,식물,EW,5
Aloe silicicola,LILIOPSIDA,식물,EW,5
Scardinius racovitzai,ACTINOPTERYGII,어류,EW,5
Partula varia,GASTROPODA,무척추,EW,5
Ochrosia brownii,MAGNOLIOPSIDA,식물,EW,5
Bromus bromoideus,LILIOPSIDA,식물,EW,5
Brugmansia sanguinea,MAGNOLIOPSIDA,식물,EW,5
Lepidodactylus listeri,REPTILIA,파충류,EW,5
Partula nodosa,GASTROPODA,무척추,EW,5
Partula mirabilis,GASTROPODA,무척추,EW,5
Partula dentifera,GASTROPODA,무척추,EX,5
Partula suturalis,GASTROPODA,무척추,EW,5
Partula mooreana,GASTROPODA,무척추,EW,5
Kokia cookei,MAGNOLIOPSIDA,식물,EW,5
Partula taeniata nucleola,GASTROPODA,무척추,CR,4
Partula navigatoria,GASTROPODA,무척추,EW,5
Brugmansia suaveolens,MAGNOLIOPSIDA,식물,EW,5
Xiphophorus couchianus,ACTINOPTERYGII,어류,EW,5
Kalanchoe fadeniorum,MAGNOLIOPSIDA,식물,EW,5
Erythroxylum echinodendron,MAGNOLIOPSIDA,식물,EW,5
Sophora toromiro,MAGNOLIOPSIDA,식물,EW,5
Partula garrettii,GASTROPODA,무척추,EW,5
Diplazium laffanianum,POLYPODIOPSIDA,식물,EW,5
Agave lurida,LILIOPSIDA,식물,EW,5
Mitu mitu,AVES,조류,EW,5
Todiramphus cinnamominus,AVES,조류,EW,5
Lachanodes arborea,MAGNOLIOPSIDA,식물,EW,5
Thermosphaeroma thermophilum,MALACOSTRACA,무척추,EW,5
Bromus interruptus,LILIOPSIDA,식물,EW,5
Corypha taliera,LILIOPSIDA,식물,EW,5
Xiphophorus meyeri,ACTINOPTERYGII,어류,EW,5
Anaxyrus baxteri,AMPHIBIA,양서류,EW,5
Mangifera casturi,MAGNOLIOPSIDA,식물,EW,5
Partula suturalis vexillum,GASTROPODA,무척추,EW,5
Partula suturalis strigosa,GASTROPODA,무척추,EW,5
Ursus thibetanus ussuricus,MAMMALIA,포유류,VU,2
Naemorhedus caudatus,MAMMALIA,포유류,VU,2
Lutra lutra,MAMMALIA,포유류,NT,1
Nipponia nippon,AVES,조류,EN,3
Ciconia boyciana,AVES,조류,EN,3
Rana coreana,AMPHIBIA,양서류,LC,0
Anguilla japonica,ACTINOPTERYGII,어류,EN,3
Panthera tigris altaica,MAMMALIA,포유류,EN,3
Canis lupus coreanus,MAMMALIA,포유류,LC,0
Cervus nippon hortulorum,MAMMALIA,포유류,LC,0
Bettongia penicillata,MAMMALIA,포유류,EX,5
Piliocolobus bouvieri,MAMMALIA,포유류,EN,3
Zyzomys palatalis,MAMMALIA,포유류,CR,4
Crocidura tansaniana,MAMMALIA,포유류,NT,1
Lepilemur wrightae,MAMMALIA,포유류,EN,3
Neotoma angustapalata,MAMMALIA,포유류,NT,1
Neotoma bryanti,MAMMALIA,포유류,LC,0
Oxymycterus josei,MAMMALIA,포유류,NT,1
Perognathus alticola,MAMMALIA,포유류,VU,2
Pipistrellus endoi,MAMMALIA,포유류,NT,1
Plagiodontia aedium,MAMMALIA,포유류,LC,0
Rattus vandeuseni,MAMMALIA,포유류,NT,1
Solenodon paradoxus,MAMMALIA,포유류,LC,0
Allochrocebus solatus,MAMMALIA,포유류,NT,1
Arielulus societatis,MAMMALIA,포유류,LC,0
Arvicola sapidus,MAMMALIA,포유류,NT,1
Bison bonasus,MAMMALIA,포유류,NT,1
Cacajao calvus,MAMMALIA,포유류,LC,0
Caenolestes sangay,MAMMALIA,포유류,VU,2
Capra aegagrus,MAMMALIA,포유류,NT,1
Craseonycteris thonglongyai,MAMMALIA,포유류,NT,1
Crocidura allex,MAMMALIA,포유류,LC,0
Crunomys melanius,MAMMALIA,포유류,LC,0
Cryptotis gracilis,MAMMALIA,포유류,LC,0
Ctenomys magellanicus,MAMMALIA,포유류,LC,0
Dasyprocta coibae,MAMMALIA,포유류,NT,1
Dinomys branickii,MAMMALIA,포유류,LC,0
Eropeplus canus,MAMMALIA,포유류,LC,0
Haeromys minahassae,MAMMALIA,포유류,NT,1
Hapalomys delacouri,MAMMALIA,포유류,NT,1
Harpyionycteris celebensis,MAMMALIA,포유류,NT,1
Hylaeamys oniscus,MAMMALIA,포유류,NT,1
Hyosciurus ileile,MAMMALIA,포유류,LC,0
Ichthyomys pittieri,MAMMALIA,포유류,NT,1
Isoodon auratus,MAMMALIA,포유류,LC,0
Juliomys rimofrons,MAMMALIA,포유류,NT,1
Lagorchestes hirsutus,MAMMALIA,포유류,NT,1
Lemniscomys mittendorfi,MAMMALIA,포유류,LC,0
Leopardus guigna,MAMMALIA,포유류,LC,0
Margaretamys beccarii,MAMMALIA,포유류,LC,0
Marmosa phaea,MAMMALIA,포유류,NT,1
Marmosops pakaraimae,MAMMALIA,포유류,VU,2
Mico leucippe,MAMMALIA,포유류,LC,0
Microcebus lehilahytsara,MAMMALIA,포유류,NT,1
Myosorex jejei,MAMMALIA,포유류,NT,1
Niviventer cremoriventer,MAMMALIA,포유류,LC,0
Notomys fuscus,MAMMALIA,포유류,NT,1
Nyctimene keasti,MAMMALIA,포유류,NT,1
Otomys lacustris,MAMMALIA,포유류,LC,0
Phloeomys cumingi,MAMMALIA,포유류,LC,0
Pithecia albicans,MAMMALIA,포유류,LC,0
Podomys floridanus,MAMMALIA,포유류,NT,1
Praomys degraaffi,MAMMALIA,포유류,LC,0
Pseudochirulus schlegeli,MAMMALIA,포유류,VU,2
Pteropus mahaganus,MAMMALIA,포유류,LC,0
Pteropus woodfordi,MAMMALIA,포유류,LC,0
Punomys kofordi,MAMMALIA,포유류,NT,1
Rubrisciurus rubriventer,MAMMALIA,포유류,LC,0
Semnopithecus hypoleucos,MAMMALIA,포유류,LC,0
Sicista caucasica,MAMMALIA,포유류,NT,1
Strigocuscus celebensis,MAMMALIA,포유류,NT,1
Suncus montanus,MAMMALIA,포유류,LC,0
Sus ahoenobarbus,MAMMALIA,포유류,NT,1
Syconycteris carolinae,MAMMALIA,포유류,NT,1
Sylvisorex lunaris,MAMMALIA,포유류,NT,1
Taeromys taerae,MAMMALIA,포유류,LC,0
Thomasomys apeco,MAMMALIA,포유류,LC,0
Thomasomys incanus,MAMMALIA,포유류,LC,0
Thomasomys ischyrus,MAMMALIA,포유류,LC,0
Thomasomys kalinowskii,MAMMALIA,포유류,LC,0
Thomasomys macrotis,MAMMALIA,포유류,LC,0
Thomasomys onkiro,MAMMALIA,포유류,LC,0
Abrothrix sanborni,MAMMALIA,포유류,NT,1
Aeretes melanopterus,MAMMALIA,포유류,LC,0
Akodon siberiae,MAMMALIA,포유류,NT,1
Alticola roylei,MAMMALIA,포유류,NT,1
Amblysomus corriae,MAMMALIA,포유류,NT,1
Amblysomus septentrionalis,MAMMALIA,포유류,NT,1
Antechinus godmani,MAMMALIA,포유류,LC,0
Antilope cervicapra,MAMMALIA,포유류,LC,0
Aonyx capensis,MAMMALIA,포유류,NT,1
Aonyx congicus,MAMMALIA,포유류,NT,1
Apodemus hyrcanicus,MAMMALIA,포유류,NT,1
Arborimus longicaudus,MAMMALIA,포유류,NT,1
Arborimus pomo,MAMMALIA,포유류,NT,1
Arvicanthis blicki,MAMMALIA,포유류,NT,1
Atelocynus microtis,MAMMALIA,포유류,NT,1
Barbastella barbastellus,MAMMALIA,포유류,VU,2
Bassaricyon neblina,MAMMALIA,포유류,NT,1
Batomys granti,MAMMALIA,포유류,LC,0
Bauerus dubiaquercus,MAMMALIA,포유류,NT,1
Bdeogale jacksoni,MAMMALIA,포유류,NT,1
Bettongia gaimardi,MAMMALIA,포유류,NT,1
Bettongia lesueur,MAMMALIA,포유류,NT,1
Bison bison,MAMMALIA,포유류,NT,1
Blarinella quadraticauda,MAMMALIA,포유류,NT,1
Bunomys penitus,MAMMALIA,포유류,LC,0
Cabassous chacoensis,MAMMALIA,포유류,NT,1
Caenolestes caniventer,MAMMALIA,포유류,NT,1
Callicebus nigrifrons,MAMMALIA,포유류,NT,1
Callosciurus adamsi,MAMMALIA,포유류,NT,1
Callosciurus nigrovittatus,MAMMALIA,포유류,LC,0
Callosciurus quinquestriatus,MAMMALIA,포유류,LC,0
Callospermophilus madrensis,MAMMALIA,포유류,NT,1
Capra cylindricornis,MAMMALIA,포유류,NT,1
Capra falconeri,MAMMALIA,포유류,NT,1
Cebus cuscinus,MAMMALIA,포유류,NT,1
Cephalophus dorsalis,MAMMALIA,포유류,NT,1
Cephalophus leucogaster,MAMMALIA,포유류,NT,1
Cephalophus silvicultor,MAMMALIA,포유류,NT,1
Cephalorhynchus eutropia,MAMMALIA,포유류,NT,1
Chacodelphys formosa,MAMMALIA,포유류,NT,1
Chaetodipus goldmani,MAMMALIA,포유류,NT,1
Chalinolobus picatus,MAMMALIA,포유류,NT,1
Chelemys megalonyx,MAMMALIA,포유류,NT,1
Chilonatalus tumidifrons,MAMMALIA,포유류,NT,1
Chimarrogale hantu,MAMMALIA,포유류,NT,1
Chodsigoa smithii,MAMMALIA,포유류,NT,1
Choeronycteris mexicana,MAMMALIA,포유류,NT,1
Chrotomys gonzalesi,MAMMALIA,포유류,NT,1
Chrotomys mindorensis,MAMMALIA,포유류,LC,0
Chrysocyon brachyurus,MAMMALIA,포유류,NT,1
Corynorhinus mexicanus,MAMMALIA,포유류,NT,1
Crocidura buettikoferi,MAMMALIA,포유류,LC,0
Crocidura glassi,MAMMALIA,포유류,NT,1
Crocidura grandiceps,MAMMALIA,포유류,LC,0
Crocidura kivuana,MAMMALIA,포유류,NT,1
Crocidura macmillani,MAMMALIA,포유류,NT,1
Crocidura nimbae,MAMMALIA,포유류,NT,1
Crocidura niobe,MAMMALIA,포유류,LC,0
Ctenomys argentinus,MAMMALIA,포유류,NT,1
Ctenomys dorbignyi,MAMMALIA,포유류,NT,1
Ctenomys emilianus,MAMMALIA,포유류,LC,0
Ctenomys pearsoni,MAMMALIA,포유류,NT,1
Ctenomys porteousi,MAMMALIA,포유류,NT,1
Cuniculus taczanowskii,MAMMALIA,포유류,NT,1
Dasycercus cristicauda,MAMMALIA,포유류,EX,5
Dasyprocta guamara,MAMMALIA,포유류,NT,1
Dasypus sabanicola,MAMMALIA,포유류,NT,1
Dasyurus albopunctatus,MAMMALIA,포유류,NT,1
Dasyurus geoffroii,MAMMALIA,포유류,NT,1
Dasyurus maculatus,MAMMALIA,포유류,NT,1
Dasyurus spartacus,MAMMALIA,포유류,NT,1
Delphinapterus leucas,MAMMALIA,포유류,VU,2
Dendrohyrax validus,MAMMALIA,포유류,NT,1
Dendrolagus bennettianus,MAMMALIA,포유류,NT,1
Dendrolagus lumholtzi,MAMMALIA,포유류,NT,1
Dipodomys spectabilis,MAMMALIA,포유류,NT,1
Dobsonia pannietensis,MAMMALIA,포유류,NT,1
Dolichotis patagonum,MAMMALIA,포유류,NT,1
Dorcopsulus vanheurni,MAMMALIA,포유류,NT,1
Dromiciops gliroides,MAMMALIA,포유류,NT,1
Dyacopterus spadiceus,MAMMALIA,포유류,NT,1
Ectophylla alba,MAMMALIA,포유류,NT,1
Eidolon helvum,MAMMALIA,포유류,NT,1
Elaphodus cephalophus,MAMMALIA,포유류,NT,1
Eothenomys wardi,MAMMALIA,포유류,NT,1
Epomophorus angolensis,MAMMALIA,포유류,NT,1
Eudorcas thomsonii,MAMMALIA,포유류,LC,0
Falsistrellus mackenziei,MAMMALIA,포유류,NT,1
Fukomys anselli,MAMMALIA,포유류,LC,0
Genetta johnstoni,MAMMALIA,포유류,NT,1
Genetta piscivora,MAMMALIA,포유류,NT,1
Geomys arenarius,MAMMALIA,포유류,NT,1
Grammomys dryas,MAMMALIA,포유류,LC,0
Habromys lophurus,MAMMALIA,포유류,NT,1
Hemibelideus lemuroides,MAMMALIA,포유류,NT,1
Hemigalus derbyanus,MAMMALIA,포유류,NT,1
Hemitragus jemlahicus,MAMMALIA,포유류,NT,1
Hipposideros doriae,MAMMALIA,포유류,NT,1
Hipposideros jonesi,MAMMALIA,포유류,NT,1
Hipposideros lekaguli,MAMMALIA,포유류,NT,1
Hipposideros pelingensis,MAMMALIA,포유류,NT,1
Histiotus laephotis,MAMMALIA,포유류,LC,0
Hyaena hyaena,MAMMALIA,포유류,NT,1
Hydrictis maculicollis,MAMMALIA,포유류,NT,1
Hylopetes nigripes,MAMMALIA,포유류,NT,1
Hyperacrius fertilis,MAMMALIA,포유류,NT,1
Ichthyomys hydrobates,MAMMALIA,포유류,LC,0
Isthmomys flavidus,MAMMALIA,포유류,NT,1
Kerivoula intermedia,MAMMALIA,포유류,NT,1
Kerivoula minuta,MAMMALIA,포유류,NT,1
Kerivoula pellucida,MAMMALIA,포유류,NT,1
Kobus vardonii,MAMMALIA,포유류,NT,1
Lariscus hosei,MAMMALIA,포유류,LC,0
Lariscus obscurus,MAMMALIA,포유류,NT,1
Lasiorhinus latifrons,MAMMALIA,포유류,LC,0
Lasiurus pfeifferi,MAMMALIA,포유류,NT,1
Leopardus colocolo,MAMMALIA,포유류,NT,1
Leopardus wiedii,MAMMALIA,포유류,NT,1
Leporillus conditor,MAMMALIA,포유류,NT,1
Leptonycteris yerbabuenae,MAMMALIA,포유류,NT,1
Lepus yarkandensis,MAMMALIA,포유류,NT,1
Litocranius walleri,MAMMALIA,포유류,NT,1
Lonchophylla hesperia,MAMMALIA,포유류,NT,1
Lonchophylla mordax,MAMMALIA,포유류,NT,1
Lontra longicaudis,MAMMALIA,포유류,NT,1
Lophostoma occidentalis,MAMMALIA,포유류,NT,1
Lophuromys brevicaudus,MAMMALIA,포유류,NT,1
Lophuromys rahmi,MAMMALIA,포유류,NT,1
Lycalopex sechurae,MAMMALIA,포유류,NT,1
Macaca assamensis,MAMMALIA,포유류,NT,1
Macaca thibetana,MAMMALIA,포유류,NT,1
Mastacomys fuscus,MAMMALIA,포유류,NT,1
Mesocricetus brandti,MAMMALIA,포유류,NT,1
Microcavia shiptoni,MAMMALIA,포유류,LC,0
Microtus cabrerae,MAMMALIA,포유류,NT,1
Microtus guatemalensis,MAMMALIA,포유류,NT,1
Microtus quasiater,MAMMALIA,포유류,NT,1
Mogera tokudae,MAMMALIA,포유류,NT,1
Monodon monoceros,MAMMALIA,포유류,VU,2
Mops mops,MAMMALIA,포유류,NT,1
Mops petersoni,MAMMALIA,포유류,NT,1
Muntiacus atherodes,MAMMALIA,포유류,NT,1
Murexia rothschildi,MAMMALIA,포유류,NT,1
Murina puta,MAMMALIA,포유류,LC,0
Mustela altaica,MAMMALIA,포유류,NT,1
Mustela itatsi,MAMMALIA,포유류,NT,1
Myosorex babaulti,MAMMALIA,포유류,LC,0
Myotis bechsteinii,MAMMALIA,포유류,VU,2
Myotis bombinus,MAMMALIA,포유류,NT,1
Myotis dasycneme,MAMMALIA,포유류,VU,2
Myotis macrotarsus,MAMMALIA,포유류,LC,0
Myotis martiniquensis,MAMMALIA,포유류,NT,1
Myotis ridleyi,MAMMALIA,포유류,NT,1
Myotis ruber,MAMMALIA,포유류,NT,1
Myotis sodalis,MAMMALIA,포유류,NT,1
Mysateles prehensilis,MAMMALIA,포유류,NT,1
Naemorhedus goral,MAMMALIA,포유류,NT,1
Nasuella olivacea,MAMMALIA,포유류,NT,1
Natalus espiritosantensis,MAMMALIA,포유류,NT,1
Natalus major,MAMMALIA,포유류,NT,1
Necromys obscurus,MAMMALIA,포유류,LC,0
Nelsonia neotomodon,MAMMALIA,포유류,LC,0
Neotoma magister,MAMMALIA,포유류,NT,1
Neotoma phenax,MAMMALIA,포유류,LC,0
Niviventer culturatus,MAMMALIA,포유류,LC,0
Notomys cervinus,MAMMALIA,포유류,NT,1
Nyctalus aviator,MAMMALIA,포유류,NT,1
Nycteris tragata,MAMMALIA,포유류,NT,1
Nycticeius cubanus,MAMMALIA,포유류,NT,1
Octodon lunatus,MAMMALIA,포유류,NT,1
Ornithorhynchus anatinus,MAMMALIA,포유류,NT,1
Otocolobus manul,MAMMALIA,포유류,LC,0
Otomops martiensseni,MAMMALIA,포유류,NT,1
Ovis ammon,MAMMALIA,포유류,NT,1
Ozotoceros bezoarticus,MAMMALIA,포유류,NT,1
Panthera onca,MAMMALIA,포유류,NT,1
Pantholops hodgsonii,MAMMALIA,포유류,NT,1
Papagomys armandvillei,MAMMALIA,포유류,NT,1
Papio papio,MAMMALIA,포유류,NT,1
Paracrocidura maxima,MAMMALIA,포유류,LC,0
Parahyaena brunnea,MAMMALIA,포유류,NT,1
Paraxerus vexillarius,MAMMALIA,포유류,LC,0
Pardofelis marmorata,MAMMALIA,포유류,NT,1
Pelomys isseli,MAMMALIA,포유류,NT,1
Peromyscus grandis,MAMMALIA,포유류,NT,1
Peromyscus polius,MAMMALIA,포유류,VU,2
Petaurista mishmiensis,MAMMALIA,포유류,NT,1
Petaurista nobilis,MAMMALIA,포유류,NT,1
Petrogale burbidgei,MAMMALIA,포유류,NT,1
Petrogale godmani,MAMMALIA,포유류,NT,1
Petrogale mareeba,MAMMALIA,포유류,NT,1
Petrogale purpureicollis,MAMMALIA,포유류,NT,1
Petrogale xanthopus,MAMMALIA,포유류,NT,1
Phascogale calura,MAMMALIA,포유류,NT,1
Phascogale tapoatafa,MAMMALIA,포유류,NT,1
Phoniscus atrox,MAMMALIA,포유류,NT,1
Phyllotis bonariensis,MAMMALIA,포유류,NT,1
Platalina genovensium,MAMMALIA,포유류,NT,1
Platyrrhinus ismaeli,MAMMALIA,포유류,NT,1
Platyrrhinus matapalensis,MAMMALIA,포유류,NT,1
Plecotus taivanus,MAMMALIA,포유류,NT,1
Pogonomelomys bruijnii,MAMMALIA,포유류,LC,0
Potorous tridactylus,MAMMALIA,포유류,NT,1
Praomys mutoni,MAMMALIA,포유류,NT,1
Prionailurus rubiginosus,MAMMALIA,포유류,NT,1
Procapra picticaudata,MAMMALIA,포유류,NT,1
Proechimys decumanus,MAMMALIA,포유류,NT,1
Prometheomys schaposchnikowi,MAMMALIA,포유류,LC,0
Pseudantechinus mimulus,MAMMALIA,포유류,NT,1
Pseudochirops albertisii,MAMMALIA,포유류,NT,1
Pseudochirops corinnae,MAMMALIA,포유류,NT,1
Pseudochirulus cinereus,MAMMALIA,포유류,NT,1
Pteropus pumilus,MAMMALIA,포유류,NT,1
Pteropus rayneri,MAMMALIA,포유류,NT,1
Pteropus samoensis,MAMMALIA,포유류,NT,1
Pudu puda,MAMMALIA,포유류,NT,1
Pygeretmus zhitkovi,MAMMALIA,포유류,LC,0
Rattus elaphinus,MAMMALIA,포유류,NT,1
Rattus feliceus,MAMMALIA,포유류,NT,1
Rattus jobiensis,MAMMALIA,포유류,LC,0
Rattus xanthurus,MAMMALIA,포유류,LC,0
Ratufa affinis,MAMMALIA,포유류,NT,1
Ratufa bicolor,MAMMALIA,포유류,NT,1
Ratufa macroura,MAMMALIA,포유류,NT,1
Rheomys thomasi,MAMMALIA,포유류,VU,2
Rhinolophus deckenii,MAMMALIA,포유류,NT,1
Rhinolophus euryale,MAMMALIA,포유류,VU,2
Rhinolophus formosae,MAMMALIA,포유류,LC,0
Rhinolophus robinsoni,MAMMALIA,포유류,NT,1
Rhinolophus rufus,MAMMALIA,포유류,NT,1
Rhinolophus sedulus,MAMMALIA,포유류,NT,1
Rhinophylla alethina,MAMMALIA,포유류,NT,1
Rhinosciurus laticaudatus,MAMMALIA,포유류,NT,1
Rhynchocyon cirnei,MAMMALIA,포유류,LC,0
Rhyncholestes raphanurus,MAMMALIA,포유류,NT,1
Rhynchomys soricoides,MAMMALIA,포유류,NT,1
Saimiri ustus,MAMMALIA,포유류,NT,1
Sapajus nigritus,MAMMALIA,포유류,NT,1
Sciurus richmondi,MAMMALIA,포유류,NT,1
Semnopithecus hector,MAMMALIA,포유류,NT,1
Sicista kluchorica,MAMMALIA,포유류,LC,0
Sminthopsis bindi,MAMMALIA,포유류,NT,1
Sminthopsis douglasi,MAMMALIA,포유류,NT,1
Sorex alpinus,MAMMALIA,포유류,NT,1
Spalax uralensis,MAMMALIA,포유류,LC,0
Speothos venaticus,MAMMALIA,포유류,NT,1
Spermophilus musicus,MAMMALIA,포유류,LC,0
Spermophilus xanthoprymnus,MAMMALIA,포유류,NT,1
Spilocuscus kraemeri,MAMMALIA,포유류,NT,1
Stenoderma rufum,MAMMALIA,포유류,NT,1
Sturnira mordax,MAMMALIA,포유류,LC,0
Styloctenium wallacei,MAMMALIA,포유류,NT,1
Sundasciurus hippurus,MAMMALIA,포유류,NT,1
Sundasciurus moellendorffi,MAMMALIA,포유류,NT,1
Sus celebensis,MAMMALIA,포유류,NT,1
Sylvilagus obscurus,MAMMALIA,포유류,NT,1
Sylvisorex vulcanorum,MAMMALIA,포유류,LC,0
Taphozous australis,MAMMALIA,포유류,NT,1
Thomasomys gracilis,MAMMALIA,포유류,NT,1
Thylamys fenestrae,MAMMALIA,포유류,NT,1
Thylamys macrurus,MAMMALIA,포유류,NT,1
Thylamys velutinus,MAMMALIA,포유류,NT,1
Tolypeutes matacus,MAMMALIA,포유류,NT,1
Tragelaphus imberbis,MAMMALIA,포유류,NT,1
Trinomys eliasi,MAMMALIA,포유류,NT,1
Trogopterus xanthipes,MAMMALIA,포유류,NT,1
Tympanoctomys barrerae,MAMMALIA,포유류,NT,1
Urocitellus washingtoni,MAMMALIA,포유류,NT,1
Urocyon littoralis,MAMMALIA,포유류,NT,1
Uromys hadrourus,MAMMALIA,포유류,NT,1
Uromys neobritannicus,MAMMALIA,포유류,NT,1
Vampyrum spectrum,MAMMALIA,포유류,NT,1
Volemys millicens,MAMMALIA,포유류,NT,1
Wyulda squamicaudata,MAMMALIA,포유류,NT,1
Xerospermophilus mohavensis,MAMMALIA,포유류,NT,1
Zaedyus pichiy,MAMMALIA,포유류,NT,1
Abeomelomys sevia,MAMMALIA,포유류,LC,0
Abrawayaomys ruschii,MAMMALIA,포유류,LC,0
Abrocoma bennettii,MAMMALIA,포유류,LC,0
Abrocoma cinerea,MAMMALIA,포유류,LC,0
Abrocoma shistacea,MAMMALIA,포유류,LC,0
Abrothrix andinus,MAMMALIA,포유류,LC,0
Abrothrix illutea,MAMMALIA,포유류,LC,0
Abrothrix jelskii,MAMMALIA,포유류,LC,0
Abrothrix lanosus,MAMMALIA,포유류,LC,0
Abrothrix longipilis,MAMMALIA,포유류,LC,0
Abrothrix olivaceus,MAMMALIA,포유류,LC,0
Acomys airensis,MAMMALIA,포유류,LC,0
Acomys cahirinus,MAMMALIA,포유류,LC,0
Acomys cineraceus,MAMMALIA,포유류,LC,0
Acomys dimidiatus,MAMMALIA,포유류,LC,0
Acomys ignitus,MAMMALIA,포유류,LC,0
Acomys johannis,MAMMALIA,포유류,LC,0
Acomys kempi,MAMMALIA,포유류,LC,0
Acomys louisae,MAMMALIA,포유류,LC,0
Acomys mullah,MAMMALIA,포유류,LC,0
Acomys percivali,MAMMALIA,포유류,LC,0
Acomys russatus,MAMMALIA,포유류,LC,0
Acomys seurati,MAMMALIA,포유류,LC,0
Acomys spinosissimus,MAMMALIA,포유류,LC,0
Acomys subspinosus,MAMMALIA,포유류,LC,0
Acomys wilsoni,MAMMALIA,포유류,LC,0
Aconaemys fuscus,MAMMALIA,포유류,LC,0
Acrobates pygmaeus,MAMMALIA,포유류,LC,0
Aegialomys xanthaeolus,MAMMALIA,포유류,LC,0
Aepeomys lugens,MAMMALIA,포유류,LC,0
Aepyprymnus rufescens,MAMMALIA,포유류,LC,0
Aeromys thomasi,MAMMALIA,포유류,LC,0
Aethalops aequalis,MAMMALIA,포유류,LC,0
Aethalops alecto,MAMMALIA,포유류,LC,0
Aethomys bocagei,MAMMALIA,포유류,LC,0
Aethomys chrysophilus,MAMMALIA,포유류,LC,0
Aethomys hindei,MAMMALIA,포유류,LC,0
Aethomys ineptus,MAMMALIA,포유류,LC,0
Aethomys kaiseri,MAMMALIA,포유류,LC,0
Aethomys nyikae,MAMMALIA,포유류,LC,0
Aethomys thomasi,MAMMALIA,포유류,LC,0
Akodon aerosus,MAMMALIA,포유류,LC,0
Akodon affinis,MAMMALIA,포유류,LC,0
Akodon albiventer,MAMMALIA,포유류,LC,0
Akodon azarae,MAMMALIA,포유류,LC,0
Akodon boliviensis,MAMMALIA,포유류,LC,0
Akodon budini,MAMMALIA,포유류,LC,0
Akodon cursor,MAMMALIA,포유류,LC,0
Akodon dayi,MAMMALIA,포유류,LC,0
Akodon dolores,MAMMALIA,포유류,LC,0
Akodon fumeus,MAMMALIA,포유류,LC,0
Akodon iniscatus,MAMMALIA,포유류,LC,0
Akodon juninensis,MAMMALIA,포유류,LC,0
Akodon kofordi,MAMMALIA,포유류,LC,0
Akodon lutescens,MAMMALIA,포유류,LC,0
Akodon mimus,MAMMALIA,포유류,LC,0
Akodon molinae,MAMMALIA,포유류,LC,0
Akodon mollis,MAMMALIA,포유류,LC,0
Akodon montensis,MAMMALIA,포유류,LC,0
Akodon orophilus,MAMMALIA,포유류,LC,0
Akodon paranaensis,MAMMALIA,포유류,LC,0
Akodon reigi,MAMMALIA,포유류,LC,0
Akodon serrensis,MAMMALIA,포유류,LC,0
Akodon simulator,MAMMALIA,포유류,LC,0
Akodon spegazzinii,MAMMALIA,포유류,LC,0
Akodon subfuscus,MAMMALIA,포유류,LC,0
Akodon sylvanus,MAMMALIA,포유류,LC,0
Akodon toba,MAMMALIA,포유류,LC,0
Akodon torques,MAMMALIA,포유류,LC,0
Alces alces,MAMMALIA,포유류,LC,0
Alionycteris paucidentata,MAMMALIA,포유류,LC,0
Allactaga balikunica,MAMMALIA,포유류,LC,0
Allactaga bullata,MAMMALIA,포유류,LC,0
Allactaga hotsoni,MAMMALIA,포유류,LC,0
Allactaga major,MAMMALIA,포유류,NT,1
Allactaga severtzovi,MAMMALIA,포유류,LC,0
Allactaga sibirica,MAMMALIA,포유류,LC,0
Allactodipus bobrinskii,MAMMALIA,포유류,LC,0
Allenopithecus nigroviridis,MAMMALIA,포유류,LC,0
Allocricetulus curtatus,MAMMALIA,포유류,LC,0
Allocricetulus eversmanni,MAMMALIA,포유류,LC,0
Alouatta arctoidea,MAMMALIA,포유류,LC,0
Alouatta caraya,MAMMALIA,포유류,NT,1
Alouatta macconnelli,MAMMALIA,포유류,LC,0
Alouatta nigerrima,MAMMALIA,포유류,LC,0
Alouatta sara,MAMMALIA,포유류,NT,1
Alouatta seniculus,MAMMALIA,포유류,LC,0
Alticola argentatus,MAMMALIA,포유류,LC,0
Alticola barakshin,MAMMALIA,포유류,LC,0
Alticola lemminus,MAMMALIA,포유류,LC,0
Alticola macrotis,MAMMALIA,포유류,LC,0
Alticola semicanus,MAMMALIA,포유류,LC,0
Alticola stoliczkanus,MAMMALIA,포유류,LC,0
Alticola strelzowi,MAMMALIA,포유류,LC,0
Alticola tuvinicus,MAMMALIA,포유류,LC,0
Amblysomus hottentotus,MAMMALIA,포유류,LC,0
Ametrida centurio,MAMMALIA,포유류,LC,0
Ammospermophilus harrisii,MAMMALIA,포유류,LC,0
Ammospermophilus interpres,MAMMALIA,포유류,LC,0
Ammospermophilus leucurus,MAMMALIA,포유류,LC,0
Anathana ellioti,MAMMALIA,포유류,LC,0
Andalgalomys olrogi,MAMMALIA,포유류,LC,0
Andalgalomys pearsoni,MAMMALIA,포유류,LC,0
Andinomys edax,MAMMALIA,포유류,LC,0
Anisomys imitator,MAMMALIA,포유류,LC,0
Anomalurus beecrofti,MAMMALIA,포유류,LC,0
Anomalurus derbianus,MAMMALIA,포유류,LC,0
Anomalurus pusillus,MAMMALIA,포유류,LC,0
Anoura caudifer,MAMMALIA,포유류,LC,0
Anoura cultrata,MAMMALIA,포유류,LC,0
Anoura geoffroyi,MAMMALIA,포유류,LC,0
Anoura latidens,MAMMALIA,포유류,LC,0
Anoura luismanueli,MAMMALIA,포유류,LC,0
Anourosorex assamensis,MAMMALIA,포유류,LC,0
Anourosorex squamipes,MAMMALIA,포유류,LC,0
Anourosorex yamashinai,MAMMALIA,포유류,LC,0
Antechinomys laniger,MAMMALIA,포유류,LC,0
Antechinus adustus,MAMMALIA,포유류,LC,0
Antechinus agilis,MAMMALIA,포유류,LC,0
Antechinus flavipes,MAMMALIA,포유류,LC,0
Antechinus leo,MAMMALIA,포유류,LC,0
Antechinus minimus,MAMMALIA,포유류,LC,0
Antechinus stuartii,MAMMALIA,포유류,LC,0
Antechinus subtropicus,MAMMALIA,포유류,LC,0
Antechinus swainsonii,MAMMALIA,포유류,LC,0
Antidorcas marsupialis,MAMMALIA,포유류,LC,0
Antrozous pallidus,MAMMALIA,포유류,LC,0
Aotus azarae,MAMMALIA,포유류,LC,0
Aotus nigriceps,MAMMALIA,포유류,LC,0
Aotus trivirgatus,MAMMALIA,포유류,LC,0
Aotus vociferans,MAMMALIA,포유류,LC,0
Aplodontia rufa,MAMMALIA,포유류,LC,0
Apodemus agrarius,MAMMALIA,포유류,LC,0
Apodemus alpicola,MAMMALIA,포유류,LC,0
Apodemus argenteus,MAMMALIA,포유류,LC,0
Apodemus chevrieri,MAMMALIA,포유류,LC,0
Apodemus draco,MAMMALIA,포유류,LC,0
Apodemus epimelas,MAMMALIA,포유류,LC,0
Apodemus flavicollis,MAMMALIA,포유류,LC,0
Apodemus gurkha,MAMMALIA,포유류,LC,0
Apodemus latronum,MAMMALIA,포유류,LC,0
Apodemus mystacinus,MAMMALIA,포유류,LC,0
Apodemus pallipes,MAMMALIA,포유류,LC,0
Apodemus peninsulae,MAMMALIA,포유류,LC,0
Apodemus ponticus,MAMMALIA,포유류,LC,0
Apodemus rusiges,MAMMALIA,포유류,LC,0
Apodemus semotus,MAMMALIA,포유류,LC,0
Apodemus speciosus,MAMMALIA,포유류,LC,0
Apodemus sylvaticus,MAMMALIA,포유류,LC,0
Apodemus uralensis,MAMMALIA,포유류,LC,0
Apodemus witherbyi,MAMMALIA,포유류,LC,0
Apomys abrae,MAMMALIA,포유류,LC,0
Apomys datae,MAMMALIA,포유류,LC,0
Apomys gracilirostris,MAMMALIA,포유류,LC,0
Apomys hylocetes,MAMMALIA,포유류,LC,0
Apomys insignis,MAMMALIA,포유류,LC,0
Apomys microdon,MAMMALIA,포유류,LC,0
Apomys musculus,MAMMALIA,포유류,LC,0
Apomys sacobianus,MAMMALIA,포유류,LC,0
Arborimus albipes,MAMMALIA,포유류,LC,0
Arctocebus aureus,MAMMALIA,포유류,LC,0
Arctocebus calabarensis,MAMMALIA,포유류,NT,1
Arctocephalus australis,MAMMALIA,포유류,LC,0
Arctocephalus forsteri,MAMMALIA,포유류,LC,0
Arctocephalus philippii,MAMMALIA,포유류,LC,0
Arctocephalus pusillus,MAMMALIA,포유류,LC,0
Arctocephalus townsendi,MAMMALIA,포유류,LC,0
Arctocephalus tropicalis,MAMMALIA,포유류,LC,0
Arctogalidia trivirgata,MAMMALIA,포유류,LC,0
Arctonyx albogularis,MAMMALIA,포유류,LC,0
Arctonyx hoevenii,MAMMALIA,포유류,LC,0
Ardops nichollsi,MAMMALIA,포유류,LC,0
Arielulus circumdatus,MAMMALIA,포유류,LC,0
Arielulus torquatus,MAMMALIA,포유류,LC,0
Ariteus flavescens,MAMMALIA,포유류,LC,0
Artibeus amplus,MAMMALIA,포유류,LC,0
Artibeus concolor,MAMMALIA,포유류,LC,0
Artibeus fimbriatus,MAMMALIA,포유류,LC,0
Artibeus fraterculus,MAMMALIA,포유류,LC,0
Artibeus hirsutus,MAMMALIA,포유류,LC,0
Artibeus jamaicensis,MAMMALIA,포유류,LC,0
Artibeus lituratus,MAMMALIA,포유류,LC,0
Artibeus obscurus,MAMMALIA,포유류,LC,0
Artibeus planirostris,MAMMALIA,포유류,LC,0
Arvicanthis abyssinicus,MAMMALIA,포유류,LC,0
Arvicanthis ansorgei,MAMMALIA,포유류,LC,0
Arvicanthis nairobae,MAMMALIA,포유류,LC,0
Arvicanthis neumanni,MAMMALIA,포유류,LC,0
Arvicanthis niloticus,MAMMALIA,포유류,LC,0
Arvicanthis rufinus,MAMMALIA,포유류,LC,0
Arvicola amphibius,MAMMALIA,포유류,LC,0
Asellia patrizii,MAMMALIA,포유류,LC,0
Asellia tridens,MAMMALIA,포유류,LC,0
Aselliscus stoliczkanus,MAMMALIA,포유류,LC,0
Aselliscus tricuspidatus,MAMMALIA,포유류,LC,0
Atelerix albiventris,MAMMALIA,포유류,LC,0
Atelerix algirus,MAMMALIA,포유류,LC,0
Atelerix frontalis,MAMMALIA,포유류,LC,0
Atelerix sclateri,MAMMALIA,포유류,LC,0
Atherurus africanus,MAMMALIA,포유류,LC,0
Atherurus macrourus,MAMMALIA,포유류,LC,0
Atilax paludinosus,MAMMALIA,포유류,LC,0
Auliscomys boliviensis,MAMMALIA,포유류,LC,0
Auliscomys pictus,MAMMALIA,포유류,LC,0
Auliscomys sublimis,MAMMALIA,포유류,LC,0
Austronomus australis,MAMMALIA,포유류,LC,0
Austronomus kuboriensis,MAMMALIA,포유류,LC,0
Axis axis,MAMMALIA,포유류,LC,0
Baiomys musculus,MAMMALIA,포유류,LC,0
Baiomys taylori,MAMMALIA,포유류,LC,0
Baiyankamys shawmayeri,MAMMALIA,포유류,LC,0
Balaena mysticetus,MAMMALIA,포유류,VU,2
Balaenoptera acutorostrata,MAMMALIA,포유류,LC,0
Balantiopteryx plicata,MAMMALIA,포유류,LC,0
Balionycteris maculata,MAMMALIA,포유류,LC,0
Bandicota bengalensis,MAMMALIA,포유류,LC,0
Bandicota indica,MAMMALIA,포유류,LC,0
Bandicota savilei,MAMMALIA,포유류,LC,0
Barbastella leucomelas,MAMMALIA,포유류,LC,0
Bassaricyon alleni,MAMMALIA,포유류,LC,0
Bassaricyon gabbii,MAMMALIA,포유류,LC,0
Bassaricyon medius,MAMMALIA,포유류,LC,0
Bassariscus astutus,MAMMALIA,포유류,LC,0
Bassariscus sumichrasti,MAMMALIA,포유류,LC,0
Bathyergus janetta,MAMMALIA,포유류,LC,0
Bathyergus suillus,MAMMALIA,포유류,LC,0
Batomys salomonseni,MAMMALIA,포유류,LC,0
Bdeogale crassicauda,MAMMALIA,포유류,LC,0
Bdeogale nigripes,MAMMALIA,포유류,LC,0
Beamys hindei,MAMMALIA,포유류,LC,0
Berylmys berdmorei,MAMMALIA,포유류,LC,0
Bibimys chacoensis,MAMMALIA,포유류,LC,0
Bibimys labiosus,MAMMALIA,포유류,LC,0
Blarina brevicauda,MAMMALIA,포유류,LC,0
Blarina carolinensis,MAMMALIA,포유류,LC,0
Blarina hylophaga,MAMMALIA,포유류,LC,0
Blarinella griselda,MAMMALIA,포유류,LC,0
Blarinella wardi,MAMMALIA,포유류,LC,0
Blarinomys breviceps,MAMMALIA,포유류,LC,0
Boselaphus tragocamelus,MAMMALIA,포유류,LC,0
Brachiones przewalskii,MAMMALIA,포유류,LC,0
Brachylagus idahoensis,MAMMALIA,포유류,LC,0
Brachyphylla cavernarum,MAMMALIA,포유류,LC,0
Brachyphylla nana,MAMMALIA,포유류,LC,0
Brachytarsomys albicauda,MAMMALIA,포유류,LC,0
Brachyuromys betsileoensis,MAMMALIA,포유류,LC,0
Brachyuromys ramirohitra,MAMMALIA,포유류,LC,0
Bradypus tridactylus,MAMMALIA,포유류,LC,0
Bradypus variegatus,MAMMALIA,포유류,LC,0
Brucepattersonius iheringi,MAMMALIA,포유류,LC,0
Bullimus bagobus,MAMMALIA,포유류,LC,0
Bullimus luzonicus,MAMMALIA,포유류,LC,0
Bunomys andrewsi,MAMMALIA,포유류,LC,0
Bunomys chrysocomus,MAMMALIA,포유류,LC,0
Cabassous tatouay,MAMMALIA,포유류,LC,0
Cabassous unicinctus,MAMMALIA,포유류,LC,0
Caenolestes fuliginosus,MAMMALIA,포유류,LC,0
Calcochloris obtusirostris,MAMMALIA,포유류,LC,0
Callithrix geoffroyi,MAMMALIA,포유류,LC,0
Callithrix jacchus,MAMMALIA,포유류,LC,0
Callithrix penicillata,MAMMALIA,포유류,LC,0
Callosciurus baluensis,MAMMALIA,포유류,LC,0
Callosciurus caniceps,MAMMALIA,포유류,LC,0
Callosciurus erythraeus,MAMMALIA,포유류,LC,0
Callosciurus finlaysonii,MAMMALIA,포유류,LC,0
Callosciurus inornatus,MAMMALIA,포유류,LC,0
Callosciurus notatus,MAMMALIA,포유류,LC,0
Callosciurus orestes,MAMMALIA,포유류,LC,0
Callosciurus phayrei,MAMMALIA,포유류,LC,0
Callosciurus prevostii,MAMMALIA,포유류,LC,0
Callosciurus pygerythrus,MAMMALIA,포유류,LC,0
Callospermophilus lateralis,MAMMALIA,포유류,LC,0
Callospermophilus saturatus,MAMMALIA,포유류,LC,0
Calomys boliviae,MAMMALIA,포유류,LC,0
Calomys callidus,MAMMALIA,포유류,LC,0
Calomys callosus,MAMMALIA,포유류,LC,0
Calomys expulsus,MAMMALIA,포유류,LC,0
Calomys fecundus,MAMMALIA,포유류,LC,0
Calomys hummelincki,MAMMALIA,포유류,LC,0
Calomys laucha,MAMMALIA,포유류,LC,0
Calomys lepidus,MAMMALIA,포유류,LC,0
Calomys musculinus,MAMMALIA,포유류,LC,0
Calomys sorellus,MAMMALIA,포유류,LC,0
Calomys tener,MAMMALIA,포유류,LC,0
Calomys tocantinsi,MAMMALIA,포유류,LC,0
Calomys venustus,MAMMALIA,포유류,LC,0
Calomyscus bailwardi,MAMMALIA,포유류,LC,0
Calomyscus baluchi,MAMMALIA,포유류,LC,0
Calomyscus elburzensis,MAMMALIA,포유류,LC,0
Calomyscus hotsoni,MAMMALIA,포유류,LC,0
Calomyscus mystax,MAMMALIA,포유류,LC,0
Calomyscus urartensis,MAMMALIA,포유류,LC,0
Caluromys derbianus,MAMMALIA,포유류,LC,0
Caluromys lanatus,MAMMALIA,포유류,LC,0
Caluromys philander,MAMMALIA,포유류,LC,0
Caluromysiops irrupta,MAMMALIA,포유류,LC,0
Canis aureus,MAMMALIA,포유류,LC,0
Canis latrans,MAMMALIA,포유류,LC,0
Cannomys badius,MAMMALIA,포유류,LC,0
Cansumys canus,MAMMALIA,포유류,LC,0
Capra ibex,MAMMALIA,포유류,LC,0
Capra sibirica,MAMMALIA,포유류,NT,1
Capreolus capreolus,MAMMALIA,포유류,LC,0
Capreolus pygargus,MAMMALIA,포유류,LC,0
Capricornis crispus,MAMMALIA,포유류,LC,0
Capricornis swinhoei,MAMMALIA,포유류,LC,0
Capromys pilorides,MAMMALIA,포유류,LC,0
Caracal caracal,MAMMALIA,포유류,LC,0
Cardioderma cor,MAMMALIA,포유류,LC,0
Carollia brevicauda,MAMMALIA,포유류,LC,0
Carollia castanea,MAMMALIA,포유류,LC,0
Carollia manu,MAMMALIA,포유류,LC,0
Carollia perspicillata,MAMMALIA,포유류,LC,0
Carollia sowelli,MAMMALIA,포유류,LC,0
Carollia subrufa,MAMMALIA,포유류,LC,0
Carpomys phaeurus,MAMMALIA,포유류,LC,0
Caryomys eva,MAMMALIA,포유류,LC,0
Caryomys inez,MAMMALIA,포유류,LC,0
Casinycteris argynnis,MAMMALIA,포유류,LC,0
Castor fiber,MAMMALIA,포유류,LC,0
Cavia aperea,MAMMALIA,포유류,LC,0
Cavia fulgida,MAMMALIA,포유류,LC,0
Cavia magna,MAMMALIA,포유류,LC,0
Cavia tschudii,MAMMALIA,포유류,LC,0
Cebus brunneus,MAMMALIA,포유류,EN,3
Centronycteris centralis,MAMMALIA,포유류,LC,0
Centronycteris maximiliani,MAMMALIA,포유류,LC,0
Centurio senex,MAMMALIA,포유류,LC,0
Cephalophus callipygus,MAMMALIA,포유류,LC,0
Cephalophus harveyi,MAMMALIA,포유류,LC,0
Cephalophus natalensis,MAMMALIA,포유류,LC,0
Cephalophus niger,MAMMALIA,포유류,LC,0
Cephalophus rufilatus,MAMMALIA,포유류,LC,0
Cephalophus weynsi,MAMMALIA,포유류,LC,0
Cercartetus caudatus,MAMMALIA,포유류,LC,0
Cercartetus concinnus,MAMMALIA,포유류,LC,0
Cercartetus lepidus,MAMMALIA,포유류,LC,0
Cercartetus nanus,MAMMALIA,포유류,LC,0
Cercocebus agilis,MAMMALIA,포유류,LC,0
Cercopithecus ascanius,MAMMALIA,포유류,LC,0
Cercopithecus campbelli,MAMMALIA,포유류,NT,1
Cercopithecus denti,MAMMALIA,포유류,LC,0
Cercopithecus mona,MAMMALIA,포유류,NT,1
Cercopithecus neglectus,MAMMALIA,포유류,LC,0
Cercopithecus petaurista,MAMMALIA,포유류,NT,1
Cerdocyon thous,MAMMALIA,포유류,LC,0
Cerradomys maracajuensis,MAMMALIA,포유류,LC,0
Cerradomys scotti,MAMMALIA,포유류,LC,0
Cerradomys subflavus,MAMMALIA,포유류,LC,0
Cervus canadensis,MAMMALIA,포유류,LC,0
Cervus elaphus,MAMMALIA,포유류,LC,0
Chaetodipus arenarius,MAMMALIA,포유류,LC,0
Chaetodipus artus,MAMMALIA,포유류,LC,0
Chaetodipus baileyi,MAMMALIA,포유류,LC,0
Chaetodipus californicus,MAMMALIA,포유류,LC,0
Chaetodipus eremicus,MAMMALIA,포유류,LC,0
Chaetodipus fallax,MAMMALIA,포유류,LC,0
Chaetodipus formosus,MAMMALIA,포유류,LC,0
Chaetodipus hispidus,MAMMALIA,포유류,LC,0
Chaetodipus intermedius,MAMMALIA,포유류,LC,0
Chaetodipus nelsoni,MAMMALIA,포유류,LC,0
Chaetodipus penicillatus,MAMMALIA,포유류,LC,0
Chaetodipus pernix,MAMMALIA,포유류,LC,0
Chaetodipus rudinoris,MAMMALIA,포유류,LC,0
Chaetodipus spinatus,MAMMALIA,포유류,LC,0
Chaetophractus vellerosus,MAMMALIA,포유류,LC,0
Chaetophractus villosus,MAMMALIA,포유류,LC,0
Chalinolobus gouldii,MAMMALIA,포유류,LC,0
Chalinolobus morio,MAMMALIA,포유류,LC,0
Chalinolobus nigrogriseus,MAMMALIA,포유류,LC,0
Cheiromeles parvidens,MAMMALIA,포유류,LC,0
Cheiromeles torquatus,MAMMALIA,포유류,LC,0
Chelemys macronyx,MAMMALIA,포유류,LC,0
Chilomys instans,MAMMALIA,포유류,LC,0
Chimarrogale himalayica,MAMMALIA,포유류,LC,0
Chimarrogale platycephalus,MAMMALIA,포유류,LC,0
Chimarrogale styani,MAMMALIA,포유류,LC,0
Chinchillula sahamae,MAMMALIA,포유류,LC,0
Chionomys gud,MAMMALIA,포유류,LC,0
Chionomys roberti,MAMMALIA,포유류,LC,0
Chiroderma doriae,MAMMALIA,포유류,LC,0
Chiroderma salvini,MAMMALIA,포유류,LC,0
Chiroderma trinitatum,MAMMALIA,포유류,LC,0
Chiroderma villosum,MAMMALIA,포유류,LC,0
Chiromyscus chiropus,MAMMALIA,포유류,LC,0
Chironax melanocephalus,MAMMALIA,포유류,LC,0
Chironectes minimus,MAMMALIA,포유류,LC,0
Chiropodomys gliroides,MAMMALIA,포유류,LC,0
Chiropotes chiropotes,MAMMALIA,포유류,LC,0
Chiruromys forbesi,MAMMALIA,포유류,LC,0
Chiruromys lamia,MAMMALIA,포유류,LC,0
Chiruromys vates,MAMMALIA,포유류,LC,0
Chlorocebus aethiops,MAMMALIA,포유류,LC,0
Chlorocebus cynosuros,MAMMALIA,포유류,LC,0
Chlorocebus sabaeus,MAMMALIA,포유류,LC,0
Chlorotalpa sclateri,MAMMALIA,포유류,LC,0
Chodsigoa hypsibia,MAMMALIA,포유류,LC,0
Chodsigoa lamula,MAMMALIA,포유류,LC,0
Chodsigoa parca,MAMMALIA,포유류,LC,0
Choeroniscus godmani,MAMMALIA,포유류,LC,0
Choeroniscus minor,MAMMALIA,포유류,LC,0
Choloepus didactylus,MAMMALIA,포유류,LC,0
Choloepus hoffmanni,MAMMALIA,포유류,LC,0
Chrotomys silaceus,MAMMALIA,포유류,LC,0
Chrotomys whiteheadi,MAMMALIA,포유류,LC,0
Chrotopterus auritus,MAMMALIA,포유류,LC,0
Chrysochloris asiatica,MAMMALIA,포유류,LC,0
Chrysochloris stuhlmanni,MAMMALIA,포유류,LC,0
Cistugo lesueuri,MAMMALIA,포유류,LC,0
Cistugo seabrae,MAMMALIA,포유류,LC,0
Civettictis civetta,MAMMALIA,포유류,LC,0
Cloeotis percivali,MAMMALIA,포유류,LC,0
Clyomys laticeps,MAMMALIA,포유류,LC,0
Coccymys ruemmleri,MAMMALIA,포유류,LC,0
Coelops frithii,MAMMALIA,포유류,NT,1
Coendou bicolor,MAMMALIA,포유류,LC,0
Coendou insidiosus,MAMMALIA,포유류,LC,0
Coendou melanurus,MAMMALIA,포유류,LC,0
Coendou mexicanus,MAMMALIA,포유류,LC,0
Coendou prehensilis,MAMMALIA,포유류,LC,0
Coendou pruinosus,MAMMALIA,포유류,LC,0
Coendou rufescens,MAMMALIA,포유류,LC,0
Coendou spinosus,MAMMALIA,포유류,LC,0
Coleura afra,MAMMALIA,포유류,LC,0
Colomys goslingi,MAMMALIA,포유류,LC,0
Condylura cristata,MAMMALIA,포유류,LC,0
Conepatus chinga,MAMMALIA,포유류,LC,0
Conepatus humboldtii,MAMMALIA,포유류,LC,0
Conepatus leuconotus,MAMMALIA,포유류,LC,0
Conepatus semistriatus,MAMMALIA,포유류,LC,0
Congosorex verheyeni,MAMMALIA,포유류,LC,0
Connochaetes gnou,MAMMALIA,포유류,LC,0
Connochaetes taurinus,MAMMALIA,포유류,LC,0
Cormura brevirostris,MAMMALIA,포유류,LC,0
Corynorhinus rafinesquii,MAMMALIA,포유류,LC,0
Corynorhinus townsendii,MAMMALIA,포유류,LC,0
Cratogeomys castanops,MAMMALIA,포유류,LC,0
Cratogeomys fulvescens,MAMMALIA,포유류,LC,0
Cratogeomys fumosus,MAMMALIA,포유류,LC,0
Cratogeomys goldmani,MAMMALIA,포유류,LC,0
Cratogeomys merriami,MAMMALIA,포유류,LC,0
Cratogeomys perotensis,MAMMALIA,포유류,LC,0
Cratogeomys planiceps,MAMMALIA,포유류,LC,0
Cremnomys cutchicus,MAMMALIA,포유류,LC,0
Cricetomys emini,MAMMALIA,포유류,LC,0
Cricetomys gambianus,MAMMALIA,포유류,LC,0
Cricetulus barabensis,MAMMALIA,포유류,LC,0
Cricetulus lama,MAMMALIA,포유류,LC,0
Cricetulus longicaudatus,MAMMALIA,포유류,LC,0
Cricetulus sokolovi,MAMMALIA,포유류,LC,0
Cricetulus tibetanus,MAMMALIA,포유류,LC,0
Crocidura aleksandrisi,MAMMALIA,포유류,LC,0
Crocidura arabica,MAMMALIA,포유류,LC,0
Crocidura arispa,MAMMALIA,포유류,LC,0
Crocidura attenuata,MAMMALIA,포유류,LC,0
Crocidura attila,MAMMALIA,포유류,LC,0
Crocidura baileyi,MAMMALIA,포유류,LC,0
Crocidura baluensis,MAMMALIA,포유류,LC,0
Crocidura batesi,MAMMALIA,포유류,LC,0
Crocidura beatus,MAMMALIA,포유류,LC,0
Crocidura beccarii,MAMMALIA,포유류,LC,0
Crocidura brunnea,MAMMALIA,포유류,LC,0
Crocidura caliginea,MAMMALIA,포유류,LC,0
Crocidura cinderella,MAMMALIA,포유류,LC,0
Crocidura congobelgica,MAMMALIA,포유류,LC,0
Crocidura crenata,MAMMALIA,포유류,LC,0
Crocidura crossei,MAMMALIA,포유류,LC,0
Crocidura cyanea,MAMMALIA,포유류,LC,0
Crocidura denti,MAMMALIA,포유류,LC,0
Crocidura dolichura,MAMMALIA,포유류,LC,0
Crocidura douceti,MAMMALIA,포유류,LC,0
Crocidura dsinezumi,MAMMALIA,포유류,LC,0
Crocidura elgonius,MAMMALIA,포유류,LC,0
Crocidura elongata,MAMMALIA,포유류,LC,0
Crocidura flavescens,MAMMALIA,포유류,LC,0
Crocidura foetida,MAMMALIA,포유류,LC,0
Crocidura foxi,MAMMALIA,포유류,LC,0
Crocidura fuliginosa,MAMMALIA,포유류,LC,0
Crocidura fulvastra,MAMMALIA,포유류,LC,0
Crocidura fumosa,MAMMALIA,포유류,LC,0
Crocidura fuscomurina,MAMMALIA,포유류,LC,0
Crocidura gmelini,MAMMALIA,포유류,LC,0
Crocidura goliath,MAMMALIA,포유류,LC,0
Crocidura grassei,MAMMALIA,포유류,LC,0
Crocidura grayi,MAMMALIA,포유류,LC,0
Crocidura greenwoodi,MAMMALIA,포유류,LC,0
Crocidura hildegardeae,MAMMALIA,포유류,LC,0
Crocidura hirta,MAMMALIA,포유류,LC,0
Crocidura hutanis,MAMMALIA,포유류,LC,0
Crocidura indochinensis,MAMMALIA,포유류,LC,0
Crocidura jacksoni,MAMMALIA,포유류,LC,0
Crocidura jouvenetae,MAMMALIA,포유류,LC,0
Crocidura lamottei,MAMMALIA,포유류,LC,0
Crocidura lasiura,MAMMALIA,포유류,LC,0
Crocidura latona,MAMMALIA,포유류,LC,0
Crocidura lea,MAMMALIA,포유류,LC,0
Crocidura lepidura,MAMMALIA,포유류,LC,0
Crocidura leucodon,MAMMALIA,포유류,LC,0
Crocidura levicula,MAMMALIA,포유류,LC,0
Crocidura littoralis,MAMMALIA,포유류,LC,0
Crocidura ludia,MAMMALIA,포유류,LC,0
Crocidura luna,MAMMALIA,포유류,LC,0
Crocidura lusitania,MAMMALIA,포유류,LC,0
Crocidura macarthuri,MAMMALIA,포유류,LC,0
Crocidura malayana,MAMMALIA,포유류,LC,0
Crocidura maquassiensis,MAMMALIA,포유류,LC,0
Crocidura mariquensis,MAMMALIA,포유류,LC,0
Crocidura maurisca,MAMMALIA,포유류,LC,0
Crocidura maxi,MAMMALIA,포유류,LC,0
Crocidura monticola,MAMMALIA,포유류,LC,0
Crocidura montis,MAMMALIA,포유류,LC,0
Crocidura muricauda,MAMMALIA,포유류,LC,0
Crocidura nanilla,MAMMALIA,포유류,LC,0
Crocidura negligens,MAMMALIA,포유류,LC,0
Crocidura nigeriae,MAMMALIA,포유류,LC,0
Crocidura nigricans,MAMMALIA,포유류,LC,0
Crocidura nigripes,MAMMALIA,포유류,LC,0
Crocidura nigrofusca,MAMMALIA,포유류,LC,0
Crocidura obscurior,MAMMALIA,포유류,LC,0
Crocidura olivieri,MAMMALIA,포유류,LC,0
Crocidura orientalis,MAMMALIA,포유류,LC,0
Crocidura pachyura,MAMMALIA,포유류,LC,0
Crocidura palawanensis,MAMMALIA,포유류,LC,0
Crocidura paradoxura,MAMMALIA,포유류,LC,0
Crocidura parvipes,MAMMALIA,포유류,LC,0
Crocidura pasha,MAMMALIA,포유류,LC,0
Crocidura phanluongi,MAMMALIA,포유류,LC,0
Crocidura poensis,MAMMALIA,포유류,LC,0
Crocidura ramona,MAMMALIA,포유류,LC,0
Crocidura rhoditis,MAMMALIA,포유류,VU,2
Crocidura roosevelti,MAMMALIA,포유류,LC,0
Crocidura russula,MAMMALIA,포유류,LC,0
Crocidura serezkyensis,MAMMALIA,포유류,LC,0
Crocidura shantungensis,MAMMALIA,포유류,LC,0
Crocidura sibirica,MAMMALIA,포유류,LC,0
Crocidura sicula,MAMMALIA,포유류,LC,0
Crocidura silacea,MAMMALIA,포유류,LC,0
Crocidura smithii,MAMMALIA,포유류,LC,0
Crocidura somalica,MAMMALIA,포유류,LC,0
Crocidura suaveolens,MAMMALIA,포유류,LC,0
Crocidura tanakae,MAMMALIA,포유류,LC,0
Crocidura thalia,MAMMALIA,포유류,LC,0
Crocidura theresae,MAMMALIA,포유류,LC,0
Crocidura turba,MAMMALIA,포유류,LC,0
Crocidura viaria,MAMMALIA,포유류,LC,0
Crocidura virgata,MAMMALIA,포유류,LC,0
Crocidura voi,MAMMALIA,포유류,LC,0
Crocidura vorax,MAMMALIA,포유류,LC,0
Crocidura watasei,MAMMALIA,포유류,LC,0
Crocidura whitakeri,MAMMALIA,포유류,LC,0
Crocidura xantippe,MAMMALIA,포유류,LC,0
Crocidura yankariensis,MAMMALIA,포유류,LC,0
Crocidura zarudnyi,MAMMALIA,포유류,LC,0
Crocuta crocuta,MAMMALIA,포유류,LC,0
Crossarchus alexandri,MAMMALIA,포유류,LC,0
Crossarchus ansorgei,MAMMALIA,포유류,LC,0
Crossarchus obscurus,MAMMALIA,포유류,LC,0
Crossarchus platycephalus,MAMMALIA,포유류,LC,0
Crossomys moncktoni,MAMMALIA,포유류,LC,0
Cryptomys hottentotus,MAMMALIA,포유류,LC,0
Cryptonanus chacoensis,MAMMALIA,포유류,LC,0
Cryptotis colombiana,MAMMALIA,포유류,LC,0
Cryptotis equatoris,MAMMALIA,포유류,LC,0
Cryptotis goldmani,MAMMALIA,포유류,LC,0
Cryptotis goodwini,MAMMALIA,포유류,LC,0
Cryptotis mayensis,MAMMALIA,포유류,LC,0
Cryptotis medellinia,MAMMALIA,포유류,LC,0
Cryptotis merriami,MAMMALIA,포유류,LC,0
Cryptotis mexicana,MAMMALIA,포유류,LC,0
Cryptotis montivaga,MAMMALIA,포유류,LC,0
Cryptotis nigrescens,MAMMALIA,포유류,LC,0
Cryptotis obscura,MAMMALIA,포유류,LC,0
Cryptotis parva,MAMMALIA,포유류,LC,0
Cryptotis squamipes,MAMMALIA,포유류,LC,0
Cryptotis tamensis,MAMMALIA,포유류,LC,0
Cryptotis thomasi,MAMMALIA,포유류,LC,0
Ctenodactylus gundi,MAMMALIA,포유류,LC,0
Ctenomys boliviensis,MAMMALIA,포유류,LC,0
Ctenomys conoveri,MAMMALIA,포유류,LC,0
Ctenomys frater,MAMMALIA,포유류,LC,0
Ctenomys goodfellowi,MAMMALIA,포유류,LC,0
Ctenomys haigi,MAMMALIA,포유류,LC,0
Ctenomys leucodon,MAMMALIA,포유류,LC,0
Ctenomys lewisi,MAMMALIA,포유류,LC,0
Ctenomys maulinus,MAMMALIA,포유류,LC,0
Ctenomys mendocinus,MAMMALIA,포유류,LC,0
Ctenomys opimus,MAMMALIA,포유류,LC,0
Ctenomys perrensi,MAMMALIA,포유류,LC,0
Ctenomys peruanus,MAMMALIA,포유류,CR,4
Ctenomys steinbachi,MAMMALIA,포유류,LC,0
Ctenomys talarum,MAMMALIA,포유류,LC,0
Ctenomys torquatus,MAMMALIA,포유류,LC,0
Cuniculus paca,MAMMALIA,포유류,LC,0
Cyclopes didactylus,MAMMALIA,포유류,LC,0
Cynictis penicillata,MAMMALIA,포유류,LC,0
Cynocephalus volans,MAMMALIA,포유류,LC,0
Cynomops greenhalli,MAMMALIA,포유류,LC,0
Cynomops mexicanus,MAMMALIA,포유류,LC,0
Cynomops milleri,MAMMALIA,포유류,LC,0
Cynomops planirostris,MAMMALIA,포유류,LC,0
Cynomys gunnisoni,MAMMALIA,포유류,LC,0
Cynomys leucurus,MAMMALIA,포유류,LC,0
Cynomys ludovicianus,MAMMALIA,포유류,LC,0
Cynopterus brachyotis,MAMMALIA,포유류,LC,0
Cynopterus horsfieldii,MAMMALIA,포유류,LC,0
Cynopterus luzoniensis,MAMMALIA,포유류,LC,0
Cynopterus minutus,MAMMALIA,포유류,LC,0
Cynopterus nusatenggara,MAMMALIA,포유류,LC,0
Cynopterus sphinx,MAMMALIA,포유류,LC,0
Cynopterus titthaecheilus,MAMMALIA,포유류,LC,0
Cyttarops alecto,MAMMALIA,포유류,LC,0
Dactylomys boliviensis,MAMMALIA,포유류,LC,0
Dactylomys dactylinus,MAMMALIA,포유류,LC,0
Dactylopsila megalura,MAMMALIA,포유류,LC,0
Dactylopsila trivirgata,MAMMALIA,포유류,LC,0
Dama dama,MAMMALIA,포유류,LC,0
Dasycercus blythi,MAMMALIA,포유류,LC,0
Dasykaluta rosamondae,MAMMALIA,포유류,LC,0
Dasymys incomtus,MAMMALIA,포유류,LC,0
Dasymys rufulus,MAMMALIA,포유류,LC,0
Dasyprocta fuliginosa,MAMMALIA,포유류,LC,0
Dasyprocta leporina,MAMMALIA,포유류,LC,0
Dasyprocta prymnolopha,MAMMALIA,포유류,LC,0
Dasyprocta punctata,MAMMALIA,포유류,LC,0
Dasypus kappleri,MAMMALIA,포유류,LC,0
Dasypus novemcinctus,MAMMALIA,포유류,LC,0
Dasypus septemcinctus,MAMMALIA,포유류,LC,0
Delomys collinus,MAMMALIA,포유류,LC,0
Delomys dorsalis,MAMMALIA,포유류,LC,0
Delomys sublineatus,MAMMALIA,포유류,LC,0
Deltamys kempi,MAMMALIA,포유류,LC,0
Dendrogale murina,MAMMALIA,포유류,LC,0
Dendrohyrax arboreus,MAMMALIA,포유류,LC,0
Dendrohyrax dorsalis,MAMMALIA,포유류,LC,0
Dendromus insignis,MAMMALIA,포유류,LC,0
Dendromus kivu,MAMMALIA,포유류,LC,0
Dendromus lovati,MAMMALIA,포유류,LC,0
Dendromus mesomelas,MAMMALIA,포유류,LC,0
Dendromus messorius,MAMMALIA,포유류,LC,0
Dendromus mystacalis,MAMMALIA,포유류,LC,0
Dendromus oreas,MAMMALIA,포유류,LC,0
Deomys ferrugineus,MAMMALIA,포유류,LC,0
Dephomys defua,MAMMALIA,포유류,LC,0
Dermanura anderseni,MAMMALIA,포유류,LC,0
Dermanura azteca,MAMMALIA,포유류,LC,0
Dermanura cinerea,MAMMALIA,포유류,LC,0
Dermanura glauca,MAMMALIA,포유류,LC,0
Dermanura gnoma,MAMMALIA,포유류,LC,0
Dermanura phaeotis,MAMMALIA,포유류,LC,0
Dermanura tolteca,MAMMALIA,포유류,LC,0
Dermanura watsoni,MAMMALIA,포유류,LC,0
Desmodilliscus braueri,MAMMALIA,포유류,LC,0
Desmodillus auricularis,MAMMALIA,포유류,LC,0
Desmodus rotundus,MAMMALIA,포유류,LC,0
Desmomys harringtoni,MAMMALIA,포유류,LC,0
Diclidurus albus,MAMMALIA,포유류,LC,0
Diclidurus isabella,MAMMALIA,포유류,LC,0
Diclidurus scutatus,MAMMALIA,포유류,LC,0
Dicrostonyx groenlandicus,MAMMALIA,포유류,LC,0
Dicrostonyx hudsonius,MAMMALIA,포유류,LC,0
Dicrostonyx nelsoni,MAMMALIA,포유류,LC,0
Dicrostonyx nunatakensis,MAMMALIA,포유류,LC,0
Dicrostonyx richardsoni,MAMMALIA,포유류,LC,0
Dicrostonyx torquatus,MAMMALIA,포유류,LC,0
Didelphis albiventris,MAMMALIA,포유류,LC,0
Didelphis aurita,MAMMALIA,포유류,LC,0
Didelphis imperfecta,MAMMALIA,포유류,LC,0
Didelphis marsupialis,MAMMALIA,포유류,LC,0
Didelphis pernigra,MAMMALIA,포유류,LC,0
Didelphis virginiana,MAMMALIA,포유류,LC,0
Diphylla ecaudata,MAMMALIA,포유류,LC,0
Diplomys labilis,MAMMALIA,포유류,LC,0
Dipodomys agilis,MAMMALIA,포유류,LC,0
Dipodomys californicus,MAMMALIA,포유류,LC,0
Dipodomys compactus,MAMMALIA,포유류,LC,0
Dipodomys deserti,MAMMALIA,포유류,LC,0
Dipodomys heermanni,MAMMALIA,포유류,LC,0
Dipodomys merriami,MAMMALIA,포유류,LC,0
Dipodomys microps,MAMMALIA,포유류,LC,0
Dipodomys nelsoni,MAMMALIA,포유류,LC,0
Dipodomys ordii,MAMMALIA,포유류,LC,0
Dipodomys panamintinus,MAMMALIA,포유류,LC,0
Dipodomys phillipsii,MAMMALIA,포유류,LC,0
Dipodomys simulans,MAMMALIA,포유류,LC,0
Dipodomys venustus,MAMMALIA,포유류,LC,0
Distoechurus pennatus,MAMMALIA,포유류,LC,0
Dobsonia anderseni,MAMMALIA,포유류,LC,0
Dobsonia beauforti,MAMMALIA,포유류,LC,0
Dobsonia crenulata,MAMMALIA,포유류,LC,0
Dobsonia exoleta,MAMMALIA,포유류,LC,0
Dobsonia inermis,MAMMALIA,포유류,LC,0
Dobsonia minor,MAMMALIA,포유류,LC,0
Dobsonia moluccensis,MAMMALIA,포유류,LC,0
Dobsonia peronii,MAMMALIA,포유류,LC,0
Dobsonia praedatrix,MAMMALIA,포유류,LC,0
Dobsonia viridis,MAMMALIA,포유류,LC,0
Dolichotis salinicola,MAMMALIA,포유류,LC,0
Dorcopsis hageni,MAMMALIA,포유류,LC,0
Dorcopsis muelleri,MAMMALIA,포유류,LC,0
Dorcopsulus macleayi,MAMMALIA,포유류,LC,0
Dremomys everetti,MAMMALIA,포유류,LC,0
Dremomys gularis,MAMMALIA,포유류,LC,0
Dremomys lokriah,MAMMALIA,포유류,LC,0
Dremomys pernyi,MAMMALIA,포유류,LC,0
Dremomys pyrrhomerus,MAMMALIA,포유류,LC,0
Dremomys rufigenis,MAMMALIA,포유류,LC,0
Dryomys nitedula,MAMMALIA,포유류,LC,0
Dymecodon pilirostris,MAMMALIA,포유류,LC,0
Echimys chrysurus,MAMMALIA,포유류,LC,0
Echinops telfairi,MAMMALIA,포유류,LC,0
Echinosorex gymnura,MAMMALIA,포유류,LC,0
Echymipera clara,MAMMALIA,포유류,LC,0
Echymipera kalubu,MAMMALIA,포유류,LC,0
Echymipera rufescens,MAMMALIA,포유류,LC,0
Eira barbara,MAMMALIA,포유류,LC,0
Elephantulus brachyrhynchus,MAMMALIA,포유류,LC,0
Elephantulus edwardii,MAMMALIA,포유류,LC,0
Elephantulus intufi,MAMMALIA,포유류,LC,0
Elephantulus myurus,MAMMALIA,포유류,LC,0
Elephantulus rupestris,MAMMALIA,포유류,LC,0
Eligmodontia moreni,MAMMALIA,포유류,LC,0
Eligmodontia morgani,MAMMALIA,포유류,LC,0
Eligmodontia puerulus,MAMMALIA,포유류,LC,0
Eligmodontia typus,MAMMALIA,포유류,LC,0
Eliomys melanurus,MAMMALIA,포유류,LC,0
Eliurus carletoni,MAMMALIA,포유류,LC,0
Eliurus danieli,MAMMALIA,포유류,LC,0
Eliurus grandidieri,MAMMALIA,포유류,LC,0
Eliurus majori,MAMMALIA,포유류,LC,0
Eliurus minor,MAMMALIA,포유류,LC,0
Eliurus myoxinus,MAMMALIA,포유류,LC,0
Eliurus tanala,MAMMALIA,포유류,LC,0
Eliurus webbi,MAMMALIA,포유류,LC,0
Ellobius fuscocapillus,MAMMALIA,포유류,LC,0
Ellobius lutescens,MAMMALIA,포유류,LC,0
Ellobius talpinus,MAMMALIA,포유류,VU,2
Ellobius tancrei,MAMMALIA,포유류,LC,0
Emballonura alecto,MAMMALIA,포유류,LC,0
Emballonura beccarii,MAMMALIA,포유류,LC,0
Emballonura dianae,MAMMALIA,포유류,LC,0
Emballonura monticola,MAMMALIA,포유류,LC,0
Emballonura raffrayana,MAMMALIA,포유류,LC,0
Enchisthenes hartii,MAMMALIA,포유류,LC,0
Eoglaucomys fimbriatus,MAMMALIA,포유류,LC,0
Eolagurus luteus,MAMMALIA,포유류,LC,0
Eolagurus przewalskii,MAMMALIA,포유류,LC,0
Eonycteris spelaea,MAMMALIA,포유류,LC,0
Eospalax fontanierii,MAMMALIA,포유류,LC,0
Eospalax rothschildi,MAMMALIA,포유류,LC,0
Eospalax smithii,MAMMALIA,포유류,LC,0
Eothenomys cachinus,MAMMALIA,포유류,LC,0
Eothenomys chinensis,MAMMALIA,포유류,LC,0
Eothenomys custos,MAMMALIA,포유류,LC,0
Eothenomys melanogaster,MAMMALIA,포유류,LC,0
Eothenomys miletus,MAMMALIA,포유류,LC,0
Eothenomys olitor,MAMMALIA,포유류,LC,0
Eozapus setchuanus,MAMMALIA,포유류,LC,0
Episoriculus caudatus,MAMMALIA,포유류,LC,0
Episoriculus fumidus,MAMMALIA,포유류,LC,0
Episoriculus leucops,MAMMALIA,포유류,LC,0
Episoriculus macrurus,MAMMALIA,포유류,LC,0
Epixerus ebii,MAMMALIA,포유류,LC,0
Epomophorus crypturus,MAMMALIA,포유류,LC,0
Epomophorus gambianus,MAMMALIA,포유류,LC,0
Epomophorus labiatus,MAMMALIA,포유류,LC,0
Epomophorus minimus,MAMMALIA,포유류,LC,0
Epomophorus minor,MAMMALIA,포유류,LC,0
Epomophorus wahlbergi,MAMMALIA,포유류,LC,0
Epomops buettikoferi,MAMMALIA,포유류,LC,0
Epomops franqueti,MAMMALIA,포유류,LC,0
Eptesicus fuscus,MAMMALIA,포유류,LC,0
Equus kiang,MAMMALIA,포유류,LC,0
Eremitalpa granti,MAMMALIA,포유류,LC,0
Eremodipus lichtensteini,MAMMALIA,포유류,LC,0
Erethizon dorsatum,MAMMALIA,포유류,LC,0
Erignathus barbatus,MAMMALIA,포유류,NT,1
Erinaceus amurensis,MAMMALIA,포유류,LC,0
Erinaceus europaeus,MAMMALIA,포유류,NT,1
Erinaceus roumanicus,MAMMALIA,포유류,LC,0
Erophylla bombifrons,MAMMALIA,포유류,LC,0
Erophylla sezekorni,MAMMALIA,포유류,LC,0
Eubalaena australis,MAMMALIA,포유류,LC,0
Euchoreutes naso,MAMMALIA,포유류,LC,0
Euderma maculatum,MAMMALIA,포유류,LC,0
Eudiscopus denticulus,MAMMALIA,포유류,LC,0
Eudorcas albonotata,MAMMALIA,포유류,LC,0
Eumops auripendulus,MAMMALIA,포유류,LC,0
Eumops bonariensis,MAMMALIA,포유류,LC,0
Eumops dabbenei,MAMMALIA,포유류,LC,0
Eumops glaucinus,MAMMALIA,포유류,LC,0
Eumops hansae,MAMMALIA,포유류,LC,0
Eumops patagonicus,MAMMALIA,포유류,LC,0
Eumops perotis,MAMMALIA,포유류,LC,0
Eumops trumbulli,MAMMALIA,포유류,LC,0
Eumops underwoodi,MAMMALIA,포유류,LC,0
Euneomys mordax,MAMMALIA,포유류,LC,0
Euneomys petersoni,MAMMALIA,포유류,LC,0
Euoticus elegantulus,MAMMALIA,포유류,LC,0
Euphractus sexcinctus,MAMMALIA,포유류,LC,0
Euroscaptor grandis,MAMMALIA,포유류,LC,0
Euroscaptor klossi,MAMMALIA,포유류,LC,0
Euroscaptor longirostris,MAMMALIA,포유류,LC,0
Euroscaptor micrura,MAMMALIA,포유류,LC,0
Euroscaptor mizura,MAMMALIA,포유류,LC,0
Euryoryzomys legatus,MAMMALIA,포유류,LC,0
Euryoryzomys macconnelli,MAMMALIA,포유류,LC,0
Euryoryzomys nitidus,MAMMALIA,포유류,LC,0
Euryoryzomys russatus,MAMMALIA,포유류,LC,0
Euryzygomatomys spinosus,MAMMALIA,포유류,LC,0
Eutamias sibiricus,MAMMALIA,포유류,LC,0
Exilisciurus concinnus,MAMMALIA,포유류,LC,0
Exilisciurus whiteheadi,MAMMALIA,포유류,LC,0
Felis margarita,MAMMALIA,포유류,LC,0
Felis silvestris,MAMMALIA,포유류,LC,0
Fukomys bocagei,MAMMALIA,포유류,LC,0
Fukomys damarensis,MAMMALIA,포유류,LC,0
Fukomys darlingi,MAMMALIA,포유류,LC,0
Fukomys ochraceocinereus,MAMMALIA,포유류,LC,0
Fukomys zechi,MAMMALIA,포유류,LC,0
Funambulus palmarum,MAMMALIA,포유류,LC,0
Funambulus pennantii,MAMMALIA,포유류,LC,0
Funambulus tristriatus,MAMMALIA,포유류,LC,0
Funisciurus anerythrus,MAMMALIA,포유류,LC,0
Funisciurus carruthersi,MAMMALIA,포유류,LC,0
Funisciurus congicus,MAMMALIA,포유류,LC,0
Funisciurus isabella,MAMMALIA,포유류,LC,0
Funisciurus lemniscatus,MAMMALIA,포유류,LC,0
Funisciurus leucogenys,MAMMALIA,포유류,LC,0
Funisciurus pyrropus,MAMMALIA,포유류,LC,0
Furipterus horrens,MAMMALIA,포유류,LC,0
Galago gallarum,MAMMALIA,포유류,LC,0
Galago matschiei,MAMMALIA,포유류,LC,0
Galago moholi,MAMMALIA,포유류,LC,0
Galago senegalensis,MAMMALIA,포유류,LC,0
Galagoides thomasi,MAMMALIA,포유류,LC,0
Galea flavidens,MAMMALIA,포유류,LC,0
Galea leucoblephara,MAMMALIA,포유류,LC,0
Galea spixii,MAMMALIA,포유류,LC,0
Galeopterus variegatus,MAMMALIA,포유류,LC,0
Galictis cuja,MAMMALIA,포유류,LC,0
Galictis vittata,MAMMALIA,포유류,LC,0
Galidia elegans,MAMMALIA,포유류,LC,0
Gazella bennettii,MAMMALIA,포유류,LC,0
Genetta angolensis,MAMMALIA,포유류,LC,0
Genetta genetta,MAMMALIA,포유류,LC,0
Genetta pardina,MAMMALIA,포유류,LC,0
Genetta servalina,MAMMALIA,포유류,LC,0
Genetta thierryi,MAMMALIA,포유류,LC,0
Genetta tigrina,MAMMALIA,포유류,LC,0
Genetta victoriae,MAMMALIA,포유류,LC,0
Geogale aurita,MAMMALIA,포유류,LC,0
Geomys attwateri,MAMMALIA,포유류,LC,0
Geomys breviceps,MAMMALIA,포유류,LC,0
Geomys bursarius,MAMMALIA,포유류,LC,0
Geomys knoxjonesi,MAMMALIA,포유류,LC,0
Geomys personatus,MAMMALIA,포유류,LC,0
Geomys pinetis,MAMMALIA,포유류,LC,0
Geomys texensis,MAMMALIA,포유류,LC,0
Georychus capensis,MAMMALIA,포유류,LC,0
Geoxus valdivianus,MAMMALIA,포유류,LC,0
Gerbilliscus boehmi,MAMMALIA,포유류,LC,0
Gerbilliscus brantsii,MAMMALIA,포유류,LC,0
Gerbilliscus gambiana,MAMMALIA,포유류,LC,0
Gerbilliscus guineae,MAMMALIA,포유류,LC,0
Gerbilliscus inclusus,MAMMALIA,포유류,LC,0
Gerbilliscus kempi,MAMMALIA,포유류,LC,0
Gerbilliscus leucogaster,MAMMALIA,포유류,LC,0
Gerbilliscus nigricaudus,MAMMALIA,포유류,LC,0
Gerbilliscus phillipsi,MAMMALIA,포유류,LC,0
Gerbilliscus robustus,MAMMALIA,포유류,LC,0
Gerbilliscus validus,MAMMALIA,포유류,LC,0
Gerbillus amoenus,MAMMALIA,포유류,LC,0
Gerbillus andersoni,MAMMALIA,포유류,LC,0
Gerbillus aquilus,MAMMALIA,포유류,LC,0
Gerbillus campestris,MAMMALIA,포유류,LC,0
Gerbillus cheesmani,MAMMALIA,포유류,LC,0
Gerbillus dasyurus,MAMMALIA,포유류,LC,0
Gerbillus dunni,MAMMALIA,포유류,LC,0
Gerbillus famulus,MAMMALIA,포유류,LC,0
Gerbillus floweri,MAMMALIA,포유류,LC,0
Gerbillus gerbillus,MAMMALIA,포유류,LC,0
Gerbillus gleadowi,MAMMALIA,포유류,LC,0
Gerbillus harwoodi,MAMMALIA,포유류,LC,0
Gerbillus henleyi,MAMMALIA,포유류,LC,0
Gerbillus juliani,MAMMALIA,포유류,LC,0
Gerbillus maghrebi,MAMMALIA,포유류,LC,0
Gerbillus mesopotamiae,MAMMALIA,포유류,LC,0
Gerbillus nanus,MAMMALIA,포유류,LC,0
Gerbillus nigeriae,MAMMALIA,포유류,LC,0
Gerbillus perpallidus,MAMMALIA,포유류,LC,0
Gerbillus poecilops,MAMMALIA,포유류,LC,0
Gerbillus pulvinatus,MAMMALIA,포유류,LC,0
Gerbillus pusillus,MAMMALIA,포유류,LC,0
Gerbillus pyramidum,MAMMALIA,포유류,LC,0
Gerbillus rosalinda,MAMMALIA,포유류,LC,0
Gerbillus rupicola,MAMMALIA,포유류,LC,0
Gerbillus simoni,MAMMALIA,포유류,LC,0
Gerbillus tarabuli,MAMMALIA,포유류,LC,0
Gerbillus watersi,MAMMALIA,포유류,LC,0
Glaucomys sabrinus,MAMMALIA,포유류,LC,0
Glaucomys volans,MAMMALIA,포유류,LC,0
Glauconycteris alboguttata,MAMMALIA,포유류,LC,0
Glauconycteris argentata,MAMMALIA,포유류,LC,0
Glauconycteris beatrix,MAMMALIA,포유류,LC,0
Glauconycteris poensis,MAMMALIA,포유류,LC,0
Glauconycteris superba,MAMMALIA,포유류,LC,0
Glauconycteris variegata,MAMMALIA,포유류,LC,0
Glironia venusta,MAMMALIA,포유류,LC,0
Glirulus japonicus,MAMMALIA,포유류,LC,0
Glis glis,MAMMALIA,포유류,LC,0
Glischropus tylopus,MAMMALIA,포유류,LC,0
Glossophaga commissarisi,MAMMALIA,포유류,LC,0
Glossophaga leachii,MAMMALIA,포유류,LC,0
Glossophaga morenoi,MAMMALIA,포유류,LC,0
Glossophaga soricina,MAMMALIA,포유류,LC,0
Glyphonycteris daviesi,MAMMALIA,포유류,LC,0
Glyphonycteris sylvestris,MAMMALIA,포유류,LC,0
Golunda ellioti,MAMMALIA,포유류,LC,0
Gracilinanus aceramarcae,MAMMALIA,포유류,LC,0
Gracilinanus agilis,MAMMALIA,포유류,LC,0
Gracilinanus dryas,MAMMALIA,포유류,LC,0
Gracilinanus marica,MAMMALIA,포유류,LC,0
Gracilinanus microtarsus,MAMMALIA,포유류,LC,0
Grammomys cometes,MAMMALIA,포유류,LC,0
Grammomys dolichurus,MAMMALIA,포유류,LC,0
Grammomys ibeanus,MAMMALIA,포유류,LC,0
Grammomys kuru,MAMMALIA,포유류,LC,0
Grammomys macmillani,MAMMALIA,포유류,LC,0
Grampus griseus,MAMMALIA,포유류,LC,0
Graomys domorum,MAMMALIA,포유류,LC,0
Graomys griseoflavus,MAMMALIA,포유류,LC,0
Graphiurus christyi,MAMMALIA,포유류,LC,0
Graphiurus kelleni,MAMMALIA,포유류,LC,0
Graphiurus lorraineus,MAMMALIA,포유류,LC,0
Graphiurus microtis,MAMMALIA,포유류,LC,0
Graphiurus murinus,MAMMALIA,포유류,LC,0
Graphiurus nagtglasii,MAMMALIA,포유류,LC,0
Graphiurus ocularis,MAMMALIA,포유류,LC,0
Graphiurus platyops,MAMMALIA,포유류,LC,0
Graphiurus rupicola,MAMMALIA,포유류,LC,0
Gulo gulo,MAMMALIA,포유류,LC,0
Gymnuromys roberti,MAMMALIA,포유류,LC,0
Halichoerus grypus,MAMMALIA,포유류,LC,0
Handleyomys fuscatus,MAMMALIA,포유류,LC,0
Handleyomys intectus,MAMMALIA,포유류,LC,0
Haplonycteris fischeri,MAMMALIA,포유류,LC,0
Harpiocephalus harpia,MAMMALIA,포유류,LC,0
Harpyionycteris whiteheadi,MAMMALIA,포유류,LC,0
Heimyscus fumosus,MAMMALIA,포유류,LC,0
Heliophobius argenteocinereus,MAMMALIA,포유류,LC,0
Heliosciurus gambianus,MAMMALIA,포유류,LC,0
Heliosciurus mutabilis,MAMMALIA,포유류,LC,0
Heliosciurus rufobrachium,MAMMALIA,포유류,LC,0
Heliosciurus ruwenzorii,MAMMALIA,포유류,LC,0
Helogale hirtula,MAMMALIA,포유류,LC,0
Helogale parvula,MAMMALIA,포유류,LC,0
Hemicentetes nigriceps,MAMMALIA,포유류,LC,0
Hemicentetes semispinosus,MAMMALIA,포유류,LC,0
Hemiechinus auritus,MAMMALIA,포유류,VU,2
Hemiechinus collaris,MAMMALIA,포유류,LC,0
Herpailurus yagouaroundi,MAMMALIA,포유류,NT,1
Herpestes flavescens,MAMMALIA,포유류,LC,0
Herpestes ichneumon,MAMMALIA,포유류,LC,0
Herpestes ochraceus,MAMMALIA,포유류,LC,0
Herpestes pulverulentus,MAMMALIA,포유류,LC,0
Herpestes sanguineus,MAMMALIA,포유류,LC,0
Hesperoptenus blanfordi,MAMMALIA,포유류,LC,0
Hesperoptenus tickelli,MAMMALIA,포유류,LC,0
Heterocephalus glaber,MAMMALIA,포유류,LC,0
Heterogeomys cherriei,MAMMALIA,포유류,LC,0
Heterogeomys dariensis,MAMMALIA,포유류,LC,0
Heterohyrax brucei,MAMMALIA,포유류,LC,0
Heteromys adspersus,MAMMALIA,포유류,LC,0
Heteromys anomalus,MAMMALIA,포유류,LC,0
Heteromys australis,MAMMALIA,포유류,LC,0
Heteromys desmarestianus,MAMMALIA,포유류,LC,0
Heteromys gaumeri,MAMMALIA,포유류,LC,0
Heteromys irroratus,MAMMALIA,포유류,LC,0
Heteromys oresterus,MAMMALIA,포유류,LC,0
Heteromys pictus,MAMMALIA,포유류,LC,0
Heteromys salvini,MAMMALIA,포유류,LC,0
Hipposideros abae,MAMMALIA,포유류,LC,0
Hipposideros armiger,MAMMALIA,포유류,LC,0
Hipposideros ater,MAMMALIA,포유류,LC,0
Hipposideros beatus,MAMMALIA,포유류,LC,0
Hipposideros bicolor,MAMMALIA,포유류,LC,0
Hipposideros caffer,MAMMALIA,포유류,LC,0
Hipposideros calcaratus,MAMMALIA,포유류,LC,0
Hipposideros cervinus,MAMMALIA,포유류,LC,0
Hipposideros cineraceus,MAMMALIA,포유류,LC,0
Hipposideros diadema,MAMMALIA,포유류,LC,0
Hipposideros dyacorum,MAMMALIA,포유류,LC,0
Hipposideros fuliginosus,MAMMALIA,포유류,LC,0
Hipposideros fulvus,MAMMALIA,포유류,LC,0
Hipposideros galeritus,MAMMALIA,포유류,LC,0
Hipposideros grandis,MAMMALIA,포유류,LC,0
Hipposideros lankadiva,MAMMALIA,포유류,LC,0
Hipposideros larvatus,MAMMALIA,포유류,LC,0
Hipposideros lylei,MAMMALIA,포유류,LC,0
Hipposideros madurae,MAMMALIA,포유류,NT,1
Hipposideros maggietaylorae,MAMMALIA,포유류,LC,0
Hipposideros megalotis,MAMMALIA,포유류,LC,0
Hipposideros obscurus,MAMMALIA,포유류,LC,0
Hipposideros papua,MAMMALIA,포유류,LC,0
Hipposideros pratti,MAMMALIA,포유류,LC,0
Hipposideros pygmaeus,MAMMALIA,포유류,LC,0
Hipposideros rotalis,MAMMALIA,포유류,LC,0
Hipposideros ruber,MAMMALIA,포유류,LC,0
Hipposideros speoris,MAMMALIA,포유류,LC,0
Hipposideros sumbae,MAMMALIA,포유류,LC,0
Hipposideros wollastoni,MAMMALIA,포유류,LC,0
Hippotragus equinus,MAMMALIA,포유류,LC,0
Histiotus macrotus,MAMMALIA,포유류,LC,0
Histiotus magellanicus,MAMMALIA,포유류,LC,0
Histiotus montanus,MAMMALIA,포유류,LC,0
Histriophoca fasciata,MAMMALIA,포유류,LC,0
Hodomys alleni,MAMMALIA,포유류,LC,0
Holochilus brasiliensis,MAMMALIA,포유류,LC,0
Holochilus chacarius,MAMMALIA,포유류,LC,0
Holochilus sciureus,MAMMALIA,포유류,LC,0
Hoplomys gymnurus,MAMMALIA,포유류,LC,0
Hybomys planifrons,MAMMALIA,포유류,LC,0
Hybomys trivirgatus,MAMMALIA,포유류,LC,0
Hybomys univittatus,MAMMALIA,포유류,LC,0
Hydrochoerus hydrochaeris,MAMMALIA,포유류,LC,0
Hydromys chrysogaster,MAMMALIA,포유류,LC,0
Hydrurga leptonyx,MAMMALIA,포유류,LC,0
Hyemoschus aquaticus,MAMMALIA,포유류,LC,0
Hyladelphys kalinowskii,MAMMALIA,포유류,LC,0
Hylaeamys megacephalus,MAMMALIA,포유류,LC,0
Hylaeamys perenensis,MAMMALIA,포유류,LC,0
Hylaeamys yunganus,MAMMALIA,포유류,LC,0
Hylochoerus meinertzhageni,MAMMALIA,포유류,LC,0
Hylomys suillus,MAMMALIA,포유류,LC,0
Hylomyscus aeta,MAMMALIA,포유류,LC,0
Hylomyscus alleni,MAMMALIA,포유류,LC,0
Hylomyscus carillus,MAMMALIA,포유류,LC,0
Hylomyscus denniae,MAMMALIA,포유류,LC,0
Hylomyscus parvus,MAMMALIA,포유류,LC,0
Hylomyscus stella,MAMMALIA,포유류,LC,0
Hylomyscus walterverheyeni,MAMMALIA,포유류,LC,0
Hylonycteris underwoodi,MAMMALIA,포유류,LC,0
Hylopetes alboniger,MAMMALIA,포유류,LC,0
Hylopetes phayrei,MAMMALIA,포유류,LC,0
Hylopetes spadiceus,MAMMALIA,포유류,LC,0
Hyomys goliath,MAMMALIA,포유류,LC,0
Hyosciurus heinrichi,MAMMALIA,포유류,LC,0
Hyperacrius wynnei,MAMMALIA,포유류,LC,0
Hyperoodon planifrons,MAMMALIA,포유류,LC,0
Hypsignathus monstrosus,MAMMALIA,포유류,LC,0
Hypsiprymnodon moschatus,MAMMALIA,포유류,LC,0
Hypsugo savii,MAMMALIA,포유류,LC,0
Hystrix africaeaustralis,MAMMALIA,포유류,LC,0
Hystrix brachyura,MAMMALIA,포유류,LC,0
Hystrix crassispinis,MAMMALIA,포유류,LC,0
Hystrix cristata,MAMMALIA,포유류,LC,0
Hystrix javanica,MAMMALIA,포유류,LC,0
Hystrix sumatrae,MAMMALIA,포유류,LC,0
Ia io,MAMMALIA,포유류,NT,1
Ichneumia albicauda,MAMMALIA,포유류,LC,0
Ictidomys mexicanus,MAMMALIA,포유류,LC,0
Ictidomys tridecemlineatus,MAMMALIA,포유류,LC,0
Ictonyx libycus,MAMMALIA,포유류,LC,0
Ictonyx striatus,MAMMALIA,포유류,LC,0
Idionycteris phyllotis,MAMMALIA,포유류,LC,0
Idiurus macrotis,MAMMALIA,포유류,LC,0
Idiurus zenkeri,MAMMALIA,포유류,LC,0
Iomys horsfieldii,MAMMALIA,포유류,LC,0
Irenomys tarsalis,MAMMALIA,포유류,LC,0
Isoodon macrourus,MAMMALIA,포유류,LC,0
Isoodon obesulus,MAMMALIA,포유류,LC,0
Isothrix bistriata,MAMMALIA,포유류,LC,0
Isothrix negrensis,MAMMALIA,포유류,LC,0
Isothrix pagurus,MAMMALIA,포유류,LC,0
Isothrix sinnamariensis,MAMMALIA,포유류,LC,0
Isthmomys pirrensis,MAMMALIA,포유류,LC,0
Jaculus blanfordi,MAMMALIA,포유류,LC,0
Jaculus jaculus,MAMMALIA,포유류,LC,0
Jaculus orientalis,MAMMALIA,포유류,LC,0
Juliomys pictipes,MAMMALIA,포유류,LC,0
Kannabateomys amblyonyx,MAMMALIA,포유류,LC,0
Kerivoula argentata,MAMMALIA,포유류,LC,0
Kerivoula hardwickii,MAMMALIA,포유류,LC,0
Kerivoula kachinensis,MAMMALIA,포유류,LC,0
Kerivoula lanosa,MAMMALIA,포유류,LC,0
Kerivoula lenis,MAMMALIA,포유류,LC,0
Kerivoula muscina,MAMMALIA,포유류,LC,0
Kerivoula papillosa,MAMMALIA,포유류,LC,0
Kerivoula phalaena,MAMMALIA,포유류,LC,0
Kerivoula picta,MAMMALIA,포유류,NT,1
Kerivoula smithii,MAMMALIA,포유류,LC,0
Kerivoula titania,MAMMALIA,포유류,LC,0
Kerivoula whiteheadi,MAMMALIA,포유류,LC,0
Kerodon rupestris,MAMMALIA,포유류,LC,0
Kobus ellipsiprymnus,MAMMALIA,포유류,LC,0
Kunsia tomentosus,MAMMALIA,포유류,LC,0
Laephotis botswanae,MAMMALIA,포유류,LC,0
Laephotis namibensis,MAMMALIA,포유류,LC,0
Laephotis wintoni,MAMMALIA,포유류,LC,0
Lagenorhynchus acutus,MAMMALIA,포유류,LC,0
Lagenorhynchus albirostris,MAMMALIA,포유류,LC,0
Lagidium viscacia,MAMMALIA,포유류,LC,0
Lagorchestes conspicillatus,MAMMALIA,포유류,LC,0
Lagostomus maximus,MAMMALIA,포유류,LC,0
Lagurus lagurus,MAMMALIA,포유류,EN,3
Lama guanicoe,MAMMALIA,포유류,LC,0
Lampronycteris brachyotis,MAMMALIA,포유류,LC,0
Laonastes aenigmamus,MAMMALIA,포유류,LC,0
Lariscus insignis,MAMMALIA,포유류,LC,0
Lasionycteris noctivagans,MAMMALIA,포유류,LC,0
Lasiopodomys brandtii,MAMMALIA,포유류,LC,0
Lasiopodomys mandarinus,MAMMALIA,포유류,LC,0
Lasiurus atratus,MAMMALIA,포유류,LC,0
Lasiurus blossevillii,MAMMALIA,포유류,LC,0
Lasiurus borealis,MAMMALIA,포유류,LC,0
Lasiurus cinereus,MAMMALIA,포유류,LC,0
Lasiurus ega,MAMMALIA,포유류,LC,0
Lasiurus intermedius,MAMMALIA,포유류,LC,0
Lasiurus seminolus,MAMMALIA,포유류,LC,0
Lasiurus varius,MAMMALIA,포유류,LC,0
Lasiurus xanthinus,MAMMALIA,포유류,LC,0
Lavia frons,MAMMALIA,포유류,LC,0
Leggadina forresti,MAMMALIA,포유류,LC,0
Leggadina lakedownensis,MAMMALIA,포유류,LC,0
Lemmiscus curtatus,MAMMALIA,포유류,LC,0
Lemmus amurensis,MAMMALIA,포유류,LC,0
Lemmus lemmus,MAMMALIA,포유류,LC,0
Lemmus sibiricus,MAMMALIA,포유류,LC,0
Lemmus trimucronatus,MAMMALIA,포유류,LC,0
Lemniscomys barbarus,MAMMALIA,포유류,LC,0
Lemniscomys bellieri,MAMMALIA,포유류,LC,0
Lemniscomys griselda,MAMMALIA,포유류,LC,0
Lemniscomys linulus,MAMMALIA,포유류,LC,0
Lemniscomys macculus,MAMMALIA,포유류,LC,0
Lemniscomys rosalia,MAMMALIA,포유류,LC,0
Lemniscomys striatus,MAMMALIA,포유류,LC,0
Lemniscomys zebra,MAMMALIA,포유류,LC,0
Lenomys meyeri,MAMMALIA,포유류,LC,0
Lenothrix canus,MAMMALIA,포유류,LC,0
Lenoxus apicalis,MAMMALIA,포유류,LC,0
Leopardus geoffroyi,MAMMALIA,포유류,LC,0
Leopardus pardalis,MAMMALIA,포유류,LC,0
Leopoldamys ciliatus,MAMMALIA,포유류,LC,0
Leopoldamys edwardsi,MAMMALIA,포유류,LC,0
Leopoldamys milleti,MAMMALIA,포유류,LC,0
Leopoldamys neilli,MAMMALIA,포유류,LC,0
Leopoldamys sabanus,MAMMALIA,포유류,LC,0
Leptailurus serval,MAMMALIA,포유류,LC,0
Leptomys elegans,MAMMALIA,포유류,LC,0
Leptomys ernstmayri,MAMMALIA,포유류,LC,0
Leptomys signatus,MAMMALIA,포유류,LC,0
Leptonychotes weddellii,MAMMALIA,포유류,LC,0
Lepus alleni,MAMMALIA,포유류,LC,0
Lepus americanus,MAMMALIA,포유류,LC,0
Lepus arcticus,MAMMALIA,포유류,LC,0
Lepus brachyurus,MAMMALIA,포유류,LC,0
Lepus californicus,MAMMALIA,포유류,LC,0
Lepus capensis,MAMMALIA,포유류,LC,0
Lepus comus,MAMMALIA,포유류,LC,0
Lepus coreanus,MAMMALIA,포유류,LC,0
Lepus europaeus,MAMMALIA,포유류,LC,0
Lepus granatensis,MAMMALIA,포유류,LC,0
Lepus habessinicus,MAMMALIA,포유류,LC,0
Lepus mandshuricus,MAMMALIA,포유류,LC,0
Lepus nigricollis,MAMMALIA,포유류,LC,0
Lepus oiostolus,MAMMALIA,포유류,LC,0
Lepus othus,MAMMALIA,포유류,LC,0
Lepus peguensis,MAMMALIA,포유류,LC,0
Lepus saxatilis,MAMMALIA,포유류,LC,0
Lepus sinensis,MAMMALIA,포유류,LC,0
Lepus starcki,MAMMALIA,포유류,LC,0
Lepus tibetanus,MAMMALIA,포유류,LC,0
Lepus timidus,MAMMALIA,포유류,LC,0
Lepus tolai,MAMMALIA,포유류,LC,0
Lepus townsendii,MAMMALIA,포유류,LC,0
Lepus victoriae,MAMMALIA,포유류,LC,0
Lestodelphys halli,MAMMALIA,포유류,LC,0
Lestoros inca,MAMMALIA,포유류,LC,0
Lichonycteris obscura,MAMMALIA,포유류,LC,0
Limnomys bryophilus,MAMMALIA,포유류,LC,0
Limnomys sibuanus,MAMMALIA,포유류,LC,0
Lionycteris spurrelli,MAMMALIA,포유류,LC,0
Lissodelphis borealis,MAMMALIA,포유류,LC,0
Lobodon carcinophaga,MAMMALIA,포유류,LC,0
Lonchophylla concava,MAMMALIA,포유류,LC,0
Lonchophylla handleyi,MAMMALIA,포유류,LC,0
Lonchophylla robusta,MAMMALIA,포유류,LC,0
Lonchophylla thomasi,MAMMALIA,포유류,LC,0
Lonchorhina aurita,MAMMALIA,포유류,LC,0
Lonchothrix emiliae,MAMMALIA,포유류,LC,0
Lontra canadensis,MAMMALIA,포유류,LC,0
Lophiomys imhausi,MAMMALIA,포유류,LC,0
Lophostoma brasiliense,MAMMALIA,포유류,LC,0
Lophostoma carrikeri,MAMMALIA,포유류,LC,0
Lophostoma evotis,MAMMALIA,포유류,LC,0
Lophostoma schulzi,MAMMALIA,포유류,LC,0
Lophostoma silvicolum,MAMMALIA,포유류,LC,0
Lophuromys chrysopus,MAMMALIA,포유류,LC,0
Lophuromys flavopunctatus,MAMMALIA,포유류,LC,0
Lophuromys huttereri,MAMMALIA,포유류,LC,0
Lophuromys luteogaster,MAMMALIA,포유류,LC,0
Lophuromys nudicaudus,MAMMALIA,포유류,LC,0
Lophuromys roseveari,MAMMALIA,포유류,LC,0
Lophuromys sikapusi,MAMMALIA,포유류,LC,0
Lophuromys woosnami,MAMMALIA,포유류,LC,0
Lorentzimys nouhuysi,MAMMALIA,포유류,LC,0
Loxodontomys micropus,MAMMALIA,포유류,LC,0
Loxodontomys pikumche,MAMMALIA,포유류,LC,0
Lundomys molitor,MAMMALIA,포유류,LC,0
Lutreolina crassicaudata,MAMMALIA,포유류,LC,0
Lutreolina massoia,MAMMALIA,포유류,LC,0
Lycalopex culpaeus,MAMMALIA,포유류,LC,0
Lycalopex griseus,MAMMALIA,포유류,LC,0
Lycalopex gymnocercus,MAMMALIA,포유류,LC,0
Lycalopex vetulus,MAMMALIA,포유류,NT,1
Lyncodon patagonicus,MAMMALIA,포유류,LC,0
Lynx canadensis,MAMMALIA,포유류,LC,0
Lynx rufus,MAMMALIA,포유류,LC,0
Macaca cyclopis,MAMMALIA,포유류,LC,0
Macaca fuscata,MAMMALIA,포유류,LC,0
Macaca mulatta,MAMMALIA,포유류,LC,0
Macroglossus minimus,MAMMALIA,포유류,LC,0
Macroglossus sobrinus,MAMMALIA,포유류,LC,0
Macrophyllum macrophyllum,MAMMALIA,포유류,LC,0
Macropus fuliginosus,MAMMALIA,포유류,LC,0
Macropus giganteus,MAMMALIA,포유류,LC,0
Macroscelides flavicaudatus,MAMMALIA,포유류,LC,0
Macroscelides micus,MAMMALIA,포유류,LC,0
Macroscelides proboscideus,MAMMALIA,포유류,LC,0
Macrotarsomys bastardi,MAMMALIA,포유류,LC,0
Macrotus californicus,MAMMALIA,포유류,LC,0
Macrotus waterhousii,MAMMALIA,포유류,LC,0
Macruromys major,MAMMALIA,포유류,LC,0
Madoqua guentheri,MAMMALIA,포유류,LC,0
Madoqua kirkii,MAMMALIA,포유류,LC,0
Madoqua saltiana,MAMMALIA,포유류,LC,0
Madromys blanfordi,MAMMALIA,포유류,LC,0
Makalata didelphoides,MAMMALIA,포유류,LC,0
Makalata macrura,MAMMALIA,포유류,LC,0
Malacomys cansdalei,MAMMALIA,포유류,LC,0
Malacomys edwardsi,MAMMALIA,포유류,LC,0
Malacomys longipes,MAMMALIA,포유류,LC,0
Malacothrix typica,MAMMALIA,포유류,LC,0
Mallomys aroaensis,MAMMALIA,포유류,LC,0
Mallomys istapantap,MAMMALIA,포유류,LC,0
Mallomys rothschildi,MAMMALIA,포유류,LC,0
Mammelomys lanosus,MAMMALIA,포유류,LC,0
Mammelomys rattoides,MAMMALIA,포유류,LC,0
Marmosa alstoni,MAMMALIA,포유류,LC,0
Marmosa constantiae,MAMMALIA,포유류,LC,0
Marmosa demerarae,MAMMALIA,포유류,LC,0
Marmosa lepida,MAMMALIA,포유류,LC,0
Marmosa mexicana,MAMMALIA,포유류,LC,0
Marmosa murina,MAMMALIA,포유류,LC,0
Marmosa quichua,MAMMALIA,포유류,LC,0
Marmosa regina,MAMMALIA,포유류,LC,0
Marmosa robinsoni,MAMMALIA,포유류,LC,0
Marmosops bishopi,MAMMALIA,포유류,LC,0
Marmosops impavidus,MAMMALIA,포유류,LC,0
Marmosops incanus,MAMMALIA,포유류,LC,0
Marmosops invictus,MAMMALIA,포유류,LC,0
Marmosops neblina,MAMMALIA,포유류,LC,0
Marmosops noctivagus,MAMMALIA,포유류,LC,0
Marmosops ocellatus,MAMMALIA,포유류,LC,0
Marmosops parvidens,MAMMALIA,포유류,LC,0
Marmosops paulensis,MAMMALIA,포유류,LC,0
Marmosops pinheiroi,MAMMALIA,포유류,LC,0
Marmota baibacina,MAMMALIA,포유류,LC,0
Marmota bobak,MAMMALIA,포유류,LC,0
Marmota broweri,MAMMALIA,포유류,LC,0
Marmota caligata,MAMMALIA,포유류,LC,0
Marmota camtschatica,MAMMALIA,포유류,LC,0
Marmota caudata,MAMMALIA,포유류,LC,0
Marmota flaviventris,MAMMALIA,포유류,LC,0
Marmota himalayana,MAMMALIA,포유류,LC,0
Marmota marmota,MAMMALIA,포유류,LC,0
Marmota monax,MAMMALIA,포유류,LC,0
Marmota olympus,MAMMALIA,포유류,LC,0
Martes americana,MAMMALIA,포유류,LC,0
Martes flavigula,MAMMALIA,포유류,LC,0
Martes foina,MAMMALIA,포유류,LC,0
Martes martes,MAMMALIA,포유류,LC,0
Martes melampus,MAMMALIA,포유류,LC,0
Martes pennanti,MAMMALIA,포유류,LC,0
Massoutiera mzabi,MAMMALIA,포유류,LC,0
Mastomys awashensis,MAMMALIA,포유류,LC,0
Mastomys coucha,MAMMALIA,포유류,LC,0
Mastomys erythroleucus,MAMMALIA,포유류,LC,0
Mastomys huberti,MAMMALIA,포유류,LC,0
Mastomys kollmannspergeri,MAMMALIA,포유류,LC,0
Mastomys natalensis,MAMMALIA,포유류,LC,0
Mastomys shortridgei,MAMMALIA,포유류,LC,0
Maxomys alticola,MAMMALIA,포유류,LC,0
Maxomys bartelsii,MAMMALIA,포유류,LC,0
Maxomys hellwaldii,MAMMALIA,포유류,LC,0
Maxomys inas,MAMMALIA,포유류,LC,0
Maxomys moi,MAMMALIA,포유류,LC,0
Maxomys musschenbroekii,MAMMALIA,포유류,LC,0
Maxomys panglima,MAMMALIA,포유류,LC,0
Maxomys surifer,MAMMALIA,포유류,LC,0
Maxomys tajuddinii,MAMMALIA,포유류,LC,0
Mazama gouazoubira,MAMMALIA,포유류,LC,0
Mazama nemorivaga,MAMMALIA,포유류,LC,0
Megaderma spasma,MAMMALIA,포유류,LC,0
Megaerops ecaudatus,MAMMALIA,포유류,LC,0
Megaerops niphanae,MAMMALIA,포유류,LC,0
Megaloglossus azagnyi,MAMMALIA,포유류,LC,0
Megaloglossus woermanni,MAMMALIA,포유류,LC,0
Megaptera novaeangliae,MAMMALIA,포유류,LC,0
Megasorex gigas,MAMMALIA,포유류,LC,0
Melanomys caliginosus,MAMMALIA,포유류,LC,0
Melanomys robustulus,MAMMALIA,포유류,LC,0
Meles anakuma,MAMMALIA,포유류,LC,0
Meles leucurus,MAMMALIA,포유류,LC,0
Meles meles,MAMMALIA,포유류,LC,0
Mellivora capensis,MAMMALIA,포유류,LC,0
Melogale moschata,MAMMALIA,포유류,LC,0
Melogale orientalis,MAMMALIA,포유류,LC,0
Melogale personata,MAMMALIA,포유류,LC,0
Melomys burtoni,MAMMALIA,포유류,LC,0
Melomys capensis,MAMMALIA,포유류,LC,0
Melomys cervinipes,MAMMALIA,포유류,LC,0
Melomys dollmani,MAMMALIA,포유류,LC,0
Melomys frigicola,MAMMALIA,포유류,LC,0
Melomys leucogaster,MAMMALIA,포유류,LC,0
Melomys lutillus,MAMMALIA,포유류,LC,0
Melomys obiensis,MAMMALIA,포유류,LC,0
Melomys rufescens,MAMMALIA,포유류,LC,0
Melonycteris melanops,MAMMALIA,포유류,LC,0
Menetes berdmorei,MAMMALIA,포유류,LC,0
Mephitis macroura,MAMMALIA,포유류,LC,0
Mephitis mephitis,MAMMALIA,포유류,LC,0
Meriones arimalius,MAMMALIA,포유류,LC,0
Meriones chengi,MAMMALIA,포유류,LC,0
Meriones crassus,MAMMALIA,포유류,LC,0
Meriones grandis,MAMMALIA,포유류,LC,0
Meriones hurrianae,MAMMALIA,포유류,LC,0
Meriones libycus,MAMMALIA,포유류,LC,0
Meriones meridianus,MAMMALIA,포유류,LC,0
Meriones persicus,MAMMALIA,포유류,LC,0
Meriones rex,MAMMALIA,포유류,LC,0
Meriones shawi,MAMMALIA,포유류,LC,0
Meriones tamariscinus,MAMMALIA,포유류,LC,0
Meriones unguiculatus,MAMMALIA,포유류,LC,0
Meriones vinogradovi,MAMMALIA,포유류,LC,0
Mesechinus dauuricus,MAMMALIA,포유류,LC,0
Mesechinus hughi,MAMMALIA,포유류,LC,0
Mesembriomys macrurus,MAMMALIA,포유류,NT,1
Mesocricetus raddei,MAMMALIA,포유류,LC,0
Mesomys hispidus,MAMMALIA,포유류,LC,0
Mesomys occultus,MAMMALIA,포유류,LC,0
Mesomys stimulax,MAMMALIA,포유류,LC,0
Mesophylla macconnelli,MAMMALIA,포유류,LC,0
Metachirus nudicaudatus,MAMMALIA,포유류,LC,0
Mico argentatus,MAMMALIA,포유류,LC,0
Mico intermedius,MAMMALIA,포유류,LC,0
Mico mauesi,MAMMALIA,포유류,LC,0
Mico melanurus,MAMMALIA,포유류,NT,1
Mico saterei,MAMMALIA,포유류,LC,0
Microcavia australis,MAMMALIA,포유류,LC,0
Microcavia niata,MAMMALIA,포유류,LC,0
Microcebus griseorufus,MAMMALIA,포유류,LC,0
Microcebus murinus,MAMMALIA,포유류,LC,0
Microdipodops megacephalus,MAMMALIA,포유류,LC,0
Microdipodops pallidus,MAMMALIA,포유류,LC,0
Microgale brevicaudata,MAMMALIA,포유류,LC,0
Microgale cowani,MAMMALIA,포유류,LC,0
Microgale drouhardi,MAMMALIA,포유류,LC,0
Microgale fotsifotsy,MAMMALIA,포유류,LC,0
Microgale gracilis,MAMMALIA,포유류,LC,0
Microgale grandidieri,MAMMALIA,포유류,LC,0
Microgale gymnorhyncha,MAMMALIA,포유류,LC,0
Microgale longicaudata,MAMMALIA,포유류,LC,0
Microgale majori,MAMMALIA,포유류,LC,0
Microgale parvula,MAMMALIA,포유류,LC,0
Microgale principula,MAMMALIA,포유류,LC,0
Microgale pusilla,MAMMALIA,포유류,LC,0
Microgale soricoides,MAMMALIA,포유류,LC,0
Microgale taiva,MAMMALIA,포유류,LC,0
Microgale thomasi,MAMMALIA,포유류,LC,0
Micromys minutus,MAMMALIA,포유류,LC,0
Micronycteris hirsuta,MAMMALIA,포유류,LC,0
Micronycteris megalotis,MAMMALIA,포유류,LC,0
Micronycteris microtis,MAMMALIA,포유류,LC,0
Micronycteris minuta,MAMMALIA,포유류,LC,0
Micronycteris schmidtorum,MAMMALIA,포유류,LC,0
Microperoryctes longicauda,MAMMALIA,포유류,LC,0
Microperoryctes papuensis,MAMMALIA,포유류,LC,0
Micropotamogale ruwenzorii,MAMMALIA,포유류,LC,0
Microryzomys altissimus,MAMMALIA,포유류,LC,0
Microryzomys minutus,MAMMALIA,포유류,LC,0
Microsciurus alfari,MAMMALIA,포유류,LC,0
Microsciurus mimulus,MAMMALIA,포유류,LC,0
Microtus abbreviatus,MAMMALIA,포유류,LC,0
Microtus agrestis,MAMMALIA,포유류,LC,0
Microtus arvalis,MAMMALIA,포유류,LC,0
Microtus brachycercus,MAMMALIA,포유류,LC,0
Microtus californicus,MAMMALIA,포유류,LC,0
Microtus canicaudus,MAMMALIA,포유류,LC,0
Microtus chrotorrhinus,MAMMALIA,포유류,LC,0
Microtus daghestanicus,MAMMALIA,포유류,LC,0
Microtus dogramacii,MAMMALIA,포유류,LC,0
Microtus duodecimcostatus,MAMMALIA,포유류,LC,0
Microtus guentheri,MAMMALIA,포유류,LC,0
Microtus ilaeus,MAMMALIA,포유류,LC,0
Microtus liechtensteini,MAMMALIA,포유류,LC,0
Microtus longicaudus,MAMMALIA,포유류,LC,0
Microtus lusitanicus,MAMMALIA,포유류,LC,0
Microtus majori,MAMMALIA,포유류,LC,0
Microtus mexicanus,MAMMALIA,포유류,LC,0
Microtus miurus,MAMMALIA,포유류,LC,0
Microtus montanus,MAMMALIA,포유류,LC,0
Microtus multiplex,MAMMALIA,포유류,LC,0
Microtus ochrogaster,MAMMALIA,포유류,LC,0
Microtus oregoni,MAMMALIA,포유류,LC,0
Microtus paradoxus,MAMMALIA,포유류,LC,0
Microtus pennsylvanicus,MAMMALIA,포유류,LC,0
Microtus pinetorum,MAMMALIA,포유류,LC,0
Microtus qazvinensis,MAMMALIA,포유류,LC,0
Microtus richardsoni,MAMMALIA,포유류,LC,0
Microtus savii,MAMMALIA,포유류,LC,0
Microtus schelkovnikovi,MAMMALIA,포유류,LC,0
Microtus schidlovskii,MAMMALIA,포유류,LC,0
Microtus socialis,MAMMALIA,포유류,LC,0
Microtus subterraneus,MAMMALIA,포유류,LC,0
Microtus tatricus,MAMMALIA,포유류,LC,0
Microtus thomasi,MAMMALIA,포유류,LC,0
Microtus townsendii,MAMMALIA,포유류,LC,0
Microtus transcaspicus,MAMMALIA,포유류,LC,0
Microtus xanthognathus,MAMMALIA,포유류,LC,0
Millardia gleadowi,MAMMALIA,포유류,LC,0
Millardia kathleenae,MAMMALIA,포유류,LC,0
Millardia meltada,MAMMALIA,포유류,LC,0
Mimetillus moloneyi,MAMMALIA,포유류,LC,0
Mimon bennettii,MAMMALIA,포유류,LC,0
Mimon cozumelae,MAMMALIA,포유류,LC,0
Miniopterus australis,MAMMALIA,포유류,LC,0
Miniopterus fraterculus,MAMMALIA,포유류,LC,0
Miniopterus gleni,MAMMALIA,포유류,LC,0
Miniopterus inflatus,MAMMALIA,포유류,LC,0
Miniopterus magnater,MAMMALIA,포유류,LC,0
Miniopterus majori,MAMMALIA,포유류,LC,0
Miniopterus manavi,MAMMALIA,포유류,LC,0
Miniopterus medius,MAMMALIA,포유류,LC,0
Miniopterus natalensis,MAMMALIA,포유류,LC,0
Miniopterus pusillus,MAMMALIA,포유류,LC,0
Miniopterus sororculus,MAMMALIA,포유류,LC,0
Miniopterus tristis,MAMMALIA,포유류,LC,0
Miopithecus ogouensis,MAMMALIA,포유류,NT,1
Mirounga angustirostris,MAMMALIA,포유류,LC,0
Mirounga leonina,MAMMALIA,포유류,VU,2
Mogera imaizumii,MAMMALIA,포유류,LC,0
Mogera insularis,MAMMALIA,포유류,LC,0
Mogera robusta,MAMMALIA,포유류,LC,0
Mogera wogura,MAMMALIA,포유류,LC,0
Molossops mattogrossensis,MAMMALIA,포유류,LC,0
Molossops temminckii,MAMMALIA,포유류,LC,0
Molossus aztecus,MAMMALIA,포유류,LC,0
Molossus coibensis,MAMMALIA,포유류,LC,0
Molossus currentium,MAMMALIA,포유류,LC,0
Molossus molossus,MAMMALIA,포유류,LC,0
Molossus pretiosus,MAMMALIA,포유류,LC,0
Molossus rufus,MAMMALIA,포유류,LC,0
Molossus sinaloae,MAMMALIA,포유류,LC,0
Monodelphis adusta,MAMMALIA,포유류,LC,0
Monodelphis americana,MAMMALIA,포유류,LC,0
Monodelphis brevicaudata,MAMMALIA,포유류,LC,0
Monodelphis dimidiata,MAMMALIA,포유류,LC,0
Monodelphis domestica,MAMMALIA,포유류,LC,0
Monodelphis emiliae,MAMMALIA,포유류,LC,0
Monodelphis glirina,MAMMALIA,포유류,LC,0
Monodelphis kunsi,MAMMALIA,포유류,LC,0
Monodelphis osgoodi,MAMMALIA,포유류,LC,0
Monodelphis palliolata,MAMMALIA,포유류,LC,0
Monodelphis peruviana,MAMMALIA,포유류,LC,0
Monodelphis ronaldi,MAMMALIA,포유류,LC,0
Monodelphis scalops,MAMMALIA,포유류,LC,0
Monophyllus plethodon,MAMMALIA,포유류,LC,0
Monophyllus redmani,MAMMALIA,포유류,LC,0
Monticolomys koopmani,MAMMALIA,포유류,LC,0
Mops brachypterus,MAMMALIA,포유류,LC,0
Mops condylurus,MAMMALIA,포유류,LC,0
Mops congicus,MAMMALIA,포유류,LC,0
Mops demonstrator,MAMMALIA,포유류,LC,0
Mops leucostigma,MAMMALIA,포유류,LC,0
Mops midas,MAMMALIA,포유류,LC,0
Mops nanulus,MAMMALIA,포유류,LC,0
Mops niveiventer,MAMMALIA,포유류,LC,0
Mops spurrelli,MAMMALIA,포유류,LC,0
Mops thersites,MAMMALIA,포유류,LC,0
Mormoops blainvillei,MAMMALIA,포유류,LC,0
Mormoops megalophylla,MAMMALIA,포유류,LC,0
Mormopterus jugularis,MAMMALIA,포유류,LC,0
Mormopterus kalinowskii,MAMMALIA,포유류,LC,0
Moschiola indica,MAMMALIA,포유류,LC,0
Moschiola kathygre,MAMMALIA,포유류,LC,0
Moschiola meminna,MAMMALIA,포유류,LC,0
Mosia nigrescens,MAMMALIA,포유류,LC,0
Mungos gambianus,MAMMALIA,포유류,LC,0
Mungos mungo,MAMMALIA,포유류,LC,0
Muntiacus muntjak,MAMMALIA,포유류,LC,0
Muntiacus reevesi,MAMMALIA,포유류,LC,0
Muntiacus vaginalis,MAMMALIA,포유류,LC,0
Murexia habbema,MAMMALIA,포유류,LC,0
Murexia longicaudata,MAMMALIA,포유류,LC,0
Murexia naso,MAMMALIA,포유류,LC,0
Muriculus imberbis,MAMMALIA,포유류,LC,0
Murina cyclotis,MAMMALIA,포유류,LC,0
Murina florium,MAMMALIA,포유류,LC,0
Murina harrisoni,MAMMALIA,포유류,LC,0
Murina hilgendorfi,MAMMALIA,포유류,LC,0
Murina huttoni,MAMMALIA,포유류,LC,0
Murina leucogaster,MAMMALIA,포유류,LC,0
Murina suilla,MAMMALIA,포유류,LC,0
Murina ussuriensis,MAMMALIA,포유류,LC,0
Mus baoulei,MAMMALIA,포유류,LC,0
Mus booduga,MAMMALIA,포유류,LC,0
Mus bufo,MAMMALIA,포유류,LC,0
Mus caroli,MAMMALIA,포유류,LC,0
Mus cervicolor,MAMMALIA,포유류,LC,0
Mus cookii,MAMMALIA,포유류,LC,0
Mus cypriacus,MAMMALIA,포유류,LC,0
Mus fragilicauda,MAMMALIA,포유류,LC,0
Mus haussa,MAMMALIA,포유류,LC,0
Mus indutus,MAMMALIA,포유류,LC,0
Mus macedonicus,MAMMALIA,포유류,LC,0
Mus mahomet,MAMMALIA,포유류,LC,0
Mus mattheyi,MAMMALIA,포유류,LC,0
Mus minutoides,MAMMALIA,포유류,LC,0
Mus musculoides,MAMMALIA,포유류,LC,0
Mus musculus,MAMMALIA,포유류,LC,0
Mus pahari,MAMMALIA,포유류,LC,0
Mus phillipsi,MAMMALIA,포유류,LC,0
Mus platythrix,MAMMALIA,포유류,LC,0
Mus saxicola,MAMMALIA,포유류,LC,0
Mus setulosus,MAMMALIA,포유류,LC,0
Mus setzeri,MAMMALIA,포유류,LC,0
Mus shortridgei,MAMMALIA,포유류,LC,0
Mus sorella,MAMMALIA,포유류,LC,0
Mus spicilegus,MAMMALIA,포유류,LC,0
Mus spretus,MAMMALIA,포유류,LC,0
Mus tenellus,MAMMALIA,포유류,LC,0
Mus terricolor,MAMMALIA,포유류,LC,0
Mus triton,MAMMALIA,포유류,LC,0
Mus vulcani,MAMMALIA,포유류,LC,0
Muscardinus avellanarius,MAMMALIA,포유류,LC,0
Mustela erminea,MAMMALIA,포유류,LC,0
Mustela eversmanii,MAMMALIA,포유류,EN,3
Mustela kathiah,MAMMALIA,포유류,LC,0
Mustela lutreolina,MAMMALIA,포유류,LC,0
Mustela nivalis,MAMMALIA,포유류,LC,0
Mustela nudipes,MAMMALIA,포유류,LC,0
Mustela putorius,MAMMALIA,포유류,LC,0
Mustela strigidorsa,MAMMALIA,포유류,LC,0
Mustela subpalmata,MAMMALIA,포유류,LC,0
Mydaus javanensis,MAMMALIA,포유류,LC,0
Mydaus marchei,MAMMALIA,포유류,LC,0
Mylomys dybowskii,MAMMALIA,포유류,LC,0
Myoictis melas,MAMMALIA,포유류,LC,0
Myoictis wallacei,MAMMALIA,포유류,LC,0
Myomyscus angolensis,MAMMALIA,포유류,LC,0
Myomyscus brockmani,MAMMALIA,포유류,LC,0
Myomyscus verreauxii,MAMMALIA,포유류,LC,0
Myonycteris leptodon,MAMMALIA,포유류,LC,0
Myonycteris relicta,MAMMALIA,포유류,LC,0
Myonycteris torquata,MAMMALIA,포유류,LC,0
Myoprocta acouchy,MAMMALIA,포유류,LC,0
Myoprocta pratti,MAMMALIA,포유류,LC,0
Myopterus whitleyi,MAMMALIA,포유류,LC,0
Myopus schisticolor,MAMMALIA,포유류,LC,0
Myosciurus pumilio,MAMMALIA,포유류,LC,0
Myosorex varius,MAMMALIA,포유류,LC,0
Myosorex zinki,MAMMALIA,포유류,LC,0
Myospalax aspalax,MAMMALIA,포유류,LC,0
Myospalax myospalax,MAMMALIA,포유류,LC,0
Myospalax psilurus,MAMMALIA,포유류,LC,0
Myotis adversus,MAMMALIA,포유류,LC,0
Myotis albescens,MAMMALIA,포유류,LC,0
Myotis altarium,MAMMALIA,포유류,LC,0
Myotis annectans,MAMMALIA,포유류,LC,0
Myotis ater,MAMMALIA,포유류,LC,0
Myotis aurascens,MAMMALIA,포유류,LC,0
Myotis auriculus,MAMMALIA,포유류,LC,0
Myotis austroriparius,MAMMALIA,포유류,LC,0
Myotis blythii,MAMMALIA,포유류,VU,2
Myotis bocagii,MAMMALIA,포유류,LC,0
Myotis brandtii,MAMMALIA,포유류,LC,0
Myotis californicus,MAMMALIA,포유류,LC,0
Myotis chiloensis,MAMMALIA,포유류,LC,0
Myotis chinensis,MAMMALIA,포유류,LC,0
Myotis ciliolabrum,MAMMALIA,포유류,LC,0
Myotis daubentonii,MAMMALIA,포유류,LC,0
Myotis dinellii,MAMMALIA,포유류,LC,0
Myotis elegans,MAMMALIA,포유류,LC,0
Myotis emarginatus,MAMMALIA,포유류,LC,0
Myotis evotis,MAMMALIA,포유류,LC,0
Myotis fimbriatus,MAMMALIA,포유류,LC,0
Myotis formosus,MAMMALIA,포유류,NT,1
Myotis fortidens,MAMMALIA,포유류,LC,0
Myotis gomantongensis,MAMMALIA,포유류,LC,0
Myotis goudoti,MAMMALIA,포유류,LC,0
Myotis hasseltii,MAMMALIA,포유류,LC,0
Myotis horsfieldii,MAMMALIA,포유류,LC,0
Myotis ikonnikovi,MAMMALIA,포유류,LC,0
Myotis keaysi,MAMMALIA,포유류,LC,0
Myotis keenii,MAMMALIA,포유류,LC,0
Myotis laniger,MAMMALIA,포유류,LC,0
Myotis levis,MAMMALIA,포유류,LC,0
Myotis macrodactylus,MAMMALIA,포유류,LC,0
Myotis macropus,MAMMALIA,포유류,LC,0
Myotis melanorhinus,MAMMALIA,포유류,LC,0
Myotis moluccarum,MAMMALIA,포유류,LC,0
Myotis muricola,MAMMALIA,포유류,LC,0
Myotis myotis,MAMMALIA,포유류,LC,0
Myotis mystacinus,MAMMALIA,포유류,LC,0
Myotis nattereri,MAMMALIA,포유류,LC,0
Myotis nesopolus,MAMMALIA,포유류,LC,0
Myotis nigricans,MAMMALIA,포유류,LC,0
Myotis nipalensis,MAMMALIA,포유류,LC,0
Myotis occultus,MAMMALIA,포유류,LC,0
Myotis oxyotus,MAMMALIA,포유류,LC,0
Myotis pequinius,MAMMALIA,포유류,LC,0
Myotis riparius,MAMMALIA,포유류,LC,0
Myotis rosseti,MAMMALIA,포유류,LC,0
Myotis septentrionalis,MAMMALIA,포유류,NT,1
Myotis siligorensis,MAMMALIA,포유류,LC,0
Myotis thysanodes,MAMMALIA,포유류,LC,0
Myotis tricolor,MAMMALIA,포유류,LC,0
Myotis velifer,MAMMALIA,포유류,LC,0
Myotis volans,MAMMALIA,포유류,LC,0
Myotis welwitschii,MAMMALIA,포유류,LC,0
Myotis yumanensis,MAMMALIA,포유류,LC,0
Myzopoda aurita,MAMMALIA,포유류,LC,0
Myzopoda schliemanni,MAMMALIA,포유류,LC,0
Nandinia binotata,MAMMALIA,포유류,LC,0
Nannosciurus melanotis,MAMMALIA,포유류,LC,0
Nanonycteris veldkampii,MAMMALIA,포유류,LC,0
Napaeozapus insignis,MAMMALIA,포유류,LC,0
Nasua narica,MAMMALIA,포유류,LC,0
Nasua nasua,MAMMALIA,포유류,LC,0
Natalus mexicanus,MAMMALIA,포유류,LC,0
Natalus stramineus,MAMMALIA,포유류,LC,0
Natalus tumidirostris,MAMMALIA,포유류,LC,0
Neacomys dubosti,MAMMALIA,포유류,LC,0
Neacomys guianae,MAMMALIA,포유류,LC,0
Neacomys minutus,MAMMALIA,포유류,LC,0
Neacomys musseri,MAMMALIA,포유류,LC,0
Neacomys paracou,MAMMALIA,포유류,LC,0
Neacomys spinosus,MAMMALIA,포유류,LC,0
Neacomys tenuipes,MAMMALIA,포유류,LC,0
Necromys amoenus,MAMMALIA,포유류,LC,0
Necromys benefactus,MAMMALIA,포유류,LC,0
Necromys lactens,MAMMALIA,포유류,LC,0
Necromys lasiurus,MAMMALIA,포유류,LC,0
Necromys lenguarum,MAMMALIA,포유류,LC,0
Necromys temchuki,MAMMALIA,포유류,LC,0
Necromys urichi,MAMMALIA,포유류,LC,0
Nectogale elegans,MAMMALIA,포유류,LC,0
Nectomys apicalis,MAMMALIA,포유류,LC,0
Nectomys palmipes,MAMMALIA,포유류,LC,0
Nectomys rattus,MAMMALIA,포유류,LC,0
Nectomys squamipes,MAMMALIA,포유류,LC,0
Neodon irene,MAMMALIA,포유류,LC,0
Neodon sikimensis,MAMMALIA,포유류,LC,0
Neofiber alleni,MAMMALIA,포유류,LC,0
Neomicroxus bogotensis,MAMMALIA,포유류,LC,0
Neomys anomalus,MAMMALIA,포유류,LC,0
Neomys fodiens,MAMMALIA,포유류,LC,0
Neomys teres,MAMMALIA,포유류,LC,0
Neophascogale lorentzii,MAMMALIA,포유류,LC,0
Neoromicia guineensis,MAMMALIA,포유류,LC,0
Neoromicia somalica,MAMMALIA,포유류,LC,0
Neoromicia zuluensis,MAMMALIA,포유류,LC,0
Neotamias alpinus,MAMMALIA,포유류,LC,0
Neotamias amoenus,MAMMALIA,포유류,LC,0
Neotamias canipes,MAMMALIA,포유류,LC,0
Neotamias cinereicollis,MAMMALIA,포유류,LC,0
Neotamias dorsalis,MAMMALIA,포유류,LC,0
Neotamias durangae,MAMMALIA,포유류,LC,0
Neotamias merriami,MAMMALIA,포유류,LC,0
Neotamias minimus,MAMMALIA,포유류,LC,0
Neotamias obscurus,MAMMALIA,포유류,LC,0
Neotamias ochrogenys,MAMMALIA,포유류,LC,0
Neotamias panamintinus,MAMMALIA,포유류,LC,0
Neotamias quadrimaculatus,MAMMALIA,포유류,LC,0
Neotamias quadrivittatus,MAMMALIA,포유류,LC,0
Neotamias ruficaudus,MAMMALIA,포유류,LC,0
Neotamias rufus,MAMMALIA,포유류,LC,0
Neotamias senex,MAMMALIA,포유류,LC,0
Neotamias siskiyou,MAMMALIA,포유류,LC,0
Neotamias sonomae,MAMMALIA,포유류,LC,0
Neotamias speciosus,MAMMALIA,포유류,LC,0
Neotamias townsendii,MAMMALIA,포유류,LC,0
Neotamias umbrinus,MAMMALIA,포유류,LC,0
Neotetracus sinensis,MAMMALIA,포유류,LC,0
Neotoma albigula,MAMMALIA,포유류,LC,0
Neotoma chrysomelas,MAMMALIA,포유류,LC,0
Neotoma cinerea,MAMMALIA,포유류,LC,0
Neotoma devia,MAMMALIA,포유류,LC,0
Neotoma floridana,MAMMALIA,포유류,LC,0
Neotoma fuscipes,MAMMALIA,포유류,LC,0
Neotoma goldmani,MAMMALIA,포유류,LC,0
Neotoma lepida,MAMMALIA,포유류,LC,0
Neotoma leucodon,MAMMALIA,포유류,LC,0
Neotoma macrotis,MAMMALIA,포유류,LC,0
Neotoma mexicana,MAMMALIA,포유류,LC,0
Neotoma micropus,MAMMALIA,포유류,LC,0
Neotoma stephensi,MAMMALIA,포유류,LC,0
Neotomodon alstoni,MAMMALIA,포유류,LC,0
Neotomys ebriosus,MAMMALIA,포유류,LC,0
Neotragus batesi,MAMMALIA,포유류,LC,0
Neotragus pygmaeus,MAMMALIA,포유류,LC,0
Nephelomys albigularis,MAMMALIA,포유류,LC,0
Nephelomys auriventer,MAMMALIA,포유류,LC,0
Nephelomys caracolus,MAMMALIA,포유류,LC,0
Nephelomys devius,MAMMALIA,포유류,LC,0
Nephelomys keaysi,MAMMALIA,포유류,LC,0
Nephelomys levipes,MAMMALIA,포유류,LC,0
Nephelomys meridensis,MAMMALIA,포유류,LC,0
Nesokia indica,MAMMALIA,포유류,LC,0
Nesomys audeberti,MAMMALIA,포유류,LC,0
Nesomys rufus,MAMMALIA,포유류,LC,0
Nesotragus moschatus,MAMMALIA,포유류,LC,0
Neurotrichus gibbsii,MAMMALIA,포유류,LC,0
Neusticomys monticolus,MAMMALIA,포유류,LC,0
Neusticomys peruviensis,MAMMALIA,포유류,LC,0
Ningaui ridei,MAMMALIA,포유류,LC,0
Ningaui timealeyi,MAMMALIA,포유류,LC,0
Ningaui yvonneae,MAMMALIA,포유류,LC,0
Niviventer andersoni,MAMMALIA,포유류,LC,0
Niviventer brahma,MAMMALIA,포유류,LC,0
Niviventer confucianus,MAMMALIA,포유류,LC,0
Niviventer coninga,MAMMALIA,포유류,LC,0
Niviventer eha,MAMMALIA,포유류,LC,0
Niviventer excelsior,MAMMALIA,포유류,LC,0
Niviventer fraternus,MAMMALIA,포유류,LC,0
Niviventer fulvescens,MAMMALIA,포유류,LC,0
Niviventer langbianis,MAMMALIA,포유류,LC,0
Niviventer lepturus,MAMMALIA,포유류,LC,0
Niviventer niviventer,MAMMALIA,포유류,LC,0
Niviventer rapit,MAMMALIA,포유류,LC,0
Niviventer tenaster,MAMMALIA,포유류,LC,0
Noctilio albiventris,MAMMALIA,포유류,LC,0
Noctilio leporinus,MAMMALIA,포유류,LC,0
Notiomys edwardsii,MAMMALIA,포유류,LC,0
Notiosorex cockrumi,MAMMALIA,포유류,LC,0
Notiosorex crawfordi,MAMMALIA,포유류,LC,0
Notiosorex evotis,MAMMALIA,포유류,LC,0
Notocitellus adocetus,MAMMALIA,포유류,LC,0
Notocitellus annulatus,MAMMALIA,포유류,LC,0
Notomys alexis,MAMMALIA,포유류,LC,0
Notomys mitchellii,MAMMALIA,포유류,LC,0
Notoryctes caurinus,MAMMALIA,포유류,LC,0
Notoryctes typhlops,MAMMALIA,포유류,LC,0
Nyctalus leisleri,MAMMALIA,포유류,LC,0
Nyctalus montanus,MAMMALIA,포유류,LC,0
Nyctalus noctula,MAMMALIA,포유류,LC,0
Nyctalus plancyi,MAMMALIA,포유류,LC,0
Nycteris arge,MAMMALIA,포유류,LC,0
Nycteris aurita,MAMMALIA,포유류,LC,0
Nycteris gambiensis,MAMMALIA,포유류,LC,0
Nycteris grandis,MAMMALIA,포유류,LC,0
Nycteris hispida,MAMMALIA,포유류,LC,0
Nycteris intermedia,MAMMALIA,포유류,LC,0
Nycteris macrotis,MAMMALIA,포유류,LC,0
Nycteris nana,MAMMALIA,포유류,LC,0
Nycteris thebaica,MAMMALIA,포유류,LC,0
Nycteris woodi,MAMMALIA,포유류,LC,0
Nycticeius humeralis,MAMMALIA,포유류,LC,0
Nyctiellus lepidus,MAMMALIA,포유류,LC,0
Nyctimene aello,MAMMALIA,포유류,LC,0
Nyctimene albiventer,MAMMALIA,포유류,LC,0
Nyctimene cephalotes,MAMMALIA,포유류,LC,0
Nyctimene certans,MAMMALIA,포유류,LC,0
Nyctimene major,MAMMALIA,포유류,LC,0
Nyctimene robinsoni,MAMMALIA,포유류,LC,0
Nyctimene vizcaccia,MAMMALIA,포유류,LC,0
Nyctinomops aurispinosus,MAMMALIA,포유류,LC,0
Nyctinomops femorosaccus,MAMMALIA,포유류,LC,0
Nyctinomops laticaudatus,MAMMALIA,포유류,LC,0
Nyctinomops macrotis,MAMMALIA,포유류,LC,0
Nyctomys sumichrasti,MAMMALIA,포유류,LC,0
Nyctophilus arnhemensis,MAMMALIA,포유류,LC,0
Nyctophilus bifax,MAMMALIA,포유류,LC,0
Nyctophilus geoffroyi,MAMMALIA,포유류,LC,0
Nyctophilus gouldi,MAMMALIA,포유류,LC,0
Nyctophilus microtis,MAMMALIA,포유류,LC,0
Nyctophilus walkeri,MAMMALIA,포유류,LC,0
Ochotona alpina,MAMMALIA,포유류,LC,0
Ochotona cansus,MAMMALIA,포유류,LC,0
Ochotona collaris,MAMMALIA,포유류,LC,0
Ochotona curzoniae,MAMMALIA,포유류,LC,0
Ochotona dauurica,MAMMALIA,포유류,LC,0
Ochotona erythrotis,MAMMALIA,포유류,LC,0
Ochotona forresti,MAMMALIA,포유류,LC,0
Ochotona gloveri,MAMMALIA,포유류,LC,0
Ochotona hyperborea,MAMMALIA,포유류,LC,0
Ochotona ladacensis,MAMMALIA,포유류,LC,0
Ochotona macrotis,MAMMALIA,포유류,LC,0
Ochotona mantchurica,MAMMALIA,포유류,LC,0
Ochotona nubrica,MAMMALIA,포유류,LC,0
Ochotona opaca,MAMMALIA,포유류,LC,0
Ochotona pallasii,MAMMALIA,포유류,LC,0
Ochotona princeps,MAMMALIA,포유류,LC,0
Ochotona pusilla,MAMMALIA,포유류,LC,0
Ochotona rufescens,MAMMALIA,포유류,LC,0
Ochotona rutila,MAMMALIA,포유류,LC,0
Ochotona syrinx,MAMMALIA,포유류,LC,0
Ochotona thibetana,MAMMALIA,포유류,LC,0
Ochotona thomasi,MAMMALIA,포유류,LC,0
Ochotona turuchanensis,MAMMALIA,포유류,LC,0
Ochrotomys nuttalli,MAMMALIA,포유류,LC,0
Octodon degus,MAMMALIA,포유류,LC,0
Octodontomys gliroides,MAMMALIA,포유류,LC,0
Octomys mimax,MAMMALIA,포유류,LC,0
Odocoileus hemionus,MAMMALIA,포유류,LC,0
Odocoileus virginianus,MAMMALIA,포유류,LC,0
Oecomys auyantepui,MAMMALIA,포유류,LC,0
Oecomys bicolor,MAMMALIA,포유류,LC,0
Oecomys catherinae,MAMMALIA,포유류,LC,0
Oecomys concolor,MAMMALIA,포유류,LC,0
Oecomys flavicans,MAMMALIA,포유류,LC,0
Oecomys mamorae,MAMMALIA,포유류,LC,0
Oecomys phaeotis,MAMMALIA,포유류,LC,0
Oecomys rex,MAMMALIA,포유류,LC,0
Oecomys roberti,MAMMALIA,포유류,LC,0
Oecomys rutilus,MAMMALIA,포유류,LC,0
Oecomys speciosus,MAMMALIA,포유류,LC,0
Oecomys superans,MAMMALIA,포유류,LC,0
Oecomys trinitatis,MAMMALIA,포유류,LC,0
Oenomys hypoxanthus,MAMMALIA,포유류,LC,0
Oligoryzomys andinus,MAMMALIA,포유류,LC,0
Oligoryzomys arenalis,MAMMALIA,포유류,LC,0
Oligoryzomys chacoensis,MAMMALIA,포유류,LC,0
Oligoryzomys delticola,MAMMALIA,포유류,LC,0
Oligoryzomys destructor,MAMMALIA,포유류,LC,0
Oligoryzomys eliurus,MAMMALIA,포유류,LC,0
Oligoryzomys flavescens,MAMMALIA,포유류,LC,0
Oligoryzomys fornesi,MAMMALIA,포유류,LC,0
Oligoryzomys fulvescens,MAMMALIA,포유류,LC,0
Oligoryzomys griseolus,MAMMALIA,포유류,LC,0
Oligoryzomys longicaudatus,MAMMALIA,포유류,LC,0
Oligoryzomys magellanicus,MAMMALIA,포유류,LC,0
Oligoryzomys microtis,MAMMALIA,포유류,LC,0
Oligoryzomys nigripes,MAMMALIA,포유류,LC,0
Oligoryzomys stramineus,MAMMALIA,포유류,LC,0
Oligoryzomys vegetus,MAMMALIA,포유류,LC,0
Ommatophoca rossii,MAMMALIA,포유류,LC,0
Onychogalea unguifera,MAMMALIA,포유류,LC,0
Onychomys arenicola,MAMMALIA,포유류,LC,0
Onychomys leucogaster,MAMMALIA,포유류,LC,0
Onychomys torridus,MAMMALIA,포유류,LC,0
Oreamnos americanus,MAMMALIA,포유류,LC,0
Orthogeomys cavator,MAMMALIA,포유류,LC,0
Orthogeomys grandis,MAMMALIA,포유류,LC,0
Orthogeomys heterodus,MAMMALIA,포유류,LC,0
Orthogeomys hispidus,MAMMALIA,포유류,LC,0
Orthogeomys underwoodi,MAMMALIA,포유류,LC,0
Orycteropus afer,MAMMALIA,포유류,LC,0
Oryx gazella,MAMMALIA,포유류,LC,0
Oryzomys couesi,MAMMALIA,포유류,LC,0
Oryzomys palustris,MAMMALIA,포유류,LC,0
Oryzorictes hova,MAMMALIA,포유류,LC,0
Osgoodomys banderanus,MAMMALIA,포유류,LC,0
Otaria byronia,MAMMALIA,포유류,LC,0
Otocyon megalotis,MAMMALIA,포유류,LC,0
Otolemur crassicaudatus,MAMMALIA,포유류,LC,0
Otomops madagascariensis,MAMMALIA,포유류,LC,0
Otomys anchietae,MAMMALIA,포유류,LC,0
Otomys angoniensis,MAMMALIA,포유류,LC,0
Otomys cuanzensis,MAMMALIA,포유류,LC,0
Otomys denti,MAMMALIA,포유류,LC,0
Otomys irroratus,MAMMALIA,포유류,LC,0
Otomys laminatus,MAMMALIA,포유류,NT,1
Otomys sloggetti,MAMMALIA,포유류,LC,0
Otomys tropicalis,MAMMALIA,포유류,LC,0
Otomys typus,MAMMALIA,포유류,LC,0
Otomys unisulcatus,MAMMALIA,포유류,LC,0
Otonycteris hemprichii,MAMMALIA,포유류,LC,0
Otonyctomys hatti,MAMMALIA,포유류,LC,0
Otopteropus cartilagonodus,MAMMALIA,포유류,LC,0
Otospermophilus variegatus,MAMMALIA,포유류,LC,0
Ototylomys phyllotis,MAMMALIA,포유류,LC,0
Ovis canadensis,MAMMALIA,포유류,LC,0
Ovis dalli,MAMMALIA,포유류,LC,0
Ovis nivicola,MAMMALIA,포유류,LC,0
Oxymycterus amazonicus,MAMMALIA,포유류,LC,0
Oxymycterus angularis,MAMMALIA,포유류,LC,0
Oxymycterus caparoae,MAMMALIA,포유류,LC,0
Oxymycterus dasytrichus,MAMMALIA,포유류,LC,0
Oxymycterus delator,MAMMALIA,포유류,LC,0
Oxymycterus hiska,MAMMALIA,포유류,LC,0
Oxymycterus hispidus,MAMMALIA,포유류,LC,0
Oxymycterus inca,MAMMALIA,포유류,LC,0
Oxymycterus nasutus,MAMMALIA,포유류,LC,0
Oxymycterus paramensis,MAMMALIA,포유류,LC,0
Oxymycterus quaestor,MAMMALIA,포유류,LC,0
Oxymycterus roberti,MAMMALIA,포유류,LC,0
Oxymycterus rufus,MAMMALIA,포유류,LC,0
Pachyuromys duprasi,MAMMALIA,포유류,LC,0
Pagophilus groenlandicus,MAMMALIA,포유류,NT,1
Paguma larvata,MAMMALIA,포유류,LC,0
Palawanomys furvus,MAMMALIA,포유류,LC,0
Papio anubis,MAMMALIA,포유류,LC,0
Papio cynocephalus,MAMMALIA,포유류,LC,0
Papio hamadryas,MAMMALIA,포유류,LC,0
Papio kindae,MAMMALIA,포유류,LC,0
Papio ursinus,MAMMALIA,포유류,LC,0
Paracrocidura schoutedeni,MAMMALIA,포유류,LC,0
Paracynictis selousi,MAMMALIA,포유류,LC,0
Paradipus ctenodactylus,MAMMALIA,포유류,LC,0
Paradoxurus hermaphroditus,MAMMALIA,포유류,LC,0
Paradoxurus jerdoni,MAMMALIA,포유류,LC,0
Paradoxurus zeylonensis,MAMMALIA,포유류,LC,0
Paraechinus aethiopicus,MAMMALIA,포유류,LC,0
Paraechinus hypomelas,MAMMALIA,포유류,LC,0
Paraechinus micropus,MAMMALIA,포유류,LC,0
Paraechinus nudiventris,MAMMALIA,포유류,LC,0
Parahydromys asper,MAMMALIA,포유류,LC,0
Paramelomys levipes,MAMMALIA,포유류,LC,0
Paramelomys lorentzii,MAMMALIA,포유류,LC,0
Paramelomys mollis,MAMMALIA,포유류,LC,0
Paramelomys moncktoni,MAMMALIA,포유류,LC,0
Paramelomys naso,MAMMALIA,포유류,LC,0
Paramelomys platyops,MAMMALIA,포유류,LC,0
Paramelomys rubex,MAMMALIA,포유류,LC,0
Paranyctimene raptor,MAMMALIA,포유류,LC,0
Paranyctimene tenax,MAMMALIA,포유류,LC,0
Parascalops breweri,MAMMALIA,포유류,LC,0
Parascaptor leucura,MAMMALIA,포유류,LC,0
Paraxerus alexandri,MAMMALIA,포유류,LC,0
Paraxerus boehmi,MAMMALIA,포유류,LC,0
Paraxerus cepapi,MAMMALIA,포유류,LC,0
Paraxerus flavovittis,MAMMALIA,포유류,LC,0
Paraxerus ochraceus,MAMMALIA,포유류,LC,0
Paraxerus palliatus,MAMMALIA,포유류,LC,0
Paraxerus poensis,MAMMALIA,포유류,LC,0
Paremballonura atrata,MAMMALIA,포유류,LC,0
Paremballonura tiavato,MAMMALIA,포유류,LC,0
Parotomys brantsii,MAMMALIA,포유류,LC,0
Parotomys littledalei,MAMMALIA,포유류,LC,0
Pattonomys semivillosus,MAMMALIA,포유류,LC,0
Pecari tajacu,MAMMALIA,포유류,LC,0
Pectinator spekei,MAMMALIA,포유류,LC,0
Pedetes capensis,MAMMALIA,포유류,LC,0
Pedetes surdaster,MAMMALIA,포유류,LC,0
Pelea capreolus,MAMMALIA,포유류,NT,1
Pelomys campanae,MAMMALIA,포유류,LC,0
Pelomys fallax,MAMMALIA,포유류,LC,0
Pelomys minor,MAMMALIA,포유류,LC,0
Penthetor lucasi,MAMMALIA,포유류,LC,0
Perameles nasuta,MAMMALIA,포유류,LC,0
Perodicticus edwardsi,MAMMALIA,포유류,LC,0
Perodicticus potto,MAMMALIA,포유류,NT,1
Perognathus amplus,MAMMALIA,포유류,LC,0
Perognathus fasciatus,MAMMALIA,포유류,LC,0
Perognathus flavescens,MAMMALIA,포유류,LC,0
Perognathus flavus,MAMMALIA,포유류,LC,0
Perognathus inornatus,MAMMALIA,포유류,LC,0
Perognathus longimembris,MAMMALIA,포유류,LC,0
Perognathus merriami,MAMMALIA,포유류,LC,0
Perognathus parvus,MAMMALIA,포유류,LC,0
Peromyscus attwateri,MAMMALIA,포유류,LC,0
Peromyscus aztecus,MAMMALIA,포유류,LC,0
Peromyscus beatae,MAMMALIA,포유류,LC,0
Peromyscus boylii,MAMMALIA,포유류,LC,0
Peromyscus californicus,MAMMALIA,포유류,LC,0
Peromyscus crinitus,MAMMALIA,포유류,LC,0
Peromyscus difficilis,MAMMALIA,포유류,LC,0
Peromyscus eremicus,MAMMALIA,포유류,LC,0
Peromyscus eva,MAMMALIA,포유류,LC,0
Peromyscus fraterculus,MAMMALIA,포유류,LC,0
Peromyscus gossypinus,MAMMALIA,포유류,LC,0
Peromyscus gratus,MAMMALIA,포유류,LC,0
Peromyscus guatemalensis,MAMMALIA,포유류,LC,0
Peromyscus gymnotis,MAMMALIA,포유류,LC,0
Peromyscus hooperi,MAMMALIA,포유류,LC,0
Peromyscus hylocetes,MAMMALIA,포유류,LC,0
Peromyscus keeni,MAMMALIA,포유류,LC,0
Peromyscus leucopus,MAMMALIA,포유류,LC,0
Peromyscus levipes,MAMMALIA,포유류,LC,0
Peromyscus maniculatus,MAMMALIA,포유류,LC,0
Peromyscus megalops,MAMMALIA,포유류,LC,0
Peromyscus melanophrys,MAMMALIA,포유류,LC,0
Peromyscus melanotis,MAMMALIA,포유류,LC,0
Peromyscus merriami,MAMMALIA,포유류,LC,0
Peromyscus mexicanus,MAMMALIA,포유류,LC,0
Peromyscus nasutus,MAMMALIA,포유류,LC,0
Peromyscus pectoralis,MAMMALIA,포유류,LC,0
Peromyscus perfulvus,MAMMALIA,포유류,LC,0
Peromyscus polionotus,MAMMALIA,포유류,LC,0
Peromyscus schmidlyi,MAMMALIA,포유류,LC,0
Peromyscus spicilegus,MAMMALIA,포유류,LC,0
Peromyscus stirtoni,MAMMALIA,포유류,LC,0
Peromyscus truei,MAMMALIA,포유류,LC,0
Peromyscus yucatanicus,MAMMALIA,포유류,LC,0
Peropteryx kappleri,MAMMALIA,포유류,LC,0
Peropteryx leucoptera,MAMMALIA,포유류,LC,0
Peropteryx macrotis,MAMMALIA,포유류,LC,0
Peroryctes raffrayana,MAMMALIA,포유류,LC,0
Petaurista alborufus,MAMMALIA,포유류,LC,0
Petaurista elegans,MAMMALIA,포유류,LC,0
Petaurista leucogenys,MAMMALIA,포유류,LC,0
Petaurista magnificus,MAMMALIA,포유류,LC,0
Petaurista petaurista,MAMMALIA,포유류,LC,0
Petaurista philippensis,MAMMALIA,포유류,LC,0
Petaurista xanthotis,MAMMALIA,포유류,LC,0
Petaurus biacensis,MAMMALIA,포유류,LC,0
Petaurus breviceps,MAMMALIA,포유류,LC,0
Petaurus norfolcensis,MAMMALIA,포유류,LC,0
Petinomys crinitus,MAMMALIA,포유류,LC,0
Petinomys fuscocapillus,MAMMALIA,포유류,LC,0
Petinomys mindanensis,MAMMALIA,포유류,LC,0
Petrodromus tetradactylus,MAMMALIA,포유류,LC,0
Petrogale assimilis,MAMMALIA,포유류,LC,0
Petrogale brachyotis,MAMMALIA,포유류,LC,0
Petrogale herberti,MAMMALIA,포유류,LC,0
Petrogale inornata,MAMMALIA,포유류,LC,0
Petrogale rothschildi,MAMMALIA,포유류,LC,0
Petromus typicus,MAMMALIA,포유류,LC,0
Petromyscus barbouri,MAMMALIA,포유류,LC,0
Petromyscus collinus,MAMMALIA,포유류,LC,0
Petromyscus monticularis,MAMMALIA,포유류,LC,0
Petromyscus shortridgei,MAMMALIA,포유류,LC,0
Petropseudes dahli,MAMMALIA,포유류,LC,0
Phacochoerus aethiopicus,MAMMALIA,포유류,LC,0
Phacochoerus africanus,MAMMALIA,포유류,LC,0
Phaiomys leucurus,MAMMALIA,포유류,LC,0
Phalanger carmelitae,MAMMALIA,포유류,LC,0
Phalanger gymnotis,MAMMALIA,포유류,LC,0
Phalanger intercastellanus,MAMMALIA,포유류,LC,0
Phalanger mimicus,MAMMALIA,포유류,LC,0
Phalanger orientalis,MAMMALIA,포유류,LC,0
Phalanger ornatus,MAMMALIA,포유류,LC,0
Phalanger rothschildi,MAMMALIA,포유류,LC,0
Phalanger sericeus,MAMMALIA,포유류,LC,0
Phalanger vestitus,MAMMALIA,포유류,LC,0
Phascolosorex doriae,MAMMALIA,포유류,LC,0
Phascolosorex dorsalis,MAMMALIA,포유류,LC,0
Phenacomys intermedius,MAMMALIA,포유류,LC,0
Phenacomys ungava,MAMMALIA,포유류,LC,0
Philander andersoni,MAMMALIA,포유류,LC,0
Philander deltae,MAMMALIA,포유류,LC,0
Philander frenatus,MAMMALIA,포유류,LC,0
Philander mcilhennyi,MAMMALIA,포유류,LC,0
Philander mondolfii,MAMMALIA,포유류,LC,0
Philander opossum,MAMMALIA,포유류,LC,0
Philantomba maxwellii,MAMMALIA,포유류,LC,0
Philantomba monticola,MAMMALIA,포유류,LC,0
Philetor brachypterus,MAMMALIA,포유류,LC,0
Phloeomys pallidus,MAMMALIA,포유류,LC,0
Phoca largha,MAMMALIA,포유류,LC,0
Phocoenoides dalli,MAMMALIA,포유류,LC,0
Phodopus campbelli,MAMMALIA,포유류,LC,0
Phodopus roborovskii,MAMMALIA,포유류,LC,0
Phodopus sungorus,MAMMALIA,포유류,LC,0
Phoniscus jagorii,MAMMALIA,포유류,LC,0
Phylloderma stenops,MAMMALIA,포유류,LC,0
Phyllomys blainvillii,MAMMALIA,포유류,LC,0
Phyllomys dasythrix,MAMMALIA,포유류,LC,0
Phyllomys medius,MAMMALIA,포유류,LC,0
Phyllomys nigrispinus,MAMMALIA,포유류,LC,0
Phyllomys pattoni,MAMMALIA,포유류,LC,0
Phyllonycteris poeyi,MAMMALIA,포유류,LC,0
Phyllops falcatus,MAMMALIA,포유류,LC,0
Phyllostomus discolor,MAMMALIA,포유류,LC,0
Phyllostomus elongatus,MAMMALIA,포유류,LC,0
Phyllostomus hastatus,MAMMALIA,포유류,LC,0
Phyllostomus latifolius,MAMMALIA,포유류,LC,0
Phyllotis amicus,MAMMALIA,포유류,LC,0
Phyllotis andium,MAMMALIA,포유류,LC,0
Phyllotis caprinus,MAMMALIA,포유류,LC,0
Phyllotis darwini,MAMMALIA,포유류,LC,0
Phyllotis gerbillus,MAMMALIA,포유류,LC,0
Phyllotis haggardi,MAMMALIA,포유류,LC,0
Phyllotis limatus,MAMMALIA,포유류,LC,0
Phyllotis magister,MAMMALIA,포유류,LC,0
Phyllotis osilae,MAMMALIA,포유류,LC,0
Phyllotis wolffsohni,MAMMALIA,포유류,LC,0
Phyllotis xanthopygus,MAMMALIA,포유류,LC,0
Pipistrellus abramus,MAMMALIA,포유류,LC,0
Pipistrellus adamsi,MAMMALIA,포유류,LC,0
Pipistrellus angulatus,MAMMALIA,포유류,LC,0
Pipistrellus ceylonicus,MAMMALIA,포유류,LC,0
Pipistrellus collinus,MAMMALIA,포유류,LC,0
Pipistrellus coromandra,MAMMALIA,포유류,LC,0
Pipistrellus crassulus,MAMMALIA,포유류,LC,0
Pipistrellus hesperidus,MAMMALIA,포유류,LC,0
Pipistrellus imbricatus,MAMMALIA,포유류,LC,0
Pipistrellus javanicus,MAMMALIA,포유류,LC,0
Pipistrellus kuhlii,MAMMALIA,포유류,LC,0
Pipistrellus nanulus,MAMMALIA,포유류,LC,0
Pipistrellus nathusii,MAMMALIA,포유류,LC,0
Pipistrellus papuanus,MAMMALIA,포유류,LC,0
Pipistrellus paterculus,MAMMALIA,포유류,LC,0
Pipistrellus pipistrellus,MAMMALIA,포유류,LC,0
Pipistrellus pygmaeus,MAMMALIA,포유류,LC,0
Pipistrellus rusticus,MAMMALIA,포유류,LC,0
Pipistrellus stenopterus,MAMMALIA,포유류,LC,0
Pipistrellus tenuis,MAMMALIA,포유류,LC,0
Pipistrellus wattsi,MAMMALIA,포유류,LC,0
Pipistrellus westralis,MAMMALIA,포유류,LC,0
Pithecia aequatorialis,MAMMALIA,포유류,LC,0
Pithecia chrysocephala,MAMMALIA,포유류,LC,0
Pithecia pithecia,MAMMALIA,포유류,LC,0
Planigale gilesi,MAMMALIA,포유류,LC,0
Planigale ingrami,MAMMALIA,포유류,LC,0
Planigale maculata,MAMMALIA,포유류,LC,0
Planigale novaeguineae,MAMMALIA,포유류,LC,0
Planigale tenuirostris,MAMMALIA,포유류,LC,0
Platymops setiger,MAMMALIA,포유류,LC,0
Platyrrhinus albericoi,MAMMALIA,포유류,LC,0
Platyrrhinus aurarius,MAMMALIA,포유류,LC,0
Platyrrhinus brachycephalus,MAMMALIA,포유류,LC,0
Platyrrhinus dorsalis,MAMMALIA,포유류,LC,0
Platyrrhinus helleri,MAMMALIA,포유류,LC,0
Platyrrhinus infuscus,MAMMALIA,포유류,LC,0
Platyrrhinus lineatus,MAMMALIA,포유류,LC,0
Platyrrhinus masu,MAMMALIA,포유류,LC,0
Platyrrhinus nigellus,MAMMALIA,포유류,LC,0
Platyrrhinus recifinus,MAMMALIA,포유류,LC,0
Platyrrhinus vittatus,MAMMALIA,포유류,LC,0
Plecotus auritus,MAMMALIA,포유류,LC,0
Plecotus austriacus,MAMMALIA,포유류,NT,1
Plecotus kolombatovici,MAMMALIA,포유류,LC,0
Plecotus macrobullaris,MAMMALIA,포유류,NT,1
Plecotus ognevi,MAMMALIA,포유류,LC,0
Plecotus sacrimontis,MAMMALIA,포유류,LC,0
Podogymnura truei,MAMMALIA,포유류,LC,0
Poecilogale albinucha,MAMMALIA,포유류,LC,0
Poelagus marjorita,MAMMALIA,포유류,LC,0
Pogonomelomys brassi,MAMMALIA,포유류,LC,0
Pogonomelomys mayeri,MAMMALIA,포유류,LC,0
Pogonomys loriae,MAMMALIA,포유류,LC,0
Pogonomys macrourus,MAMMALIA,포유류,LC,0
Pogonomys sylvestris,MAMMALIA,포유류,LC,0
Poiana richardsonii,MAMMALIA,포유류,LC,0
Poliocitellus franklinii,MAMMALIA,포유류,LC,0
Potamochoerus larvatus,MAMMALIA,포유류,LC,0
Potamochoerus porcus,MAMMALIA,포유류,LC,0
Potamogale velox,MAMMALIA,포유류,LC,0
Potos flavus,MAMMALIA,포유류,LC,0
Praomys daltoni,MAMMALIA,포유류,LC,0
Praomys delectorum,MAMMALIA,포유류,LC,0
Praomys derooi,MAMMALIA,포유류,LC,0
Praomys jacksoni,MAMMALIA,포유류,LC,0
Praomys lukolelae,MAMMALIA,포유류,LC,0
Praomys minor,MAMMALIA,포유류,LC,0
Praomys misonnei,MAMMALIA,포유류,LC,0
Praomys petteri,MAMMALIA,포유류,LC,0
Praomys rostratus,MAMMALIA,포유류,LC,0
Praomys tullbergi,MAMMALIA,포유류,LC,0
Prionodon linsang,MAMMALIA,포유류,LC,0
Prionodon pardicolor,MAMMALIA,포유류,LC,0
Procapra gutturosa,MAMMALIA,포유류,LC,0
Procavia capensis,MAMMALIA,포유류,LC,0
Procyon cancrivorus,MAMMALIA,포유류,LC,0
Proechimys brevicauda,MAMMALIA,포유류,LC,0
Proechimys canicollis,MAMMALIA,포유류,LC,0
Proechimys cuvieri,MAMMALIA,포유류,LC,0
Proechimys echinothrix,MAMMALIA,포유류,LC,0
Proechimys goeldii,MAMMALIA,포유류,LC,0
Proechimys guairae,MAMMALIA,포유류,LC,0
Proechimys guyannensis,MAMMALIA,포유류,LC,0
Proechimys longicaudatus,MAMMALIA,포유류,LC,0
Proechimys pattoni,MAMMALIA,포유류,LC,0
Proechimys quadruplicatus,MAMMALIA,포유류,LC,0
Proechimys roberti,MAMMALIA,포유류,LC,0
Proechimys semispinosus,MAMMALIA,포유류,LC,0
Proechimys simonsi,MAMMALIA,포유류,LC,0
Proechimys steerei,MAMMALIA,포유류,LC,0
Promops centralis,MAMMALIA,포유류,LC,0
Promops nasutus,MAMMALIA,포유류,LC,0
Pronolagus crassicaudatus,MAMMALIA,포유류,LC,0
Pronolagus randensis,MAMMALIA,포유류,LC,0
Pronolagus rupestris,MAMMALIA,포유류,LC,0
Pronolagus saundersiae,MAMMALIA,포유류,LC,0
Protochromys fellowsi,MAMMALIA,포유류,LC,0
Protoxerus stangeri,MAMMALIA,포유류,LC,0
Psammomys obesus,MAMMALIA,포유류,LC,0
Pseudantechinus bilarni,MAMMALIA,포유류,NT,1
Pseudantechinus macdonnellensis,MAMMALIA,포유류,LC,0
Pseudantechinus ningbing,MAMMALIA,포유류,LC,0
Pseudantechinus roryi,MAMMALIA,포유류,LC,0
Pseudantechinus woolleyae,MAMMALIA,포유류,LC,0
Pseudocheirus peregrinus,MAMMALIA,포유류,LC,0
Pseudochirops archeri,MAMMALIA,포유류,NT,1
Pseudochirops cupreus,MAMMALIA,포유류,LC,0
Pseudochirulus canescens,MAMMALIA,포유류,LC,0
Pseudochirulus caroli,MAMMALIA,포유류,LC,0
Pseudochirulus forbesi,MAMMALIA,포유류,LC,0
Pseudochirulus herbertensis,MAMMALIA,포유류,LC,0
Pseudochirulus larvatus,MAMMALIA,포유류,LC,0
Pseudochirulus mayeri,MAMMALIA,포유류,LC,0
Pseudohydromys berniceae,MAMMALIA,포유류,LC,0
Pseudohydromys ellermani,MAMMALIA,포유류,LC,0
Pseudohydromys fuscus,MAMMALIA,포유류,LC,0
Pseudohydromys murinus,MAMMALIA,포유류,LC,0
Pseudomys albocinereus,MAMMALIA,포유류,LC,0
Pseudomys apodemoides,MAMMALIA,포유류,LC,0
Pseudomys bolami,MAMMALIA,포유류,LC,0
Pseudomys chapmani,MAMMALIA,포유류,LC,0
Pseudomys delicatulus,MAMMALIA,포유류,LC,0
Pseudomys desertor,MAMMALIA,포유류,LC,0
Pseudomys gracilicaudatus,MAMMALIA,포유류,LC,0
Pseudomys hermannsburgensis,MAMMALIA,포유류,LC,0
Pseudomys higginsi,MAMMALIA,포유류,LC,0
Pseudomys johnsoni,MAMMALIA,포유류,LC,0
Pseudomys nanus,MAMMALIA,포유류,LC,0
Pseudomys occidentalis,MAMMALIA,포유류,NT,1
Pseudomys patrius,MAMMALIA,포유류,LC,0
Pseudoryzomys simplex,MAMMALIA,포유류,LC,0
Ptenochirus minor,MAMMALIA,포유류,LC,0
Pteromys momonga,MAMMALIA,포유류,LC,0
Pteromys volans,MAMMALIA,포유류,NT,1
Pteronotus davyi,MAMMALIA,포유류,LC,0
Pteronotus gymnonotus,MAMMALIA,포유류,LC,0
Pteronotus macleayii,MAMMALIA,포유류,LC,0
Pteronotus mesoamericanus,MAMMALIA,포유류,LC,0
Pteronotus parnellii,MAMMALIA,포유류,LC,0
Pteronotus personatus,MAMMALIA,포유류,LC,0
Pteronotus quadridens,MAMMALIA,포유류,LC,0
Pteronotus rubiginosus,MAMMALIA,포유류,LC,0
Pteropus admiralitatum,MAMMALIA,포유류,LC,0
Pteropus alecto,MAMMALIA,포유류,LC,0
Pteropus hypomelanus,MAMMALIA,포유류,NT,1
Pteropus macrotis,MAMMALIA,포유류,LC,0
Pteropus neohibernicus,MAMMALIA,포유류,LC,0
Pteropus personatus,MAMMALIA,포유류,LC,0
Pteropus scapulatus,MAMMALIA,포유류,LC,0
Pteropus seychellensis,MAMMALIA,포유류,LC,0
Pteropus tonganus,MAMMALIA,포유류,LC,0
Ptilocercus lowii,MAMMALIA,포유류,LC,0
Puma concolor,MAMMALIA,포유류,LC,0
Pusa sibirica,MAMMALIA,포유류,LC,0
Pygeretmus platyurus,MAMMALIA,포유류,LC,0
Pygeretmus pumilio,MAMMALIA,포유류,LC,0
Pygoderma bilabiatum,MAMMALIA,포유류,LC,0
Raphicerus campestris,MAMMALIA,포유류,LC,0
Raphicerus melanotis,MAMMALIA,포유류,LC,0
Raphicerus sharpei,MAMMALIA,포유류,LC,0
Rattus andamanensis,MAMMALIA,포유류,LC,0
Rattus annandalei,MAMMALIA,포유류,LC,0
Rattus argentiventer,MAMMALIA,포유류,LC,0
Rattus arrogans,MAMMALIA,포유류,LC,0
Rattus baluensis,MAMMALIA,포유류,LC,0
Rattus colletti,MAMMALIA,포유류,LC,0
Rattus everetti,MAMMALIA,포유류,LC,0
Rattus exulans,MAMMALIA,포유류,LC,0
Rattus fuscipes,MAMMALIA,포유류,LC,0
Rattus giluwensis,MAMMALIA,포유류,LC,0
Rattus hoffmanni,MAMMALIA,포유류,LC,0
Rattus leucopus,MAMMALIA,포유류,LC,0
Rattus losea,MAMMALIA,포유류,LC,0
Rattus lutreolus,MAMMALIA,포유류,LC,0
Rattus marmosurus,MAMMALIA,포유류,LC,0
Rattus mordax,MAMMALIA,포유류,LC,0
Rattus morotaiensis,MAMMALIA,포유류,LC,0
Rattus niobe,MAMMALIA,포유류,LC,0
Rattus nitidus,MAMMALIA,포유류,LC,0
Rattus norvegicus,MAMMALIA,포유류,LC,0
Rattus novaeguineae,MAMMALIA,포유류,LC,0
Rattus osgoodi,MAMMALIA,포유류,LC,0
Rattus pococki,MAMMALIA,포유류,LC,0
Rattus praetor,MAMMALIA,포유류,LC,0
Rattus pyctoris,MAMMALIA,포유류,LC,0
Rattus rattus,MAMMALIA,포유류,LC,0
Rattus sordidus,MAMMALIA,포유류,LC,0
Rattus steini,MAMMALIA,포유류,LC,0
Rattus tanezumi,MAMMALIA,포유류,LC,0
Rattus tiomanicus,MAMMALIA,포유류,LC,0
Rattus tunneyi,MAMMALIA,포유류,LC,0
Rattus verecundus,MAMMALIA,포유류,LC,0
Rattus villosissimus,MAMMALIA,포유류,LC,0
Ratufa indica,MAMMALIA,포유류,LC,0
Redunca arundinum,MAMMALIA,포유류,LC,0
Redunca redunca,MAMMALIA,포유류,LC,0
Reithrodon auritus,MAMMALIA,포유류,LC,0
Reithrodon typicus,MAMMALIA,포유류,LC,0
Reithrodontomys brevirostris,MAMMALIA,포유류,LC,0
Reithrodontomys chrysopsis,MAMMALIA,포유류,LC,0
Reithrodontomys creper,MAMMALIA,포유류,LC,0
Reithrodontomys darienensis,MAMMALIA,포유류,LC,0
Reithrodontomys fulvescens,MAMMALIA,포유류,LC,0
Reithrodontomys gracilis,MAMMALIA,포유류,LC,0
Reithrodontomys humulis,MAMMALIA,포유류,LC,0
Reithrodontomys megalotis,MAMMALIA,포유류,LC,0
Reithrodontomys mexicanus,MAMMALIA,포유류,LC,0
Reithrodontomys microdon,MAMMALIA,포유류,LC,0
Reithrodontomys montanus,MAMMALIA,포유류,LC,0
Reithrodontomys rodriguezi,MAMMALIA,포유류,LC,0
Reithrodontomys sumichrasti,MAMMALIA,포유류,LC,0
Reithrodontomys zacatecae,MAMMALIA,포유류,LC,0
Rhabdomys pumilio,MAMMALIA,포유류,LC,0
Rhagomys longilingua,MAMMALIA,포유류,LC,0
Rheomys raptor,MAMMALIA,포유류,LC,0
Rheomys underwoodi,MAMMALIA,포유류,LC,0
Rhinolophus acuminatus,MAMMALIA,포유류,LC,0
Rhinolophus affinis,MAMMALIA,포유류,LC,0
Rhinolophus alcyone,MAMMALIA,포유류,LC,0
Rhinolophus beddomei,MAMMALIA,포유류,LC,0
Rhinolophus blasii,MAMMALIA,포유류,VU,2
Rhinolophus bocharicus,MAMMALIA,포유류,LC,0
Rhinolophus borneensis,MAMMALIA,포유류,LC,0
Rhinolophus capensis,MAMMALIA,포유류,LC,0
Rhinolophus celebensis,MAMMALIA,포유류,LC,0
Rhinolophus clivosus,MAMMALIA,포유류,LC,0
Rhinolophus coelophyllus,MAMMALIA,포유류,LC,0
Rhinolophus creaghi,MAMMALIA,포유류,LC,0
Rhinolophus darlingi,MAMMALIA,포유류,LC,0
Rhinolophus denti,MAMMALIA,포유류,LC,0
Rhinolophus eloquens,MAMMALIA,포유류,LC,0
Rhinolophus euryotis,MAMMALIA,포유류,LC,0
Rhinolophus ferrumequinum,MAMMALIA,포유류,LC,0
Rhinolophus fumigatus,MAMMALIA,포유류,LC,0
Rhinolophus hildebrandtii,MAMMALIA,포유류,LC,0
Rhinolophus hipposideros,MAMMALIA,포유류,LC,0
Rhinolophus inops,MAMMALIA,포유류,LC,0
Rhinolophus landeri,MAMMALIA,포유류,LC,0
Rhinolophus lepidus,MAMMALIA,포유류,LC,0
Rhinolophus luctus,MAMMALIA,포유류,LC,0
Rhinolophus macrotis,MAMMALIA,포유류,LC,0
Rhinolophus malayanus,MAMMALIA,포유류,LC,0
Rhinolophus marshalli,MAMMALIA,포유류,LC,0
Rhinolophus megaphyllus,MAMMALIA,포유류,LC,0
Rhinolophus paradoxolophus,MAMMALIA,포유류,LC,0
Rhinolophus pearsonii,MAMMALIA,포유류,LC,0
Rhinolophus philippinensis,MAMMALIA,포유류,LC,0
Rhinolophus pusillus,MAMMALIA,포유류,LC,0
Rhinolophus rouxii,MAMMALIA,포유류,LC,0
Rhinolophus shameli,MAMMALIA,포유류,LC,0
Rhinolophus siamensis,MAMMALIA,포유류,LC,0
Rhinolophus simulator,MAMMALIA,포유류,LC,0
Rhinolophus sinicus,MAMMALIA,포유류,LC,0
Rhinolophus stheno,MAMMALIA,포유류,LC,0
Rhinolophus subbadius,MAMMALIA,포유류,LC,0
Rhinolophus swinnyi,MAMMALIA,포유류,LC,0
Rhinolophus thomasi,MAMMALIA,포유류,LC,0
Rhinolophus trifoliatus,MAMMALIA,포유류,NT,1
Rhinolophus virgo,MAMMALIA,포유류,LC,0
Rhinolophus yunanensis,MAMMALIA,포유류,LC,0
Rhinonicteris aurantia,MAMMALIA,포유류,LC,0
Rhinophylla fischerae,MAMMALIA,포유류,LC,0
Rhinophylla pumilio,MAMMALIA,포유류,LC,0
Rhinopoma hardwickii,MAMMALIA,포유류,LC,0
Rhinopoma microphyllum,MAMMALIA,포유류,LC,0
Rhinopoma muscatellum,MAMMALIA,포유류,LC,0
Rhipidomys austrinus,MAMMALIA,포유류,LC,0
Rhipidomys couesi,MAMMALIA,포유류,LC,0
Rhipidomys emiliae,MAMMALIA,포유류,LC,0
Rhipidomys fulviventer,MAMMALIA,포유류,LC,0
Rhipidomys gardneri,MAMMALIA,포유류,LC,0
Rhipidomys latimanus,MAMMALIA,포유류,LC,0
Rhipidomys leucodactylus,MAMMALIA,포유류,LC,0
Rhipidomys macconnelli,MAMMALIA,포유류,LC,0
Rhipidomys macrurus,MAMMALIA,포유류,LC,0
Rhipidomys mastacalis,MAMMALIA,포유류,LC,0
Rhipidomys modicus,MAMMALIA,포유류,LC,0
Rhipidomys nitela,MAMMALIA,포유류,LC,0
Rhipidomys venezuelae,MAMMALIA,포유류,LC,0
Rhipidomys venustus,MAMMALIA,포유류,LC,0
Rhipidomys wetzeli,MAMMALIA,포유류,LC,0
Rhizomys pruinosus,MAMMALIA,포유류,LC,0
Rhizomys sinensis,MAMMALIA,포유류,LC,0
Rhizomys sumatrensis,MAMMALIA,포유류,LC,0
Rhogeessa aeneus,MAMMALIA,포유류,LC,0
Rhogeessa io,MAMMALIA,포유류,LC,0
Rhogeessa parvula,MAMMALIA,포유류,LC,0
Rhogeessa tumida,MAMMALIA,포유류,LC,0
Rhombomys opimus,MAMMALIA,포유류,LC,0
Rhynchocyon petersi,MAMMALIA,포유류,LC,0
Rhynchogale melleri,MAMMALIA,포유류,LC,0
Rhynchomys banahao,MAMMALIA,포유류,LC,0
Rhynchonycteris naso,MAMMALIA,포유류,LC,0
Rousettus aegyptiacus,MAMMALIA,포유류,CR,4
Rousettus amplexicaudatus,MAMMALIA,포유류,LC,0
Rousettus leschenaultii,MAMMALIA,포유류,NT,1
Rupicapra pyrenaica,MAMMALIA,포유류,LC,0
Rupicapra rupicapra,MAMMALIA,포유류,LC,0
Saccolaimus flaviventris,MAMMALIA,포유류,LC,0
Saccolaimus peli,MAMMALIA,포유류,LC,0
Saccolaimus saccolaimus,MAMMALIA,포유류,LC,0
Saccopteryx bilineata,MAMMALIA,포유류,LC,0
Saccopteryx canescens,MAMMALIA,포유류,LC,0
Saccopteryx leptura,MAMMALIA,포유류,LC,0
Saccostomus campestris,MAMMALIA,포유류,LC,0
Saccostomus mearnsi,MAMMALIA,포유류,LC,0
Saguinus martinsi,MAMMALIA,포유류,NT,1
Saguinus midas,MAMMALIA,포유류,LC,0
Saguinus mystax,MAMMALIA,포유류,LC,0
Saimiri boliviensis,MAMMALIA,포유류,LC,0
Saimiri sciureus,MAMMALIA,포유류,LC,0
Salpingotus crassicauda,MAMMALIA,포유류,LC,0
Salpingotus kozlovi,MAMMALIA,포유류,LC,0
Sapajus libidinosus,MAMMALIA,포유류,NT,1
Sauromys petrophilus,MAMMALIA,포유류,LC,0
Scalopus aquaticus,MAMMALIA,포유류,LC,0
Scapanulus oweni,MAMMALIA,포유류,LC,0
Scapanus latimanus,MAMMALIA,포유류,LC,0
Scapanus orarius,MAMMALIA,포유류,LC,0
Scapanus townsendii,MAMMALIA,포유류,LC,0
Scapteromys aquaticus,MAMMALIA,포유류,LC,0
Scapteromys tumidus,MAMMALIA,포유류,LC,0
Scaptochirus moschatus,MAMMALIA,포유류,LC,0
Scaptonyx fusicaudus,MAMMALIA,포유류,LC,0
Sciurocheirus alleni,MAMMALIA,포유류,NT,1
Sciurocheirus gabonensis,MAMMALIA,포유류,LC,0
Sciurotamias davidianus,MAMMALIA,포유류,LC,0
Sciurotamias forresti,MAMMALIA,포유류,LC,0
Sciurus aberti,MAMMALIA,포유류,LC,0
Sciurus aestuans,MAMMALIA,포유류,LC,0
Sciurus alleni,MAMMALIA,포유류,LC,0
Sciurus aureogaster,MAMMALIA,포유류,LC,0
Sciurus colliaei,MAMMALIA,포유류,LC,0
Sciurus deppei,MAMMALIA,포유류,LC,0
Sciurus granatensis,MAMMALIA,포유류,LC,0
Sciurus griseus,MAMMALIA,포유류,LC,0
Sciurus igniventris,MAMMALIA,포유류,LC,0
Sciurus lis,MAMMALIA,포유류,LC,0
Sciurus nayaritensis,MAMMALIA,포유류,LC,0
Sciurus niger,MAMMALIA,포유류,LC,0
Sciurus oculatus,MAMMALIA,포유류,LC,0
Sciurus spadiceus,MAMMALIA,포유류,LC,0
Sciurus stramineus,MAMMALIA,포유류,LC,0
Sciurus variegatoides,MAMMALIA,포유류,LC,0
Sciurus vulgaris,MAMMALIA,포유류,LC,0
Sciurus yucatanensis,MAMMALIA,포유류,LC,0
Scolomys melanops,MAMMALIA,포유류,LC,0
Scolomys ucayalensis,MAMMALIA,포유류,LC,0
Scoteanax rueppellii,MAMMALIA,포유류,LC,0
Scotinomys teguina,MAMMALIA,포유류,LC,0
Scotinomys xerampelinus,MAMMALIA,포유류,LC,0
Scotoecus hirundo,MAMMALIA,포유류,LC,0
Scotoecus pallidus,MAMMALIA,포유류,LC,0
Scotomanes ornatus,MAMMALIA,포유류,LC,0
Scotonycteris zenkeri,MAMMALIA,포유류,NT,1
Scotophilus collinus,MAMMALIA,포유류,LC,0
Scotophilus dinganii,MAMMALIA,포유류,LC,0
Scotophilus heathii,MAMMALIA,포유류,LC,0
Scotophilus kuhlii,MAMMALIA,포유류,LC,0
Scotophilus leucogaster,MAMMALIA,포유류,LC,0
Scotophilus marovaza,MAMMALIA,포유류,LC,0
Scotophilus nigrita,MAMMALIA,포유류,LC,0
Scotophilus nux,MAMMALIA,포유류,LC,0
Scotophilus robustus,MAMMALIA,포유류,LC,0
Scotophilus viridis,MAMMALIA,포유류,LC,0
Scotorepens balstoni,MAMMALIA,포유류,LC,0
Scotorepens greyii,MAMMALIA,포유류,LC,0
Scotorepens orion,MAMMALIA,포유류,LC,0
Scotorepens sanborni,MAMMALIA,포유류,LC,0
Scotozous dormeri,MAMMALIA,포유류,LC,0
Scutisorex somereni,MAMMALIA,포유류,LC,0
Sekeetamys calurus,MAMMALIA,포유류,LC,0
Semnopithecus entellus,MAMMALIA,포유류,LC,0
Semnopithecus schistaceus,MAMMALIA,포유류,LC,0
Setifer setosus,MAMMALIA,포유류,LC,0
Sicista betulina,MAMMALIA,포유류,LC,0
Sicista concolor,MAMMALIA,포유류,LC,0
Sicista napaea,MAMMALIA,포유류,LC,0
Sicista severtzovi,MAMMALIA,포유류,CR,4
Sicista strandi,MAMMALIA,포유류,LC,0
Sicista subtilis,MAMMALIA,포유류,LC,0
Sigmodon alstoni,MAMMALIA,포유류,LC,0
Sigmodon arizonae,MAMMALIA,포유류,LC,0
Sigmodon fulviventer,MAMMALIA,포유류,LC,0
Sigmodon hirsutus,MAMMALIA,포유류,LC,0
Sigmodon hispidus,MAMMALIA,포유류,LC,0
Sigmodon leucotis,MAMMALIA,포유류,LC,0
Sigmodon mascotensis,MAMMALIA,포유류,LC,0
Sigmodon ochrognathus,MAMMALIA,포유류,LC,0
Sigmodon peruanus,MAMMALIA,포유류,LC,0
Sigmodon toltecus,MAMMALIA,포유류,LC,0
Sigmodontomys alfari,MAMMALIA,포유류,LC,0
Sminthopsis crassicaudata,MAMMALIA,포유류,LC,0
Sminthopsis dolichura,MAMMALIA,포유류,LC,0
Sminthopsis gilberti,MAMMALIA,포유류,LC,0
Sminthopsis granulipes,MAMMALIA,포유류,LC,0
Sminthopsis hirtipes,MAMMALIA,포유류,LC,0
Sminthopsis leucopus,MAMMALIA,포유류,LC,0
Sminthopsis macroura,MAMMALIA,포유류,LC,0
Sminthopsis murina,MAMMALIA,포유류,LC,0
Sminthopsis ooldea,MAMMALIA,포유류,LC,0
Sminthopsis virginiae,MAMMALIA,포유류,LC,0
Sminthopsis youngsoni,MAMMALIA,포유류,LC,0
Sooretamys angouya,MAMMALIA,포유류,LC,0
Sorex araneus,MAMMALIA,포유류,LC,0
Sorex arcticus,MAMMALIA,포유류,LC,0
Sorex arizonae,MAMMALIA,포유류,LC,0
Sorex asper,MAMMALIA,포유류,LC,0
Sorex bairdi,MAMMALIA,포유류,LC,0
Sorex bedfordiae,MAMMALIA,포유류,LC,0
Sorex bendirii,MAMMALIA,포유류,LC,0
Sorex caecutiens,MAMMALIA,포유류,LC,0
Sorex camtschatica,MAMMALIA,포유류,LC,0
Sorex cinereus,MAMMALIA,포유류,LC,0
Sorex coronatus,MAMMALIA,포유류,LC,0
Sorex cylindricauda,MAMMALIA,포유류,LC,0
Sorex daphaenodon,MAMMALIA,포유류,LC,0
Sorex dispar,MAMMALIA,포유류,LC,0
Sorex emarginatus,MAMMALIA,포유류,LC,0
Sorex excelsus,MAMMALIA,포유류,LC,0
Sorex fumeus,MAMMALIA,포유류,LC,0
Sorex gracillimus,MAMMALIA,포유류,LC,0
Sorex granarius,MAMMALIA,포유류,LC,0
Sorex haydeni,MAMMALIA,포유류,LC,0
Sorex hosonoi,MAMMALIA,포유류,LC,0
Sorex hoyi,MAMMALIA,포유류,LC,0
Sorex isodon,MAMMALIA,포유류,LC,0
Sorex jacksoni,MAMMALIA,포유류,LC,0
Sorex longirostris,MAMMALIA,포유류,LC,0
Sorex lyelli,MAMMALIA,포유류,LC,0
Sorex maritimensis,MAMMALIA,포유류,LC,0
Sorex mediopua,MAMMALIA,포유류,LC,0
Sorex merriami,MAMMALIA,포유류,LC,0
Sorex minutissimus,MAMMALIA,포유류,LC,0
Sorex minutus,MAMMALIA,포유류,LC,0
Sorex nanus,MAMMALIA,포유류,LC,0
Sorex oreopolus,MAMMALIA,포유류,LC,0
Sorex orizabae,MAMMALIA,포유류,LC,0
Sorex ornatus,MAMMALIA,포유류,LC,0
Sorex pacificus,MAMMALIA,포유류,LC,0
Sorex palustris,MAMMALIA,포유류,LC,0
Sorex planiceps,MAMMALIA,포유류,LC,0
Sorex preblei,MAMMALIA,포유류,LC,0
Sorex raddei,MAMMALIA,포유류,LC,0
Sorex roboratus,MAMMALIA,포유류,LC,0
Sorex rohweri,MAMMALIA,포유류,LC,0
Sorex samniticus,MAMMALIA,포유류,LC,0
Sorex satunini,MAMMALIA,포유류,LC,0
Sorex saussurei,MAMMALIA,포유류,LC,0
Sorex shinto,MAMMALIA,포유류,LC,0
Sorex sonomae,MAMMALIA,포유류,LC,0
Sorex tenellus,MAMMALIA,포유류,LC,0
Sorex trowbridgii,MAMMALIA,포유류,LC,0
Sorex tundrensis,MAMMALIA,포유류,LC,0
Sorex ugyunak,MAMMALIA,포유류,LC,0
Sorex unguiculatus,MAMMALIA,포유류,LC,0
Sorex vagrans,MAMMALIA,포유류,LC,0
Sorex ventralis,MAMMALIA,포유류,LC,0
Sorex veraecrucis,MAMMALIA,포유류,LC,0
Sorex veraepacis,MAMMALIA,포유류,LC,0
Sorex yukonicus,MAMMALIA,포유류,LC,0
Soricomys kalinga,MAMMALIA,포유류,LC,0
Soricomys musseri,MAMMALIA,포유류,LC,0
Soriculus nigrescens,MAMMALIA,포유류,LC,0
Spalacopus cyanus,MAMMALIA,포유류,LC,0
Spalax microphthalmus,MAMMALIA,포유류,LC,0
Spermophilopsis leptodactylus,MAMMALIA,포유류,LC,0
Spermophilus alashanicus,MAMMALIA,포유류,LC,0
Spermophilus brevicauda,MAMMALIA,포유류,LC,0
Spermophilus dauricus,MAMMALIA,포유류,LC,0
Spermophilus erythrogenys,MAMMALIA,포유류,LC,0
Spermophilus fulvus,MAMMALIA,포유류,LC,0
Spermophilus major,MAMMALIA,포유류,NT,1
Spermophilus pallidicauda,MAMMALIA,포유류,LC,0
Spermophilus pygmaeus,MAMMALIA,포유류,CR,4
Spermophilus ralli,MAMMALIA,포유류,LC,0
Spermophilus relictus,MAMMALIA,포유류,LC,0
Spermophilus taurensis,MAMMALIA,포유류,LC,0
Sphaerias blanfordi,MAMMALIA,포유류,LC,0
Spilocuscus maculatus,MAMMALIA,포유류,LC,0
Spilogale angustifrons,MAMMALIA,포유류,LC,0
Spilogale gracilis,MAMMALIA,포유류,LC,0
Steatomys bocagei,MAMMALIA,포유류,LC,0
Steatomys caurinus,MAMMALIA,포유류,LC,0
Steatomys cuppedius,MAMMALIA,포유류,LC,0
Steatomys krebsii,MAMMALIA,포유류,LC,0
Steatomys opimus,MAMMALIA,포유류,LC,0
Steatomys parvus,MAMMALIA,포유류,LC,0
Steatomys pratensis,MAMMALIA,포유류,LC,0
Stenella attenuata,MAMMALIA,포유류,LC,0
Stenella coeruleoalba,MAMMALIA,포유류,LC,0
